{
"type": "FeatureCollection",
"name": "coverage_grid",
"crs": { "type": "name", "properties": { "name": "urn:ogc:def:crs:OGC:1.3:CRS84" } },
"features": [
{ "type": "Feature", "properties": { "cell_id": 0, "nearest_bravo_km": 3.6428248440649433, "bravo_count_1_5km": 0, "nearest_competitor_km": 0.87212722398106568, "competitor_count_1_5km": 2, "nearest_transit_km": 1.9691555581214641, "transit_count_1km": 0, "coverage_gap_score": 0.93394508408952803, "coverage_gap_rank": 2, "centre_latitude": 40.306480960898206, "centre_longitude": 49.770268961969691 }, "geometry": { "type": "Polygon", "coordinates": [ [ [ 49.776232853930871, 40.302039714346975 ], [ 49.776070264020909, 40.311046978952902 ], [ 49.76430428897995, 40.310921884966042 ], [ 49.764468440947034, 40.301914659958257 ], [ 49.776232853930871, 40.302039714346975 ] ] ] } },
{ "type": "Feature", "properties": { "cell_id": 1, "nearest_bravo_km": 3.2603355764084112, "bravo_count_1_5km": 0, "nearest_competitor_km": 0.68878682558770965, "competitor_count_1_5km": 3, "nearest_transit_km": 1.0484477936812808, "transit_count_1km": 0, "coverage_gap_score": 0.86702095999652951, "coverage_gap_rank": 6, "centre_latitude": 40.315488198443333, "centre_longitude": 49.770105554182557 }, "geometry": { "type": "Polygon", "coordinates": [ [ [ 49.776070264020909, 40.311046978952902 ], [ 49.775907600765848, 40.320054228945651 ], [ 49.764140062963506, 40.319929095350282 ], [ 49.76430428897995, 40.310921884966042 ], [ 49.776070264020909, 40.311046978952902 ] ] ] } },
{ "type": "Feature", "properties": { "cell_id": 2, "nearest_bravo_km": 3.1606017302172003, "bravo_count_1_5km": 0, "nearest_competitor_km": 0.31519818065170557, "competitor_count_1_5km": 4, "nearest_transit_km": 0.25895597172326335, "transit_count_1km": 3, "coverage_gap_score": 0.84957053494364598, "coverage_gap_rank": 8, "centre_latitude": 40.324495421369591, "centre_longitude": 49.769942072679505 }, "geometry": { "type": "Polygon", "coordinates": [ [ [ 49.775907600765848, 40.320054228945651 ], [ 49.775744864128505, 40.329061464324205 ], [ 49.763975762860156, 40.328936291109926 ], [ 49.764140062963506, 40.319929095350282 ], [ 49.775907600765848, 40.320054228945651 ] ] ] } },
{ "type": "Feature", "properties": { "cell_id": 3, "nearest_bravo_km": 4.0203463544936975, "bravo_count_1_5km": 0, "nearest_competitor_km": 0.20111287071529735, "competitor_count_1_5km": 4, "nearest_transit_km": 2.0948421427322659, "transit_count_1km": 0, "coverage_gap_score": 1.0, "coverage_gap_rank": 1, "centre_latitude": 40.306605437022249, "centre_longitude": 49.782034192645341 }, "geometry": { "type": "Polygon", "coordinates": [ [ [ 49.787997340222638, 40.302163572794626 ], [ 49.787836312406952, 40.311170876620139 ], [ 49.776070264020909, 40.311046978952902 ], [ 49.776232853930871, 40.302039714346975 ], [ 49.787997340222638, 40.302163572794626 ] ] ] } },
{ "type": "Feature", "properties": { "cell_id": 4, "nearest_bravo_km": 3.4779416145310367, "bravo_count_1_5km": 0, "nearest_competitor_km": 0.51250240002826863, "competitor_count_1_5km": 4, "nearest_transit_km": 1.0949690890905754, "transit_count_1km": 0, "coverage_gap_score": 0.90509547536249202, "coverage_gap_rank": 3, "centre_latitude": 40.315612713981409, "centre_longitude": 49.78187234728604 }, "geometry": { "type": "Polygon", "coordinates": [ [ [ 49.787836312406952, 40.311170876620139 ], [ 49.787675211950464, 40.320178165842762 ], [ 49.775907600765848, 40.320054228945651 ], [ 49.776070264020909, 40.311046978952902 ], [ 49.787836312406952, 40.311170876620139 ] ] ] } },
{ "type": "Feature", "properties": { "cell_id": 5, "nearest_bravo_km": 3.1668550547953309, "bravo_count_1_5km": 0, "nearest_competitor_km": 0.30137149614519992, "competitor_count_1_5km": 4, "nearest_transit_km": 0.097729264606755531, "transit_count_1km": 3, "coverage_gap_score": 0.85066467876792817, "coverage_gap_rank": 7, "centre_latitude": 40.324619976332023, "centre_longitude": 49.781710428915289 }, "geometry": { "type": "Polygon", "coordinates": [ [ [ 49.787675211950464, 40.320178165842762 ], [ 49.787514038816347, 40.329185440461472 ], [ 49.775744864128505, 40.329061464324205 ], [ 49.775907600765848, 40.320054228945651 ], [ 49.787675211950464, 40.320178165842762 ] ] ] } },
{ "type": "Feature", "properties": { "cell_id": 6, "nearest_bravo_km": 3.1562420696262712, "bravo_count_1_5km": 0, "nearest_competitor_km": 0.49252670344594063, "competitor_count_1_5km": 2, "nearest_transit_km": 0.68200109985575308, "transit_count_1km": 3, "coverage_gap_score": 0.8488077253929931, "coverage_gap_rank": 9, "centre_latitude": 40.333627224073119, "centre_longitude": 49.78154843749607 }, "geometry": { "type": "Polygon", "coordinates": [ [ [ 49.787514038816347, 40.329185440461472 ], [ 49.787352792967738, 40.338192700475297 ], [ 49.775582054071677, 40.338068685087549 ], [ 49.775744864128505, 40.329061464324205 ], [ 49.787514038816347, 40.329185440461472 ] ] ] } },
{ "type": "Feature", "properties": { "cell_id": 7, "nearest_bravo_km": 3.270367598432605, "bravo_count_1_5km": 0, "nearest_competitor_km": 1.4924887408165095, "competitor_count_1_5km": 1, "nearest_transit_km": 0.84923448298029336, "transit_count_1km": 1, "coverage_gap_score": 0.86877626228504701, "coverage_gap_rank": 5, "centre_latitude": 40.342634457203651, "centre_longitude": 49.781386372991321 }, "geometry": { "type": "Polygon", "coordinates": [ [ [ 49.787352792967738, 40.338192700475297 ], [ 49.787191474367766, 40.347199945883183 ], [ 49.775419170558102, 40.347075891234674 ], [ 49.775582054071677, 40.338068685087549 ], [ 49.787352792967738, 40.338192700475297 ] ] ] } },
{ "type": "Feature", "properties": { "cell_id": 8, "nearest_bravo_km": 3.3045446311546325, "bravo_count_1_5km": 0, "nearest_competitor_km": 0.225574308032856, "competitor_count_1_5km": 3, "nearest_transit_km": 2.3316574223791733, "transit_count_1km": 0, "coverage_gap_score": 0.87475621563911954, "coverage_gap_rank": 4, "centre_latitude": 40.306728717005107, "centre_longitude": 49.793799496295449 }, "geometry": { "type": "Polygon", "coordinates": [ [ [ 49.799761899118401, 40.302286235279546 ], [ 49.79960243343379, 40.311293577946074 ], [ 49.787836312406952, 40.311170876620139 ], [ 49.787997340222638, 40.302163572794626 ], [ 49.799761899118401, 40.302286235279546 ] ] ] } },
{ "type": "Feature", "properties": { "cell_id": 9, "nearest_bravo_km": 2.617806005663692, "bravo_count_1_5km": 0, "nearest_competitor_km": 1.0334020434340436, "competitor_count_1_5km": 5, "nearest_transit_km": 1.4990730597381243, "transit_count_1km": 0, "coverage_gap_score": 0.75459759975585883, "coverage_gap_rank": 13, "centre_latitude": 40.315736032999681, "centre_longitude": 49.793639213400979 }, "geometry": { "type": "Polygon", "coordinates": [ [ [ 49.79960243343379, 40.311293577946074 ], [ 49.799442895812703, 40.320300906019902 ], [ 49.787675211950464, 40.320178165842762 ], [ 49.787836312406952, 40.311170876620139 ], [ 49.79960243343379, 40.311293577946074 ] ] ] } },
{ "type": "Feature", "properties": { "cell_id": 10, "nearest_bravo_km": 2.1876474458387669, "bravo_count_1_5km": 0, "nearest_competitor_km": 0.91883967791742971, "competitor_count_1_5km": 12, "nearest_transit_km": 0.99661352091183053, "transit_count_1km": 1, "coverage_gap_score": 0.67933278248720841, "coverage_gap_rank": 20, "centre_latitude": 40.324743334395968, "centre_longitude": 49.793478858199542 }, "geometry": { "type": "Polygon", "coordinates": [ [ [ 49.799442895812703, 40.320300906019902 ], [ 49.799283286218667, 40.329308219500035 ], [ 49.787514038816347, 40.329185440461472 ], [ 49.787675211950464, 40.320178165842762 ], [ 49.799442895812703, 40.320300906019902 ] ] ] } },
{ "type": "Feature", "properties": { "cell_id": 11, "nearest_bravo_km": 2.1722556044998176, "bravo_count_1_5km": 0, "nearest_competitor_km": 0.53801806447993494, "competitor_count_1_5km": 23, "nearest_transit_km": 1.2705899875469195, "transit_count_1km": 0, "coverage_gap_score": 0.67663967293645211, "coverage_gap_rank": 21, "centre_latitude": 40.333750621192976, "centre_longitude": 49.79331843065448 }, "geometry": { "type": "Polygon", "coordinates": [ [ [ 49.799283286218667, 40.329308219500035 ], [ 49.799123604615176, 40.338315518385464 ], [ 49.787352792967738, 40.338192700475297 ], [ 49.787514038816347, 40.329185440461472 ], [ 49.799283286218667, 40.329308219500035 ] ] ] } },
{ "type": "Feature", "properties": { "cell_id": 12, "nearest_bravo_km": 2.3925983375453534, "bravo_count_1_5km": 0, "nearest_competitor_km": 1.0305405256897837, "competitor_count_1_5km": 21, "nearest_transit_km": 1.692475497195991, "transit_count_1km": 0, "coverage_gap_score": 0.7151930276480194, "coverage_gap_rank": 15, "centre_latitude": 40.342757893389667, "centre_longitude": 49.793157930729095 }, "geometry": { "type": "Polygon", "coordinates": [ [ [ 49.799123604615176, 40.338315518385464 ], [ 49.798963850965706, 40.34732280267518 ], [ 49.787191474367766, 40.347199945883183 ], [ 49.787352792967738, 40.338192700475297 ], [ 49.799123604615176, 40.338315518385464 ] ] ] } },
{ "type": "Feature", "properties": { "cell_id": 13, "nearest_bravo_km": 0.7559223737234716, "bravo_count_1_5km": 2, "nearest_competitor_km": 0.56468780169723432, "competitor_count_1_5km": 12, "nearest_transit_km": 1.7247927788618604, "transit_count_1km": 0, "coverage_gap_score": 0.39132393297004225, "coverage_gap_rank": 86, "centre_latitude": 40.369779622367965, "centre_longitude": 49.792675996303693 }, "geometry": { "type": "Polygon", "coordinates": [ [ [ 49.798644127382595, 40.365337327463493 ], [ 49.798484157375768, 40.374344567960087 ], [ 49.786707081690373, 40.374221594461297 ], [ 49.786868618766036, 40.365214392877192 ], [ 49.798644127382595, 40.365337327463493 ] ] ] } },
{ "type": "Feature", "properties": { "cell_id": 14, "nearest_bravo_km": 0.27834957380113112, "bravo_count_1_5km": 6, "nearest_competitor_km": 0.59944048597675637, "competitor_count_1_5km": 37, "nearest_transit_km": 1.416755714330534, "transit_count_1km": 0, "coverage_gap_score": 0.23276304897121602, "coverage_gap_rank": 129, "centre_latitude": 40.378786836153431, "centre_longitude": 49.792515206489561 }, "geometry": { "type": "Polygon", "coordinates": [ [ [ 49.798484157375768, 40.374344567960087 ], [ 49.798324115176584, 40.383351793856974 ], [ 49.786545471715527, 40.383228781435463 ], [ 49.786707081690373, 40.374221594461297 ], [ 49.798484157375768, 40.374344567960087 ] ] ] } },
{ "type": "Feature", "properties": { "cell_id": 15, "nearest_bravo_km": 0.38764168365841517, "bravo_count_1_5km": 9, "nearest_competitor_km": 0.22746174361232882, "competitor_count_1_5km": 48, "nearest_transit_km": 0.8612839468590181, "transit_count_1km": 5, "coverage_gap_score": 0.19563588284127009, "coverage_gap_rank": 142, "centre_latitude": 40.387794035333592, "centre_longitude": 49.792354344111246 }, "geometry": { "type": "Polygon", "coordinates": [ [ [ 49.798324115176584, 40.383351793856974 ], [ 49.798164000748372, 40.392359005153153 ], [ 49.786383788804478, 40.392235953798696 ], [ 49.786545471715527, 40.383228781435463 ], [ 49.798324115176584, 40.383351793856974 ] ] ] } },
{ "type": "Feature", "properties": { "cell_id": 16, "nearest_bravo_km": 0.25387394864414825, "bravo_count_1_5km": 6, "nearest_competitor_km": 0.16168219418898491, "competitor_count_1_5km": 36, "nearest_transit_km": 1.0367011010220857, "transit_count_1km": 0, "coverage_gap_score": 0.22848055031368367, "coverage_gap_rank": 131, "centre_latitude": 40.396801219907459, "centre_longitude": 49.792193409131876 }, "geometry": { "type": "Polygon", "coordinates": [ [ [ 49.798164000748372, 40.392359005153153 ], [ 49.798003814054461, 40.401366201847644 ], [ 49.786222032920186, 40.401243111549981 ], [ 49.786383788804478, 40.392235953798696 ], [ 49.798164000748372, 40.392359005153153 ] ] ] } },
{ "type": "Feature", "properties": { "cell_id": 17, "nearest_bravo_km": 2.7707121157736778, "bravo_count_1_5km": 0, "nearest_competitor_km": 0.71142852747102747, "competitor_count_1_5km": 10, "nearest_transit_km": 2.9128832911231899, "transit_count_1km": 0, "coverage_gap_score": 0.78135157261966093, "coverage_gap_rank": 11, "centre_latitude": 40.306850800825195, "centre_longitude": 49.805564872215875 }, "geometry": { "type": "Polygon", "coordinates": [ [ [ 49.811526529914197, 40.302407701780254 ], [ 49.811368626397112, 40.311415082909235 ], [ 49.79960243343379, 40.311293577946074 ], [ 49.799761899118401, 40.302286235279546 ], [ 49.811526529914197, 40.302407701780254 ] ] ] } },
{ "type": "Feature", "properties": { "cell_id": 18, "nearest_bravo_km": 1.8999312336216376, "bravo_count_1_5km": 0, "nearest_competitor_km": 0.87448371203140951, "competitor_count_1_5km": 9, "nearest_transit_km": 2.3011915980207731, "transit_count_1km": 0, "coverage_gap_score": 0.62899109418844701, "coverage_gap_rank": 28, "centre_latitude": 40.315858155476583, "centre_longitude": 49.805406151822872 }, "geometry": { "type": "Polygon", "coordinates": [ [ [ 49.811368626397112, 40.311415082909235 ], [ 49.81121065164789, 40.320422449455613 ], [ 49.799442895812703, 40.320300906019902 ], [ 49.79960243343379, 40.311293577946074 ], [ 49.811368626397112, 40.311415082909235 ] ] ] } },
{ "type": "Feature", "properties": { "cell_id": 19, "nearest_bravo_km": 1.2420272768691616, "bravo_count_1_5km": 1, "nearest_competitor_km": 0.089194354317207361, "competitor_count_1_5km": 19, "nearest_transit_km": 1.9874940582340312, "transit_count_1km": 0, "coverage_gap_score": 0.49512767855526585, "coverage_gap_rank": 56, "centre_latitude": 40.324865495539818, "centre_longitude": 49.805247359827419 }, "geometry": { "type": "Polygon", "coordinates": [ [ [ 49.81121065164789, 40.320422449455613 ], [ 49.811052605630429, 40.329429801418378 ], [ 49.799283286218667, 40.329308219500035 ], [ 49.799442895812703, 40.320300906019902 ], [ 49.81121065164789, 40.320422449455613 ] ] ] } },
{ "type": "Feature", "properties": { "cell_id": 20, "nearest_bravo_km": 1.21471182610651, "bravo_count_1_5km": 1, "nearest_competitor_km": 0.25488173012132781, "competitor_count_1_5km": 31, "nearest_transit_km": 2.1380582400640504, "transit_count_1km": 0, "coverage_gap_score": 0.49034829578278649, "coverage_gap_rank": 59, "centre_latitude": 40.333872821013927, "centre_longitude": 49.805088496193214 }, "geometry": { "type": "Polygon", "coordinates": [ [ [ 49.811052605630429, 40.329429801418378 ], [ 49.810894488308577, 40.33843713879655 ], [ 49.799123604615176, 40.338315518385464 ], [ 49.799283286218667, 40.329308219500035 ], [ 49.811052605630429, 40.329429801418378 ] ] ] } },
{ "type": "Feature", "properties": { "cell_id": 21, "nearest_bravo_km": 1.6594424909504191, "bravo_count_1_5km": 0, "nearest_competitor_km": 0.30707261409494679, "competitor_count_1_5km": 27, "nearest_transit_km": 2.6472150290701411, "transit_count_1km": 0, "coverage_gap_score": 0.58691279338772917, "coverage_gap_rank": 40, "centre_latitude": 40.342880131897878, "centre_longitude": 49.804929560883906 }, "geometry": { "type": "Polygon", "coordinates": [ [ [ 49.810894488308577, 40.33843713879655 ], [ 49.810736299646173, 40.347444461589127 ], [ 49.798963850965706, 40.34732280267518 ], [ 49.799123604615176, 40.338315518385464 ], [ 49.810894488308577, 40.33843713879655 ] ] ] } },
{ "type": "Feature", "properties": { "cell_id": 22, "nearest_bravo_km": 1.0408409148059636, "bravo_count_1_5km": 1, "nearest_competitor_km": 0.22537275106105123, "competitor_count_1_5km": 20, "nearest_transit_km": 2.1454411519685292, "transit_count_1km": 0, "coverage_gap_score": 0.45992611291911056, "coverage_gap_rank": 66, "centre_latitude": 40.351887428190715, "centre_longitude": 49.80477055386315 }, "geometry": { "type": "Polygon", "coordinates": [ [ [ 49.810736299646173, 40.347444461589127 ], [ 49.810578039607009, 40.356451769795093 ], [ 49.798804025233707, 40.356330072368188 ], [ 49.798963850965706, 40.34732280267518 ], [ 49.810736299646173, 40.347444461589127 ] ] ] } },
{ "type": "Feature", "properties": { "cell_id": 23, "nearest_bravo_km": 1.1886758343200632, "bravo_count_1_5km": 1, "nearest_competitor_km": 0.78469493129566736, "competitor_count_1_5km": 25, "nearest_transit_km": 1.6904058191807259, "transit_count_1km": 0, "coverage_gap_score": 0.48579277987020636, "coverage_gap_rank": 61, "centre_latitude": 40.36089470989139, "centre_longitude": 49.804611475094546 }, "geometry": { "type": "Polygon", "coordinates": [ [ [ 49.810578039607009, 40.356451769795093 ], [ 49.810419708154882, 40.365459063413489 ], [ 49.798644127382595, 40.365337327463493 ], [ 49.798804025233707, 40.356330072368188 ], [ 49.810578039607009, 40.356451769795093 ] ] ] } },
{ "type": "Feature", "properties": { "cell_id": 24, "nearest_bravo_km": 0.92380243385521166, "bravo_count_1_5km": 5, "nearest_competitor_km": 0.45038013549846112, "competitor_count_1_5km": 56, "nearest_transit_km": 0.84776613239645626, "transit_count_1km": 4, "coverage_gap_score": 0.36444789696603502, "coverage_gap_rank": 93, "centre_latitude": 40.369901976998939, "centre_longitude": 49.804452324541693 }, "geometry": { "type": "Polygon", "coordinates": [ [ [ 49.810419708154882, 40.365459063413489 ], [ 49.810261305253512, 40.374466342443313 ], [ 49.798484157375768, 40.374344567960087 ], [ 49.798644127382595, 40.365337327463493 ], [ 49.810419708154882, 40.365459063413489 ] ] ] } },
{ "type": "Feature", "properties": { "cell_id": 25, "nearest_bravo_km": 0.086763643443671837, "bravo_count_1_5km": 9, "nearest_competitor_km": 0.032305251846786828, "competitor_count_1_5km": 64, "nearest_transit_km": 0.75421840921600036, "transit_count_1km": 4, "coverage_gap_score": 0.14299127029158826, "coverage_gap_rank": 155, "centre_latitude": 40.37890922951236, "centre_longitude": 49.804293102168131 }, "geometry": { "type": "Polygon", "coordinates": [ [ [ 49.810261305253512, 40.374466342443313 ], [ 49.810102830866647, 40.383473606883548 ], [ 49.798324115176584, 40.383351793856974 ], [ 49.798484157375768, 40.374344567960087 ], [ 49.810261305253512, 40.374466342443313 ] ] ] } },
{ "type": "Feature", "properties": { "cell_id": 26, "nearest_bravo_km": 0.26003934090890191, "bravo_count_1_5km": 12, "nearest_competitor_km": 0.10781044645969161, "competitor_count_1_5km": 70, "nearest_transit_km": 0.15158524904504186, "transit_count_1km": 5, "coverage_gap_score": 0.11705930862639768, "coverage_gap_rank": 160, "centre_latitude": 40.387916467430657, "centre_longitude": 49.80413380793739 }, "geometry": { "type": "Polygon", "coordinates": [ [ [ 49.810102830866647, 40.383473606883548 ], [ 49.809944284957965, 40.392480856733229 ], [ 49.798164000748372, 40.392359005153153 ], [ 49.798324115176584, 40.383351793856974 ], [ 49.810102830866647, 40.383473606883548 ] ] ] } },
{ "type": "Feature", "properties": { "cell_id": 27, "nearest_bravo_km": 0.29251664058963667, "bravo_count_1_5km": 9, "nearest_competitor_km": 0.29889197181102556, "competitor_count_1_5km": 54, "nearest_transit_km": 0.62490237874832766, "transit_count_1km": 12, "coverage_gap_score": 0.17899185979275034, "coverage_gap_rank": 146, "centre_latitude": 40.396923690752843, "centre_longitude": 49.80397444181299 }, "geometry": { "type": "Polygon", "coordinates": [ [ [ 49.809944284957965, 40.392480856733229 ], [ 49.809785667491148, 40.401488091991361 ], [ 49.798003814054461, 40.401366201847644 ], [ 49.798164000748372, 40.392359005153153 ], [ 49.809944284957965, 40.392480856733229 ] ] ] } },
{ "type": "Feature", "properties": { "cell_id": 28, "nearest_bravo_km": 0.32224531618409025, "bravo_count_1_5km": 7, "nearest_competitor_km": 0.12179872583353826, "competitor_count_1_5km": 49, "nearest_transit_km": 0.30733708118846731, "transit_count_1km": 15, "coverage_gap_score": 0.22169348436850259, "coverage_gap_rank": 134, "centre_latitude": 40.405930899477909, "centre_longitude": 49.803815003758388 }, "geometry": { "type": "Polygon", "coordinates": [ [ [ 49.809785667491148, 40.401488091991361 ], [ 49.809626978429833, 40.410495312656941 ], [ 49.797843555058115, 40.410373383939429 ], [ 49.798003814054461, 40.401366201847644 ], [ 49.809785667491148, 40.401488091991361 ] ] ] } },
{ "type": "Feature", "properties": { "cell_id": 29, "nearest_bravo_km": 0.22214454672071107, "bravo_count_1_5km": 7, "nearest_competitor_km": 0.14366240753508941, "competitor_count_1_5km": 44, "nearest_transit_km": 0.87165819152325974, "transit_count_1km": 8, "coverage_gap_score": 0.20417885877281783, "coverage_gap_rank": 137, "centre_latitude": 40.414938093604896, "centre_longitude": 49.803655493737047 }, "geometry": { "type": "Polygon", "coordinates": [ [ [ 49.809626978429833, 40.410495312656941 ], [ 49.809468217737638, 40.419502518728997 ], [ 49.797683223722601, 40.419380551427544 ], [ 49.797843555058115, 40.410373383939429 ], [ 49.809626978429833, 40.410495312656941 ] ] ] } },
{ "type": "Feature", "properties": { "cell_id": 30, "nearest_bravo_km": 2.5364692069286376, "bravo_count_1_5km": 0, "nearest_competitor_km": 0.23838097195342992, "competitor_count_1_5km": 10, "nearest_transit_km": 3.6787432364971391, "transit_count_1km": 0, "coverage_gap_score": 0.74036610498680799, "coverage_gap_rank": 14, "centre_latitude": 40.30697168846114, "centre_longitude": 49.817330319702471 }, "geometry": { "type": "Polygon", "coordinates": [ [ [ 49.823291231906026, 40.302527972275506 ], [ 49.823134890592549, 40.311535391488356 ], [ 49.811368626397112, 40.311415082909235 ], [ 49.811526529914197, 40.302407701780254 ], [ 49.823291231906026, 40.302527972275506 ] ] ] } },
{ "type": "Feature", "properties": { "cell_id": 31, "nearest_bravo_km": 1.5383657242974378, "bravo_count_1_5km": 0, "nearest_competitor_km": 0.49321275425647904, "competitor_count_1_5km": 16, "nearest_transit_km": 3.2071586095135172, "transit_count_1km": 0, "coverage_gap_score": 0.56572799882889346, "coverage_gap_rank": 45, "centre_latitude": 40.315979081390708, "centre_longitude": 49.817173161847215 }, "geometry": { "type": "Polygon", "coordinates": [ [ [ 49.823134890592549, 40.311535391488356 ], [ 49.822978478751317, 40.320542796128606 ], [ 49.81121065164789, 40.320422449455613 ], [ 49.811368626397112, 40.311415082909235 ], [ 49.823134890592549, 40.311535391488356 ] ] ] } },
{ "type": "Feature", "properties": { "cell_id": 32, "nearest_bravo_km": 0.54723136394871175, "bravo_count_1_5km": 1, "nearest_competitor_km": 0.15791068592577306, "competitor_count_1_5km": 16, "nearest_transit_km": 2.984464232147352, "transit_count_1km": 0, "coverage_gap_score": 0.37355927957641866, "coverage_gap_rank": 90, "centre_latitude": 40.324986459742171, "centre_longitude": 49.817015933094055 }, "geometry": { "type": "Polygon", "coordinates": [ [ [ 49.822978478751317, 40.320542796128606 ], [ 49.822821996346576, 40.32955018619522 ], [ 49.811052605630429, 40.329429801418378 ], [ 49.81121065164789, 40.320422449455613 ], [ 49.822978478751317, 40.320542796128606 ] ] ] } },
{ "type": "Feature", "properties": { "cell_id": 33, "nearest_bravo_km": 0.48203239485034055, "bravo_count_1_5km": 1, "nearest_competitor_km": 0.3797426944891622, "competitor_count_1_5km": 31, "nearest_transit_km": 2.8957192030876495, "transit_count_1km": 0, "coverage_gap_score": 0.36215141988558619, "coverage_gap_rank": 95, "centre_latitude": 40.333993823514561, "centre_longitude": 49.81685863340703 }, "geometry": { "type": "Polygon", "coordinates": [ [ [ 49.822821996346576, 40.32955018619522 ], [ 49.822665443342537, 40.338557561687253 ], [ 49.810894488308577, 40.33843713879655 ], [ 49.811052605630429, 40.329429801418378 ], [ 49.822821996346576, 40.32955018619522 ] ] ] } },
{ "type": "Feature", "properties": { "cell_id": 34, "nearest_bravo_km": 1.3352797297640207, "bravo_count_1_5km": 2, "nearest_competitor_km": 0.53547678186022729, "competitor_count_1_5km": 29, "nearest_transit_km": 1.9921992260619235, "transit_count_1km": 0, "coverage_gap_score": 0.49269405461399546, "coverage_gap_rank": 57, "centre_latitude": 40.343001172706849, "centre_longitude": 49.816701262750165 }, "geometry": { "type": "Polygon", "coordinates": [ [ [ 49.822665443342537, 40.338557561687253 ], [ 49.822508819703387, 40.347564922603709 ], [ 49.810736299646173, 40.347444461589127 ], [ 49.810894488308577, 40.33843713879655 ], [ 49.822665443342537, 40.338557561687253 ] ] ] } },
{ "type": "Feature", "properties": { "cell_id": 35, "nearest_bravo_km": 0.33551808577341841, "bravo_count_1_5km": 2, "nearest_competitor_km": 0.22120186482627702, "competitor_count_1_5km": 18, "nearest_transit_km": 1.2460039363954201, "transit_count_1km": 0, "coverage_gap_score": 0.31776582006303411, "coverage_gap_rank": 105, "centre_latitude": 40.352008507318089, "centre_longitude": 49.816543821087464 }, "geometry": { "type": "Polygon", "coordinates": [ [ [ 49.822508819703387, 40.347564922603709 ], [ 49.822352125393287, 40.35657226894358 ], [ 49.810578039607009, 40.356451769795093 ], [ 49.810736299646173, 40.347444461589127 ], [ 49.822508819703387, 40.347564922603709 ] ] ] } },
{ "type": "Feature", "properties": { "cell_id": 36, "nearest_bravo_km": 0.6649607620329504, "bravo_count_1_5km": 3, "nearest_competitor_km": 0.22372099716552324, "competitor_count_1_5km": 37, "nearest_transit_km": 1.0659239478987406, "transit_count_1km": 0, "coverage_gap_score": 0.35665838525866944, "coverage_gap_rank": 96, "centre_latitude": 40.361015827347224, "centre_longitude": 49.816386308382889 }, "geometry": { "type": "Polygon", "coordinates": [ [ [ 49.822352125393287, 40.35657226894358 ], [ 49.822195360376377, 40.365579600705892 ], [ 49.810419708154882, 40.365459063413489 ], [ 49.810578039607009, 40.356451769795093 ], [ 49.822352125393287, 40.35657226894358 ] ] ] } },
{ "type": "Feature", "properties": { "cell_id": 37, "nearest_bravo_km": 0.86216889346994907, "bravo_count_1_5km": 7, "nearest_competitor_km": 0.169053493937629, "competitor_count_1_5km": 74, "nearest_transit_km": 0.57285468020413377, "transit_count_1km": 6, "coverage_gap_score": 0.31616388012209545, "coverage_gap_rank": 106, "centre_latitude": 40.370023132793328, "centre_longitude": 49.816228724600379 }, "geometry": { "type": "Polygon", "coordinates": [ [ [ 49.822195360376377, 40.365579600705892 ], [ 49.822038524616758, 40.374586917889651 ], [ 49.810261305253512, 40.374466342443313 ], [ 49.810419708154882, 40.365459063413489 ], [ 49.822195360376377, 40.365579600705892 ] ] ] } },
{ "type": "Feature", "properties": { "cell_id": 38, "nearest_bravo_km": 0.14135319765249038, "bravo_count_1_5km": 9, "nearest_competitor_km": 0.069877798250052955, "competitor_count_1_5km": 102, "nearest_transit_km": 0.43043728295594902, "transit_count_1km": 6, "coverage_gap_score": 0.15254280129907546, "coverage_gap_rank": 151, "centre_latitude": 40.379030423655379, "centre_longitude": 49.81607106970386 }, "geometry": { "type": "Polygon", "coordinates": [ [ [ 49.822038524616758, 40.374586917889651 ], [ 49.821881618078514, 40.383594220493869 ], [ 49.810102830866647, 40.383473606883548 ], [ 49.810261305253512, 40.374466342443313 ], [ 49.822038524616758, 40.374586917889651 ] ] ] } },
{ "type": "Feature", "properties": { "cell_id": 39, "nearest_bravo_km": 0.49190312040760548, "bravo_count_1_5km": 12, "nearest_competitor_km": 0.081795028588031116, "competitor_count_1_5km": 85, "nearest_transit_km": 1.091853739657366, "transit_count_1km": 0, "coverage_gap_score": 0.15762850014101321, "coverage_gap_rank": 150, "centre_latitude": 40.388037699932376, "centre_longitude": 49.815913343657208 }, "geometry": { "type": "Polygon", "coordinates": [ [ [ 49.821881618078514, 40.383594220493869 ], [ 49.821724640725698, 40.392601508517558 ], [ 49.809944284957965, 40.392480856733229 ], [ 49.810102830866647, 40.383473606883548 ], [ 49.821881618078514, 40.383594220493869 ] ] ] } },
{ "type": "Feature", "properties": { "cell_id": 40, "nearest_bravo_km": 0.63567628344036042, "bravo_count_1_5km": 7, "nearest_competitor_km": 0.052087264627153899, "competitor_count_1_5km": 44, "nearest_transit_km": 0.67033054324124797, "transit_count_1km": 12, "coverage_gap_score": 0.27653448180554258, "coverage_gap_rank": 122, "centre_latitude": 40.397044961623372, "centre_longitude": 49.815755546424292 }, "geometry": { "type": "Polygon", "coordinates": [ [ [ 49.821724640725698, 40.392601508517558 ], [ 49.821567592522342, 40.401608781959766 ], [ 49.809785667491148, 40.401488091991361 ], [ 49.809944284957965, 40.392480856733229 ], [ 49.821724640725698, 40.392601508517558 ] ] ] } },
{ "type": "Feature", "properties": { "cell_id": 41, "nearest_bravo_km": 0.62678410796010076, "bravo_count_1_5km": 7, "nearest_competitor_km": 0.18442362488267083, "competitor_count_1_5km": 60, "nearest_transit_km": 0.15966750980785538, "transit_count_1km": 28, "coverage_gap_score": 0.27497861839807047, "coverage_gap_rank": 123, "centre_latitude": 40.406052208727353, "centre_longitude": 49.815597677968945 }, "geometry": { "type": "Polygon", "coordinates": [ [ [ 49.821567592522342, 40.401608781959766 ], [ 49.821410473432437, 40.410616040819463 ], [ 49.809626978429833, 40.410495312656941 ], [ 49.809785667491148, 40.401488091991361 ], [ 49.821567592522342, 40.401608781959766 ] ] ] } },
{ "type": "Feature", "properties": { "cell_id": 42, "nearest_bravo_km": 0.3185505585349428, "bravo_count_1_5km": 8, "nearest_competitor_km": 0.096046778858713197, "competitor_count_1_5km": 53, "nearest_transit_km": 0.3338147821375072, "transit_count_1km": 13, "coverage_gap_score": 0.20229701284547116, "coverage_gap_rank": 139, "centre_latitude": 40.415059441243336, "centre_longitude": 49.815439738254973 }, "geometry": { "type": "Polygon", "coordinates": [ [ [ 49.821410473432437, 40.410616040819463 ], [ 49.821253283419971, 40.419623285095696 ], [ 49.809468217737638, 40.419502518728997 ], [ 49.809626978429833, 40.410495312656941 ], [ 49.821410473432437, 40.410616040819463 ] ] ] } },
{ "type": "Feature", "properties": { "cell_id": 43, "nearest_bravo_km": 0.53989678764464399, "bravo_count_1_5km": 5, "nearest_competitor_km": 0.19101087545905249, "competitor_count_1_5km": 35, "nearest_transit_km": 0.24681761696882279, "transit_count_1km": 1, "coverage_gap_score": 0.29727594920286216, "coverage_gap_rank": 112, "centre_latitude": 40.42406665917035, "centre_longitude": 49.815281727246152 }, "geometry": { "type": "Polygon", "coordinates": [ [ [ 49.821253283419971, 40.419623285095696 ], [ 49.821096022448877, 40.428630514787486 ], [ 49.809309385378135, 40.428509710206555 ], [ 49.809468217737638, 40.419502518728997 ], [ 49.821253283419971, 40.419623285095696 ] ] ] } },
{ "type": "Feature", "properties": { "cell_id": 44, "nearest_bravo_km": 1.7673142083102604, "bravo_count_1_5km": 0, "nearest_competitor_km": 0.40934890233799553, "competitor_count_1_5km": 12, "nearest_transit_km": 4.1524403027651076, "transit_count_1km": 0, "coverage_gap_score": 0.60578710126817303, "coverage_gap_rank": 33, "centre_latitude": 40.316098810720909, "centre_longitude": 49.82894024276947 }, "geometry": { "type": "Polygon", "coordinates": [ [ [ 49.834901225315733, 40.311654503662375 ], [ 49.834746376418259, 40.320661946017786 ], [ 49.822978478751317, 40.320542796128606 ], [ 49.823134890592549, 40.311535391488356 ], [ 49.834901225315733, 40.311654503662375 ] ] ] } },
{ "type": "Feature", "properties": { "cell_id": 45, "nearest_bravo_km": 1.0277609522118021, "bravo_count_1_5km": 1, "nearest_competitor_km": 0.63386623053630364, "competitor_count_1_5km": 8, "nearest_transit_km": 3.708251572222717, "transit_count_1km": 0, "coverage_gap_score": 0.45763751265289471, "coverage_gap_rank": 67, "centre_latitude": 40.325106226981873, "centre_longitude": 49.828784577294542 }, "geometry": { "type": "Polygon", "coordinates": [ [ [ 49.834746376418259, 40.320661946017786 ], [ 49.834591457662022, 40.329669373809487 ], [ 49.822821996346576, 40.32955018619522 ], [ 49.822978478751317, 40.320542796128606 ], [ 49.834746376418259, 40.320661946017786 ] ] ] } },
{ "type": "Feature", "properties": { "cell_id": 46, "nearest_bravo_km": 0.99457812105801779, "bravo_count_1_5km": 2, "nearest_competitor_km": 0.51026249321956874, "competitor_count_1_5km": 17, "nearest_transit_km": 2.708283178709975, "transit_count_1km": 0, "coverage_gap_score": 0.43308151468725492, "coverage_gap_rank": 70, "centre_latitude": 40.334113628673691, "centre_longitude": 49.828628841590685 }, "geometry": { "type": "Polygon", "coordinates": [ [ [ 49.834591457662022, 40.329669373809487 ], [ 49.8344364690116, 40.338676787036498 ], [ 49.822665443342537, 40.338557561687253 ], [ 49.822821996346576, 40.32955018619522 ], [ 49.834591457662022, 40.329669373809487 ] ] ] } },
{ "type": "Feature", "properties": { "cell_id": 47, "nearest_bravo_km": 0.90354409297540772, "bravo_count_1_5km": 2, "nearest_competitor_km": 0.33406290303531166, "competitor_count_1_5km": 19, "nearest_transit_km": 1.7083517873302791, "transit_count_1km": 0, "coverage_gap_score": 0.4171532962841259, "coverage_gap_rank": 78, "centre_latitude": 40.343121015795404, "centre_longitude": 49.828473035622267 }, "geometry": { "type": "Polygon", "coordinates": [ [ [ 49.8344364690116, 40.338676787036498 ], [ 49.834281410431551, 40.347684185697837 ], [ 49.822508819703387, 40.347564922603709 ], [ 49.822665443342537, 40.338557561687253 ], [ 49.8344364690116, 40.338676787036498 ] ] ] } },
{ "type": "Feature", "properties": { "cell_id": 48, "nearest_bravo_km": 0.40816911318896598, "bravo_count_1_5km": 4, "nearest_competitor_km": 0.45059280391110978, "competitor_count_1_5km": 28, "nearest_transit_km": 0.70861405748525397, "transit_count_1km": 3, "coverage_gap_score": 0.29297756594817098, "coverage_gap_rank": 114, "centre_latitude": 40.352128388345989, "centre_longitude": 49.828317159353652 }, "geometry": { "type": "Polygon", "coordinates": [ [ [ 49.834281410431551, 40.347684185697837 ], [ 49.834126281886377, 40.35669156979251 ], [ 49.822352125393287, 40.35657226894358 ], [ 49.822508819703387, 40.347564922603709 ], [ 49.834281410431551, 40.347684185697837 ] ] ] } },
{ "type": "Feature", "properties": { "cell_id": 49, "nearest_bravo_km": 0.81690839388295622, "bravo_count_1_5km": 7, "nearest_competitor_km": 0.10905631855697956, "competitor_count_1_5km": 44, "nearest_transit_km": 0.29291967441069927, "transit_count_1km": 7, "coverage_gap_score": 0.30824465323913097, "coverage_gap_rank": 109, "centre_latitude": 40.361135746324472, "centre_longitude": 49.828161212749151 }, "geometry": { "type": "Polygon", "coordinates": [ [ [ 49.834126281886377, 40.35669156979251 ], [ 49.833971083340579, 40.36569893931955 ], [ 49.822195360376377, 40.365579600705892 ], [ 49.822352125393287, 40.35657226894358 ], [ 49.834126281886377, 40.35669156979251 ] ] ] } },
{ "type": "Feature", "properties": { "cell_id": 50, "nearest_bravo_km": 0.21199179303320534, "bravo_count_1_5km": 10, "nearest_competitor_km": 0.2292378076446705, "competitor_count_1_5km": 96, "nearest_transit_km": 0.55791299606431533, "transit_count_1km": 4, "coverage_gap_score": 0.14615243207245238, "coverage_gap_rank": 154, "centre_latitude": 40.370143089729886, "centre_longitude": 49.828005195773081 }, "geometry": { "type": "Polygon", "coordinates": [ [ [ 49.833971083340579, 40.36569893931955 ], [ 49.833815814758623, 40.374706294277964 ], [ 49.822038524616758, 40.374586917889651 ], [ 49.822195360376377, 40.365579600705892 ], [ 49.833971083340579, 40.36569893931955 ] ] ] } },
{ "type": "Feature", "properties": { "cell_id": 51, "nearest_bravo_km": 0.46518942296769999, "bravo_count_1_5km": 13, "nearest_competitor_km": 0.11406597892499107, "competitor_count_1_5km": 106, "nearest_transit_km": 0.18243487149261889, "transit_count_1km": 2, "coverage_gap_score": 0.1342044061111215, "coverage_gap_rank": 156, "centre_latitude": 40.379150418561224, "centre_longitude": 49.827849108389714 }, "geometry": { "type": "Polygon", "coordinates": [ [ [ 49.833815814758623, 40.374706294277964 ], [ 49.833660476104953, 40.383713634666776 ], [ 49.821881618078514, 40.383594220493869 ], [ 49.822038524616758, 40.374586917889651 ], [ 49.833815814758623, 40.374706294277964 ] ] ] } },
{ "type": "Feature", "properties": { "cell_id": 52, "nearest_bravo_km": 0.33836489767762179, "bravo_count_1_5km": 11, "nearest_competitor_km": 0.088784024023712119, "competitor_count_1_5km": 92, "nearest_transit_km": 0.37681482227039542, "transit_count_1km": 2, "coverage_gap_score": 0.14951392657021437, "coverage_gap_rank": 152, "centre_latitude": 40.388157732817511, "centre_longitude": 49.827692950563282 }, "geometry": { "type": "Polygon", "coordinates": [ [ [ 49.833660476104953, 40.383713634666776 ], [ 49.833505067343964, 40.392720960485001 ], [ 49.821724640725698, 40.392601508517558 ], [ 49.821881618078514, 40.383594220493869 ], [ 49.833660476104953, 40.383713634666776 ] ] ] } },
{ "type": "Feature", "properties": { "cell_id": 53, "nearest_bravo_km": 0.22662349894965816, "bravo_count_1_5km": 10, "nearest_competitor_km": 0.021302633603308866, "competitor_count_1_5km": 64, "nearest_transit_km": 0.38639656042044163, "transit_count_1km": 9, "coverage_gap_score": 0.14871254077418011, "coverage_gap_rank": 153, "centre_latitude": 40.397165032497782, "centre_longitude": 49.827536722258017 }, "geometry": { "type": "Polygon", "coordinates": [ [ [ 49.833505067343964, 40.392720960485001 ], [ 49.833349588440065, 40.401728271731677 ], [ 49.821567592522342, 40.401608781959766 ], [ 49.821724640725698, 40.392601508517558 ], [ 49.833505067343964, 40.392720960485001 ] ] ] } },
{ "type": "Feature", "properties": { "cell_id": 54, "nearest_bravo_km": 0.8879704604385299, "bravo_count_1_5km": 9, "nearest_competitor_km": 0.44467269646140256, "competitor_count_1_5km": 58, "nearest_transit_km": 0.69831282878222145, "transit_count_1km": 8, "coverage_gap_score": 0.28317837873843232, "coverage_gap_rank": 120, "centre_latitude": 40.406172317601033, "centre_longitude": 49.827380423438107 }, "geometry": { "type": "Polygon", "coordinates": [ [ [ 49.833349588440065, 40.401728271731677 ], [ 49.833194039357608, 40.410735568405805 ], [ 49.821410473432437, 40.410616040819463 ], [ 49.821567592522342, 40.401608781959766 ], [ 49.833349588440065, 40.401728271731677 ] ] ] } },
{ "type": "Feature", "properties": { "cell_id": 55, "nearest_bravo_km": 1.9527219423393216, "bravo_count_1_5km": 0, "nearest_competitor_km": 1.3005190043633539, "competitor_count_1_5km": 1, "nearest_transit_km": 3.8341541173830094, "transit_count_1km": 0, "coverage_gap_score": 0.63822788130884311, "coverage_gap_rank": 26, "centre_latitude": 40.325224797237937, "centre_longitude": 49.840553291723964 }, "geometry": { "type": "Polygon", "coordinates": [ [ [ 49.846514343943937, 40.320779899102327 ], [ 49.846360988871638, 40.329787364240289 ], [ 49.834591457662022, 40.329669373809487 ], [ 49.834746376418259, 40.320661946017786 ], [ 49.846514343943937, 40.320779899102327 ] ] ] } },
{ "type": "Feature", "properties": { "cell_id": 56, "nearest_bravo_km": 1.1564028307171121, "bravo_count_1_5km": 1, "nearest_competitor_km": 0.75721342785513679, "competitor_count_1_5km": 13, "nearest_transit_km": 2.878264381365311, "transit_count_1km": 0, "coverage_gap_score": 0.48014597437626194, "coverage_gap_rank": 63, "centre_latitude": 40.334232236470356, "centre_longitude": 49.840399120038889 }, "geometry": { "type": "Polygon", "coordinates": [ [ [ 49.846360988871638, 40.329787364240289 ], [ 49.846207564610289, 40.33879481482338 ], [ 49.8344364690116, 40.338676787036498 ], [ 49.834591457662022, 40.329669373809487 ], [ 49.846360988871638, 40.329787364240289 ] ] ] } },
{ "type": "Feature", "properties": { "cell_id": 57, "nearest_bravo_km": 0.18654030081676728, "bravo_count_1_5km": 2, "nearest_competitor_km": 0.11393985071334621, "competitor_count_1_5km": 19, "nearest_transit_km": 1.9667419511027349, "transit_count_1km": 0, "coverage_gap_score": 0.2916991860143841, "coverage_gap_rank": 116, "centre_latitude": 40.343239661142512, "centre_longitude": 49.840244878794564 }, "geometry": { "type": "Polygon", "coordinates": [ [ [ 49.846207564610289, 40.33879481482338 ], [ 49.846054071124819, 40.347802250850606 ], [ 49.834281410431551, 40.347684185697837 ], [ 49.8344364690116, 40.338676787036498 ], [ 49.846207564610289, 40.33879481482338 ] ] ] } },
{ "type": "Feature", "properties": { "cell_id": 58, "nearest_bravo_km": 0.28029858176767003, "bravo_count_1_5km": 12, "nearest_competitor_km": 0.05705973407522659, "competitor_count_1_5km": 73, "nearest_transit_km": 0.41182599267500614, "transit_count_1km": 10, "coverage_gap_score": 0.12060406677757188, "coverage_gap_rank": 159, "centre_latitude": 40.370261847787582, "centre_longitude": 49.839781737353086 }, "geometry": { "type": "Polygon", "coordinates": [ [ [ 49.845746876340939, 40.365817079233558 ], [ 49.845593174972208, 40.374824471587338 ], [ 49.833815814758623, 40.374706294277964 ], [ 49.833971083340579, 40.36569893931955 ], [ 49.845746876340939, 40.365817079233558 ] ] ] } },
{ "type": "Feature", "properties": { "cell_id": 59, "nearest_bravo_km": 0.22946612392797122, "bravo_count_1_5km": 16, "nearest_competitor_km": 0.16258739998706964, "competitor_count_1_5km": 107, "nearest_transit_km": 0.71979232715951136, "transit_count_1km": 26, "coverage_gap_score": 0.036709914695189874, "coverage_gap_rank": 167, "centre_latitude": 40.379269214208875, "centre_longitude": 49.839627217518618 }, "geometry": { "type": "Polygon", "coordinates": [ [ [ 49.845593174972208, 40.374824471587338 ], [ 49.845439404238689, 40.383831849381345 ], [ 49.833660476104953, 40.383713634666776 ], [ 49.833815814758623, 40.374706294277964 ], [ 49.845593174972208, 40.374824471587338 ] ] ] } },
{ "type": "Feature", "properties": { "cell_id": 60, "nearest_bravo_km": 0.27349419589440815, "bravo_count_1_5km": 15, "nearest_competitor_km": 0.18859943810642479, "competitor_count_1_5km": 98, "nearest_transit_km": 0.62360528572913076, "transit_count_1km": 2, "coverage_gap_score": 0.063163503791716438, "coverage_gap_rank": 166, "centre_latitude": 40.388276566065002, "centre_longitude": 49.83947262794819 }, "geometry": { "type": "Polygon", "coordinates": [ [ [ 49.845439404238689, 40.383831849381345 ], [ 49.845285564105154, 40.392839212614604 ], [ 49.833505067343964, 40.392720960485001 ], [ 49.833660476104953, 40.383713634666776 ], [ 49.845439404238689, 40.383831849381345 ] ] ] } },
{ "type": "Feature", "properties": { "cell_id": 61, "nearest_bravo_km": 0.12204621271833882, "bravo_count_1_5km": 12, "nearest_competitor_km": 0.082220065288143324, "competitor_count_1_5km": 66, "nearest_transit_km": 0.99706835921838766, "transit_count_1km": 3, "coverage_gap_score": 0.092914659309598538, "coverage_gap_rank": 163, "centre_latitude": 40.397283903355003, "centre_longitude": 49.839317968606387 }, "geometry": { "type": "Polygon", "coordinates": [ [ [ 49.845285564105154, 40.392839212614604 ], [ 49.845131654536345, 40.401846561286163 ], [ 49.833349588440065, 40.401728271731677 ], [ 49.833505067343964, 40.392720960485001 ], [ 49.845285564105154, 40.392839212614604 ] ] ] } },
{ "type": "Feature", "properties": { "cell_id": 62, "nearest_bravo_km": 0.52452861227585734, "bravo_count_1_5km": 12, "nearest_competitor_km": 0.29215134999801728, "competitor_count_1_5km": 59, "nearest_transit_km": 1.1634358102279669, "transit_count_1km": 0, "coverage_gap_score": 0.16333698048547787, "coverage_gap_rank": 147, "centre_latitude": 40.40629122607789, "centre_longitude": 49.839163239457754 }, "geometry": { "type": "Polygon", "coordinates": [ [ [ 49.845131654536345, 40.401846561286163 ], [ 49.844977675496992, 40.410853895395022 ], [ 49.833194039357608, 40.410735568405805 ], [ 49.833349588440065, 40.401728271731677 ], [ 49.845131654536345, 40.401846561286163 ] ] ] } },
{ "type": "Feature", "properties": { "cell_id": 63, "nearest_bravo_km": 0.13328928090933082, "bravo_count_1_5km": 7, "nearest_competitor_km": 0.085162678440221379, "competitor_count_1_5km": 42, "nearest_transit_km": 1.1181698120261347, "transit_count_1km": 0, "coverage_gap_score": 0.1886318582728794, "coverage_gap_rank": 144, "centre_latitude": 40.415298534232683, "centre_longitude": 49.839008440466827 }, "geometry": { "type": "Polygon", "coordinates": [ [ [ 49.844977675496992, 40.410853895395022 ], [ 49.844823626951779, 40.419861214940241 ], [ 49.833038420060916, 40.419742850506438 ], [ 49.833194039357608, 40.410735568405805 ], [ 49.844977675496992, 40.410853895395022 ] ] ] } },
{ "type": "Feature", "properties": { "cell_id": 64, "nearest_bravo_km": 0.37643076293116184, "bravo_count_1_5km": 8, "nearest_competitor_km": 0.12110099966507343, "competitor_count_1_5km": 39, "nearest_transit_km": 0.19840531253833332, "transit_count_1km": 7, "coverage_gap_score": 0.21242430871778067, "coverage_gap_rank": 135, "centre_latitude": 40.424305827818444, "centre_longitude": 49.838853571598094 }, "geometry": { "type": "Polygon", "coordinates": [ [ [ 49.844823626951779, 40.419861214940241 ], [ 49.84466950886538, 40.428868519920833 ], [ 49.832882730514314, 40.428750118032575 ], [ 49.833038420060916, 40.419742850506438 ], [ 49.844823626951779, 40.419861214940241 ] ] ] } },
{ "type": "Feature", "properties": { "cell_id": 65, "nearest_bravo_km": 1.1194653365365395, "bravo_count_1_5km": 1, "nearest_competitor_km": 1.0844244679734714, "competitor_count_1_5km": 12, "nearest_transit_km": 2.4687341432481293, "transit_count_1km": 0, "coverage_gap_score": 0.47368302324727796, "coverage_gap_rank": 65, "centre_latitude": 40.343357108727432, "centre_longitude": 49.852016791561397 }, "geometry": { "type": "Polygon", "coordinates": [ [ [ 49.857978729433121, 40.338911645027245 ], [ 49.857826801077344, 40.347919118041354 ], [ 49.846054071124819, 40.347802250850606 ], [ 49.846207564610289, 40.33879481482338 ], [ 49.857978729433121, 40.338911645027245 ] ] ] } },
{ "type": "Feature", "properties": { "cell_id": 66, "nearest_bravo_km": 0.52323074320644847, "bravo_count_1_5km": 8, "nearest_competitor_km": 0.13405917653042349, "competitor_count_1_5km": 43, "nearest_transit_km": 0.55325929104825777, "transit_count_1km": 8, "coverage_gap_score": 0.23810989241268105, "coverage_gap_rank": 127, "centre_latitude": 40.370379406945631, "centre_longitude": 49.851558348633645 }, "geometry": { "type": "Polygon", "coordinates": [ [ [ 49.857522738670873, 40.365934020427211 ], [ 49.857370604550567, 40.374941449797035 ], [ 49.845593174972208, 40.374824471587338 ], [ 49.845746876340939, 40.365817079233558 ], [ 49.857522738670873, 40.365934020427211 ] ] ] } },
{ "type": "Feature", "properties": { "cell_id": 67, "nearest_bravo_km": 0.41413326584063448, "bravo_count_1_5km": 14, "nearest_competitor_km": 0.19227706022235061, "competitor_count_1_5km": 75, "nearest_transit_km": 0.15766253699993188, "transit_count_1km": 21, "coverage_gap_score": 0.10652111337792078, "coverage_gap_rank": 162, "centre_latitude": 40.379386810577515, "centre_longitude": 49.85140539638347 }, "geometry": { "type": "Polygon", "coordinates": [ [ [ 49.857370604550567, 40.374941449797035 ], [ 49.857218401772435, 40.383948864616833 ], [ 49.845439404238689, 40.383831849381345 ], [ 49.845593174972208, 40.374824471587338 ], [ 49.857370604550567, 40.374941449797035 ] ] ] } },
{ "type": "Feature", "properties": { "cell_id": 68, "nearest_bravo_km": 0.31780214875791263, "bravo_count_1_5km": 14, "nearest_competitor_km": 0.12507769882874414, "competitor_count_1_5km": 69, "nearest_transit_km": 0.73002931926762915, "transit_count_1km": 17, "coverage_gap_score": 0.089666063631922616, "coverage_gap_rank": 164, "centre_latitude": 40.38839419965403, "centre_longitude": 49.851252375104472 }, "geometry": { "type": "Polygon", "coordinates": [ [ [ 49.857218401772435, 40.383948864616833 ], [ 49.857066130301604, 40.392956264885626 ], [ 49.845285564105154, 40.392839212614604 ], [ 49.845439404238689, 40.383831849381345 ], [ 49.857218401772435, 40.383948864616833 ] ] ] } },
{ "type": "Feature", "properties": { "cell_id": 69, "nearest_bravo_km": 0.32626442368783892, "bravo_count_1_5km": 15, "nearest_competitor_km": 0.24745787445372483, "competitor_count_1_5km": 61, "nearest_transit_km": 0.22882129947073701, "transit_count_1km": 9, "coverage_gap_score": 0.072396707366031293, "coverage_gap_rank": 165, "centre_latitude": 40.397401574174211, "centre_longitude": 49.851099284761574 }, "geometry": { "type": "Polygon", "coordinates": [ [ [ 49.857066130301604, 40.392956264885626 ], [ 49.856913790103185, 40.401963650602454 ], [ 49.845131654536345, 40.401846561286163 ], [ 49.845285564105154, 40.392839212614604 ], [ 49.857066130301604, 40.392956264885626 ] ] ] } },
{ "type": "Feature", "properties": { "cell_id": 70, "nearest_bravo_km": 0.36312826283807592, "bravo_count_1_5km": 13, "nearest_competitor_km": 0.22397504955800882, "competitor_count_1_5km": 53, "nearest_transit_km": 0.5764138949756662, "transit_count_1km": 9, "coverage_gap_score": 0.11634677107879979, "coverage_gap_rank": 161, "centre_latitude": 40.406408934137069, "centre_longitude": 49.850946125319695 }, "geometry": { "type": "Polygon", "coordinates": [ [ [ 49.856913790103185, 40.401963650602454 ], [ 49.856761381142242, 40.410971021766343 ], [ 49.844977675496992, 40.410853895395022 ], [ 49.845131654536345, 40.401846561286163 ], [ 49.856913790103185, 40.401963650602454 ] ] ] } },
{ "type": "Feature", "properties": { "cell_id": 71, "nearest_bravo_km": 0.59417699211007824, "bravo_count_1_5km": 8, "nearest_competitor_km": 0.3378375554855173, "competitor_count_1_5km": 42, "nearest_transit_km": 1.2893341857990543, "transit_count_1km": 0, "coverage_gap_score": 0.25052335330440706, "coverage_gap_rank": 126, "centre_latitude": 40.415416279541667, "centre_longitude": 49.850792896743712 }, "geometry": { "type": "Polygon", "coordinates": [ [ [ 49.856761381142242, 40.410971021766343 ], [ 49.856608903383837, 40.419978378376342 ], [ 49.844823626951779, 40.419861214940241 ], [ 49.844977675496992, 40.410853895395022 ], [ 49.856761381142242, 40.410971021766343 ] ] ] } },
{ "type": "Feature", "properties": { "cell_id": 72, "nearest_bravo_km": 0.56298011040864238, "bravo_count_1_5km": 6, "nearest_competitor_km": 0.29390093938843881, "competitor_count_1_5km": 41, "nearest_transit_km": 0.66394580246481338, "transit_count_1km": 12, "coverage_gap_score": 0.28256483679466721, "coverage_gap_rank": 121, "centre_latitude": 40.424423610386995, "centre_longitude": 49.850639598998498 }, "geometry": { "type": "Polygon", "coordinates": [ [ [ 49.856608903383837, 40.419978378376342 ], [ 49.856456356792997, 40.428985720431498 ], [ 49.84466950886538, 40.428868519920833 ], [ 49.844823626951779, 40.419861214940241 ], [ 49.856608903383837, 40.419978378376342 ] ] ] } },
{ "type": "Feature", "properties": { "cell_id": 73, "nearest_bravo_km": 0.30749614166190492, "bravo_count_1_5km": 10, "nearest_competitor_km": 0.12517006791099178, "competitor_count_1_5km": 48, "nearest_transit_km": 0.35379294854704635, "transit_count_1km": 6, "coverage_gap_score": 0.1628628221919147, "coverage_gap_rank": 149, "centre_latitude": 40.379503207646529, "centre_longitude": 49.863183644277157 }, "geometry": { "type": "Polygon", "coordinates": [ [ [ 49.869148102786752, 40.375057228886583 ], [ 49.868997467998881, 40.384064680352743 ], [ 49.857218401772435, 40.383948864616833 ], [ 49.857370604550567, 40.374941449797035 ], [ 49.869148102786752, 40.375057228886583 ] ] ] } },
{ "type": "Feature", "properties": { "cell_id": 74, "nearest_bravo_km": 0.41721921006729984, "bravo_count_1_5km": 11, "nearest_competitor_km": 0.31154391382725116, "competitor_count_1_5km": 55, "nearest_transit_km": 0.66996207809224317, "transit_count_1km": 4, "coverage_gap_score": 0.16331106085313954, "coverage_gap_rank": 148, "centre_latitude": 40.388510633563953, "centre_longitude": 49.863032191324642 }, "geometry": { "type": "Polygon", "coordinates": [ [ [ 49.868997467998881, 40.384064680352743 ], [ 49.868846765225648, 40.393072117277541 ], [ 49.857066130301604, 40.392956264885626 ], [ 49.857218401772435, 40.383948864616833 ], [ 49.868997467998881, 40.384064680352743 ] ] ] } },
{ "type": "Feature", "properties": { "cell_id": 75, "nearest_bravo_km": 0.070917994059473147, "bravo_count_1_5km": 10, "nearest_competitor_km": 0.25716054455968296, "competitor_count_1_5km": 56, "nearest_transit_km": 0.75409106701867346, "transit_count_1km": 9, "coverage_gap_score": 0.12146875797452494, "coverage_gap_rank": 158, "centre_latitude": 40.397518044934749, "centre_longitude": 49.862880670015734 }, "geometry": { "type": "Polygon", "coordinates": [ [ [ 49.868846765225648, 40.393072117277541 ], [ 49.868695994432521, 40.402079539660029 ], [ 49.856913790103185, 40.401963650602454 ], [ 49.857066130301604, 40.392956264885626 ], [ 49.868846765225648, 40.393072117277541 ] ] ] } },
{ "type": "Feature", "properties": { "cell_id": 76, "nearest_bravo_km": 0.41465544265059023, "bravo_count_1_5km": 9, "nearest_competitor_km": 0.32234416750806366, "competitor_count_1_5km": 49, "nearest_transit_km": 0.69512764571411823, "transit_count_1km": 8, "coverage_gap_score": 0.20036247862286496, "coverage_gap_rank": 140, "centre_latitude": 40.406525441757935, "centre_longitude": 49.862729080315724 }, "geometry": { "type": "Polygon", "coordinates": [ [ [ 49.868695994432521, 40.402079539660029 ], [ 49.86854515558494, 40.411086947499221 ], [ 49.856761381142242, 40.410971021766343 ], [ 49.856913790103185, 40.401963650602454 ], [ 49.868695994432521, 40.402079539660029 ] ] ] } },
{ "type": "Feature", "properties": { "cell_id": 77, "nearest_bravo_km": 0.40458942599237052, "bravo_count_1_5km": 6, "nearest_competitor_km": 0.48013372474975086, "competitor_count_1_5km": 23, "nearest_transit_km": 1.0006915719557541, "transit_count_1km": 0, "coverage_gap_score": 0.25485122829528239, "coverage_gap_rank": 125, "centre_latitude": 40.415532824032546, "centre_longitude": 49.862577422189837 }, "geometry": { "type": "Polygon", "coordinates": [ [ [ 49.86854515558494, 40.411086947499221 ], [ 49.868394248648322, 40.420094340794201 ], [ 49.856608903383837, 40.419978378376342 ], [ 49.856761381142242, 40.410971021766343 ], [ 49.86854515558494, 40.411086947499221 ] ] ] } },
{ "type": "Feature", "properties": { "cell_id": 78, "nearest_bravo_km": 1.0924340945356132, "bravo_count_1_5km": 3, "nearest_competitor_km": 0.44809201035459323, "competitor_count_1_5km": 17, "nearest_transit_km": 0.035007864989649209, "transit_count_1km": 8, "coverage_gap_score": 0.43145336846469629, "coverage_gap_rank": 72, "centre_latitude": 40.424540191757622, "centre_longitude": 49.862425695603299 }, "geometry": { "type": "Polygon", "coordinates": [ [ [ 49.868394248648322, 40.420094340794201 ], [ 49.868243273588043, 40.429101719543986 ], [ 49.856456356792997, 40.428985720431498 ], [ 49.856608903383837, 40.419978378376342 ], [ 49.868394248648322, 40.420094340794201 ] ] ] } },
{ "type": "Feature", "properties": { "cell_id": 79, "nearest_bravo_km": 1.1447141513292183, "bravo_count_1_5km": 1, "nearest_competitor_km": 0.19362913786720054, "competitor_count_1_5km": 13, "nearest_transit_km": 0.40708654992764559, "transit_count_1km": 9, "coverage_gap_score": 0.47810080684873502, "coverage_gap_rank": 64, "centre_latitude": 40.433547544932217, "centre_longitude": 49.862273900521309 }, "geometry": { "type": "Polygon", "coordinates": [ [ [ 49.868243273588043, 40.429101719543986 ], [ 49.86809223036947, 40.438109083747605 ], [ 49.85630374133472, 40.437993047930817 ], [ 49.856456356792997, 40.428985720431498 ], [ 49.868243273588043, 40.429101719543986 ] ] ] } },
{ "type": "Feature", "properties": { "cell_id": 80, "nearest_bravo_km": 0.068512234351780776, "bravo_count_1_5km": 6, "nearest_competitor_km": 0.1129239250423212, "competitor_count_1_5km": 27, "nearest_transit_km": 0.45930462088966056, "transit_count_1km": 4, "coverage_gap_score": 0.19604782234356727, "coverage_gap_rank": 141, "centre_latitude": 40.37961840539549, "centre_longitude": 49.87496196049252 }, "geometry": { "type": "Polygon", "coordinates": [ [ [ 49.880925668973781, 40.375171808835667 ], [ 49.880776602210673, 40.384179296568774 ], [ 49.868997467998881, 40.384064680352743 ], [ 49.869148102786752, 40.375057228886583 ], [ 49.880925668973781, 40.375171808835667 ] ] ] } },
{ "type": "Feature", "properties": { "cell_id": 81, "nearest_bravo_km": 0.11432788857760189, "bravo_count_1_5km": 10, "nearest_competitor_km": 0.12351854451487485, "competitor_count_1_5km": 45, "nearest_transit_km": 0.22130446752543656, "transit_count_1km": 4, "coverage_gap_score": 0.12906418460020483, "coverage_gap_rank": 157, "centre_latitude": 40.388625867774373, "centre_longitude": 49.87481207590119 }, "geometry": { "type": "Polygon", "coordinates": [ [ [ 49.880776602210673, 40.384179296568774 ], [ 49.880627468169578, 40.393186769770054 ], [ 49.868846765225648, 40.393072117277541 ], [ 49.868997467998881, 40.384064680352743 ], [ 49.880776602210673, 40.384179296568774 ] ] ] } },
{ "type": "Feature", "properties": { "cell_id": 82, "nearest_bravo_km": 0.4643895416660585, "bravo_count_1_5km": 8, "nearest_competitor_km": 0.16794995311744426, "competitor_count_1_5km": 51, "nearest_transit_km": 0.63759799027714559, "transit_count_1km": 9, "coverage_gap_score": 0.22781445092801605, "coverage_gap_rank": 132, "centre_latitude": 40.397633315616226, "centre_longitude": 49.874662123661018 }, "geometry": { "type": "Polygon", "coordinates": [ [ [ 49.880627468169578, 40.393186769770054 ], [ 49.880478266816311, 40.402194228438567 ], [ 49.868695994432521, 40.402079539660029 ], [ 49.868846765225648, 40.393072117277541 ], [ 49.880627468169578, 40.393186769770054 ] ] ] } },
{ "type": "Feature", "properties": { "cell_id": 83, "nearest_bravo_km": 0.14216688605429231, "bravo_count_1_5km": 7, "nearest_competitor_km": 0.16357137994842191, "competitor_count_1_5km": 42, "nearest_transit_km": 0.46167042618481258, "transit_count_1km": 12, "coverage_gap_score": 0.1901851723096632, "coverage_gap_rank": 143, "centre_latitude": 40.406640748920033, "centre_longitude": 49.874512103737615 }, "geometry": { "type": "Polygon", "coordinates": [ [ [ 49.880478266816311, 40.402194228438567 ], [ 49.880328998116681, 40.411201672573348 ], [ 49.86854515558494, 40.411086947499221 ], [ 49.868695994432521, 40.402079539660029 ], [ 49.880478266816311, 40.402194228438567 ] ] ] } },
{ "type": "Feature", "properties": { "cell_id": 84, "nearest_bravo_km": 0.57365794283825811, "bravo_count_1_5km": 4, "nearest_competitor_km": 0.57520201134188409, "competitor_count_1_5km": 21, "nearest_transit_km": 0.32946497866493563, "transit_count_1km": 4, "coverage_gap_score": 0.32193313649087085, "coverage_gap_rank": 104, "centre_latitude": 40.4156481676849, "centre_longitude": 49.874362016096605 }, "geometry": { "type": "Polygon", "coordinates": [ [ [ 49.880328998116681, 40.411201672573348 ], [ 49.880179662036461, 40.420209102173466 ], [ 49.868394248648322, 40.420094340794201 ], [ 49.86854515558494, 40.411086947499221 ], [ 49.880328998116681, 40.411201672573348 ] ] ] } },
{ "type": "Feature", "properties": { "cell_id": 85, "nearest_bravo_km": 1.5165992267522599, "bravo_count_1_5km": 0, "nearest_competitor_km": 1.4480785087496124, "competitor_count_1_5km": 1, "nearest_transit_km": 0.90591899256246267, "transit_count_1km": 3, "coverage_gap_score": 0.56191951606620449, "coverage_gap_rank": 47, "centre_latitude": 40.424655571909838, "centre_longitude": 49.874211860703561 }, "geometry": { "type": "Polygon", "coordinates": [ [ [ 49.880179662036461, 40.420209102173466 ], [ 49.880030258541396, 40.429216517237947 ], [ 49.868243273588043, 40.429101719543986 ], [ 49.868394248648322, 40.420094340794201 ], [ 49.880179662036461, 40.420209102173466 ] ] ] } },
{ "type": "Feature", "properties": { "cell_id": 86, "nearest_bravo_km": 2.103332050643417, "bravo_count_1_5km": 0, "nearest_competitor_km": 1.186992864113962, "competitor_count_1_5km": 2, "nearest_transit_km": 1.2115196199499039, "transit_count_1km": 0, "coverage_gap_score": 0.66458012287514601, "coverage_gap_rank": 22, "centre_latitude": 40.433662961593903, "centre_longitude": 49.874061637524022 }, "geometry": { "type": "Polygon", "coordinates": [ [ [ 49.880030258541396, 40.429216517237947 ], [ 49.879880787597195, 40.438223917765853 ], [ 49.86809223036947, 40.438109083747605 ], [ 49.868243273588043, 40.429101719543986 ], [ 49.880030258541396, 40.429216517237947 ] ] ] } },
{ "type": "Feature", "properties": { "cell_id": 87, "nearest_bravo_km": 0.59950742835067983, "bravo_count_1_5km": 5, "nearest_competitor_km": 0.68531108156618659, "competitor_count_1_5km": 17, "nearest_transit_km": 0.29184871749105101, "transit_count_1km": 1, "coverage_gap_score": 0.30770601941193343, "coverage_gap_rank": 110, "centre_latitude": 40.37973240380424, "centre_longitude": 49.886740344322384 }, "geometry": { "type": "Polygon", "coordinates": [ [ [ 49.892703302404641, 40.375285189624229 ], [ 49.892555803700446, 40.384292713244825 ], [ 49.880776602210673, 40.384179296568774 ], [ 49.880925668973781, 40.375171808835667 ], [ 49.892703302404641, 40.375285189624229 ] ] ] } },
{ "type": "Feature", "properties": { "cell_id": 88, "nearest_bravo_km": 0.3054219252564157, "bravo_count_1_5km": 6, "nearest_competitor_km": 0.50093154904337767, "competitor_count_1_5km": 30, "nearest_transit_km": 0.82437254082182065, "transit_count_1km": 1, "coverage_gap_score": 0.23749989667254731, "coverage_gap_rank": 128, "centre_latitude": 40.388739902265087, "centre_longitude": 49.886592028126593 }, "geometry": { "type": "Polygon", "coordinates": [ [ [ 49.892555803700446, 40.384292713244825 ], [ 49.892408238425666, 40.393300222343044 ], [ 49.880627468169578, 40.393186769770054 ], [ 49.880776602210673, 40.384179296568774 ], [ 49.892555803700446, 40.384292713244825 ] ] ] } },
{ "type": "Feature", "properties": { "cell_id": 89, "nearest_bravo_km": 1.0037975908240597, "bravo_count_1_5km": 3, "nearest_competitor_km": 0.3062927852056469, "competitor_count_1_5km": 31, "nearest_transit_km": 0.47573078426266069, "transit_count_1km": 3, "coverage_gap_score": 0.41594464475617043, "coverage_gap_rank": 80, "centre_latitude": 40.397747386198382, "centre_longitude": 49.886443644989505 }, "geometry": { "type": "Polygon", "coordinates": [ [ [ 49.892408238425666, 40.393300222343044 ], [ 49.892260606546465, 40.402307716917953 ], [ 49.880478266816311, 40.402194228438567 ], [ 49.880627468169578, 40.393186769770054 ], [ 49.892408238425666, 40.393300222343044 ] ] ] } },
{ "type": "Feature", "properties": { "cell_id": 90, "nearest_bravo_km": 0.85843420271192039, "bravo_count_1_5km": 2, "nearest_competitor_km": 0.78187565402868509, "competitor_count_1_5km": 23, "nearest_transit_km": 0.9202503601961185, "transit_count_1km": 3, "coverage_gap_score": 0.40926042150541153, "coverage_gap_rank": 82, "centre_latitude": 40.406754855603168, "centre_longitude": 49.886295194877121 }, "geometry": { "type": "Polygon", "coordinates": [ [ [ 49.892260606546465, 40.402307716917953 ], [ 49.89211290802902, 40.411315196968573 ], [ 49.880328998116681, 40.411201672573348 ], [ 49.880478266816311, 40.402194228438567 ], [ 49.892260606546465, 40.402307716917953 ] ] ] } },
{ "type": "Feature", "properties": { "cell_id": 91, "nearest_bravo_km": 1.3270675342894624, "bravo_count_1_5km": 2, "nearest_competitor_km": 1.2887272109310854, "competitor_count_1_5km": 4, "nearest_transit_km": 0.36703647237806003, "transit_count_1km": 9, "coverage_gap_score": 0.49125716726710966, "coverage_gap_rank": 58, "centre_latitude": 40.415762310478492, "centre_longitude": 49.886146677755406 }, "geometry": { "type": "Polygon", "coordinates": [ [ [ 49.89211290802902, 40.411315196968573 ], [ 49.891965142839446, 40.42032266249398 ], [ 49.880179662036461, 40.420209102173466 ], [ 49.880328998116681, 40.411201672573348 ], [ 49.89211290802902, 40.411315196968573 ] ] ] } },
{ "type": "Feature", "properties": { "cell_id": 92, "nearest_bravo_km": 1.9776829823318665, "bravo_count_1_5km": 0, "nearest_competitor_km": 1.0582750934189389, "competitor_count_1_5km": 1, "nearest_transit_km": 1.1560443993878891, "transit_count_1km": 0, "coverage_gap_score": 0.64259531297087724, "coverage_gap_rank": 25, "centre_latitude": 40.424769750823415, "centre_longitude": 49.885998093590288 }, "geometry": { "type": "Polygon", "coordinates": [ [ [ 49.891965142839446, 40.42032266249398 ], [ 49.891817310943857, 40.429330113493229 ], [ 49.880030258541396, 40.429216517237947 ], [ 49.880179662036461, 40.420209102173466 ], [ 49.891965142839446, 40.42032266249398 ] ] ] } },
{ "type": "Feature", "properties": { "cell_id": 93, "nearest_bravo_km": 2.8075291196725272, "bravo_count_1_5km": 0, "nearest_competitor_km": 0.42136694004144148, "competitor_count_1_5km": 1, "nearest_transit_km": 2.0603193044224399, "transit_count_1km": 0, "coverage_gap_score": 0.78779344157131881, "coverage_gap_rank": 10, "centre_latitude": 40.43377717663698, "centre_longitude": 49.885849442347691 }, "geometry": { "type": "Polygon", "coordinates": [ [ [ 49.891817310943857, 40.429330113493229 ], [ 49.891669412308332, 40.438337549965354 ], [ 49.879880787597195, 40.438223917765853 ], [ 49.880030258541396, 40.429216517237947 ], [ 49.891817310943857, 40.429330113493229 ] ] ] } },
{ "type": "Feature", "properties": { "cell_id": 94, "nearest_bravo_km": 1.2546511282702224, "bravo_count_1_5km": 1, "nearest_competitor_km": 0.81295808015534721, "competitor_count_1_5km": 7, "nearest_transit_km": 0.732345594949388, "transit_count_1km": 1, "coverage_gap_score": 0.49733647307353412, "coverage_gap_rank": 55, "centre_latitude": 40.379845202852771, "centre_longitude": 49.898518795059545 }, "geometry": { "type": "Polygon", "coordinates": [ [ [ 49.904481002372286, 40.375397371232367 ], [ 49.904335071760812, 40.384404930361022 ], [ 49.892555803700446, 40.384292713244825 ], [ 49.892703302404641, 40.375285189624229 ], [ 49.904481002372286, 40.375397371232367 ] ] ] } },
{ "type": "Feature", "properties": { "cell_id": 95, "nearest_bravo_km": 0.69891094181347113, "bravo_count_1_5km": 1, "nearest_competitor_km": 0.49835487053109695, "competitor_count_1_5km": 13, "nearest_transit_km": 1.0818793655127743, "transit_count_1km": 0, "coverage_gap_score": 0.40009864616724861, "coverage_gap_rank": 85, "centre_latitude": 40.388852737016094, "centre_longitude": 49.898372047293272 }, "geometry": { "type": "Polygon", "coordinates": [ [ [ 49.904335071760812, 40.384404930361022 ], [ 49.904189075286155, 40.393412474976628 ], [ 49.892408238425666, 40.393300222343044 ], [ 49.892555803700446, 40.384292713244825 ], [ 49.904335071760812, 40.384404930361022 ] ] ] } },
{ "type": "Feature", "properties": { "cell_id": 96, "nearest_bravo_km": 1.1844000825326906, "bravo_count_1_5km": 1, "nearest_competitor_km": 0.22946832685955187, "competitor_count_1_5km": 11, "nearest_transit_km": 0.47003090068765002, "transit_count_1km": 3, "coverage_gap_score": 0.48504465183785084, "coverage_gap_rank": 62, "centre_latitude": 40.397860256661254, "centre_longitude": 49.898225233293289 }, "geometry": { "type": "Polygon", "coordinates": [ [ [ 49.904189075286155, 40.393412474976628 ], [ 49.904043012914869, 40.402420005078277 ], [ 49.892260606546465, 40.402307716917953 ], [ 49.892408238425666, 40.393300222343044 ], [ 49.904189075286155, 40.393412474976628 ] ] ] } },
{ "type": "Feature", "properties": { "cell_id": 97, "nearest_bravo_km": 1.8230010119238604, "bravo_count_1_5km": 0, "nearest_competitor_km": 1.1645157785820559, "competitor_count_1_5km": 6, "nearest_transit_km": 0.99115335145533956, "transit_count_1km": 1, "coverage_gap_score": 0.61553061793783703, "coverage_gap_rank": 30, "centre_latitude": 40.406867761787304, "centre_longitude": 49.898078353025959 }, "geometry": { "type": "Polygon", "coordinates": [ [ [ 49.904043012914869, 40.402420005078277 ], [ 49.903896884613467, 40.411427520664994 ], [ 49.89211290802902, 40.411315196968573 ], [ 49.892260606546465, 40.402307716917953 ], [ 49.904043012914869, 40.402420005078277 ] ] ] } },
{ "type": "Feature", "properties": { "cell_id": 98, "nearest_bravo_km": 1.3570411510400622, "bravo_count_1_5km": 1, "nearest_competitor_km": 1.1963801251940496, "competitor_count_1_5km": 1, "nearest_transit_km": 0.453259564184256, "transit_count_1km": 6, "coverage_gap_score": 0.51525164918217981, "coverage_gap_rank": 52, "centre_latitude": 40.415875252393306, "centre_longitude": 49.897931406457595 }, "geometry": { "type": "Polygon", "coordinates": [ [ [ 49.903896884613467, 40.411427520664994 ], [ 49.903750690348446, 40.420435021735855 ], [ 49.891965142839446, 40.42032266249398 ], [ 49.89211290802902, 40.411315196968573 ], [ 49.903896884613467, 40.411427520664994 ] ] ] } },
{ "type": "Feature", "properties": { "cell_id": 99, "nearest_bravo_km": 1.5361603698041608, "bravo_count_1_5km": 0, "nearest_competitor_km": 0.56716643477303985, "competitor_count_1_5km": 2, "nearest_transit_km": 1.0447338199717882, "transit_count_1km": 0, "coverage_gap_score": 0.5653421280862152, "coverage_gap_rank": 46, "centre_latitude": 40.424882728478309, "centre_longitude": 49.897784393554502 }, "geometry": { "type": "Polygon", "coordinates": [ [ [ 49.903750690348446, 40.420435021735855 ], [ 49.903604430086261, 40.429442508289924 ], [ 49.891817310943857, 40.429330113493229 ], [ 49.891965142839446, 40.42032266249398 ], [ 49.903750690348446, 40.420435021735855 ] ] ] } },
{ "type": "Feature", "properties": { "cell_id": 100, "nearest_bravo_km": 2.2086232539520121, "bravo_count_1_5km": 0, "nearest_competitor_km": 0.58033373319856885, "competitor_count_1_5km": 2, "nearest_transit_km": 1.5682326829968012, "transit_count_1km": 0, "coverage_gap_score": 0.68300291836768046, "coverage_gap_rank": 19, "centre_latitude": 40.433890190041375, "centre_longitude": 49.897637314282953 }, "geometry": { "type": "Polygon", "coordinates": [ [ [ 49.903604430086261, 40.429442508289924 ], [ 49.903458103793355, 40.438449980326247 ], [ 49.891669412308332, 40.438337549965354 ], [ 49.891817310943857, 40.429330113493229 ], [ 49.903604430086261, 40.429442508289924 ] ] ] } },
{ "type": "Feature", "properties": { "cell_id": 101, "nearest_bravo_km": 1.3454886790874914, "bravo_count_1_5km": 1, "nearest_competitor_km": 0.92659043863951074, "competitor_count_1_5km": 9, "nearest_transit_km": 0.70134646232725728, "transit_count_1km": 1, "coverage_gap_score": 0.51323031386139639, "coverage_gap_rank": 53, "centre_latitude": 40.370949218527088, "centre_longitude": 49.910442425807091 }, "geometry": { "type": "Polygon", "coordinates": [ [ [ 49.916403065532357, 40.366500744880348 ], [ 49.916258768169676, 40.37550835364042 ], [ 49.904481002372286, 40.375397371232367 ], [ 49.904626867154043, 40.366389797591637 ], [ 49.916403065532357, 40.366500744880348 ] ] ] } },
{ "type": "Feature", "properties": { "cell_id": 102, "nearest_bravo_km": 1.5409727025070787, "bravo_count_1_5km": 0, "nearest_competitor_km": 0.55176316244321755, "competitor_count_1_5km": 14, "nearest_transit_km": 0.29894390914111385, "transit_count_1km": 1, "coverage_gap_score": 0.5661841416490011, "coverage_gap_rank": 44, "centre_latitude": 40.379956802521313, "centre_longitude": 49.910297311996779 }, "geometry": { "type": "Polygon", "coordinates": [ [ [ 49.916258768169676, 40.37550835364042 ], [ 49.91611440568434, 40.384515947897668 ], [ 49.904335071760812, 40.384404930361022 ], [ 49.904481002372286, 40.375397371232367 ], [ 49.916258768169676, 40.37550835364042 ] ] ] } },
{ "type": "Feature", "properties": { "cell_id": 103, "nearest_bravo_km": 1.6981373491993663, "bravo_count_1_5km": 0, "nearest_competitor_km": 0.28446130922594542, "competitor_count_1_5km": 12, "nearest_transit_km": 1.2987871501543977, "transit_count_1km": 0, "coverage_gap_score": 0.59368323040176585, "coverage_gap_rank": 38, "centre_latitude": 40.388964372007599, "centre_longitude": 49.910152132693639 }, "geometry": { "type": "Polygon", "coordinates": [ [ [ 49.91611440568434, 40.384515947897668 ], [ 49.915969978043272, 40.393523527651119 ], [ 49.904189075286155, 40.393412474976628 ], [ 49.904335071760812, 40.384404930361022 ], [ 49.91611440568434, 40.384515947897668 ] ] ] } },
{ "type": "Feature", "properties": { "cell_id": 104, "nearest_bravo_km": 1.9488451728299767, "bravo_count_1_5km": 0, "nearest_competitor_km": 0.84559684366220023, "competitor_count_1_5km": 12, "nearest_transit_km": 1.4700154330276687, "transit_count_1km": 0, "coverage_gap_score": 0.6375495631816106, "coverage_gap_rank": 27, "centre_latitude": 40.397971926985036, "centre_longitude": 49.910006887864419 }, "geometry": { "type": "Polygon", "coordinates": [ [ [ 49.915969978043272, 40.393523527651119 ], [ 49.915825485213382, 40.402531092899849 ], [ 49.904043012914869, 40.402420005078277 ], [ 49.904189075286155, 40.393412474976628 ], [ 49.915969978043272, 40.393523527651119 ] ] ] } },
{ "type": "Feature", "properties": { "cell_id": 105, "nearest_bravo_km": 1.2854384003483934, "bravo_count_1_5km": 1, "nearest_competitor_km": 1.5539324026224977, "competitor_count_1_5km": 0, "nearest_transit_km": 1.5659233854879362, "transit_count_1km": 0, "coverage_gap_score": 0.5027233202121959, "coverage_gap_rank": 54, "centre_latitude": 40.406979467452643, "centre_longitude": 49.909861577475816 }, "geometry": { "type": "Polygon", "coordinates": [ [ [ 49.915825485213382, 40.402531092899849 ], [ 49.915680927161539, 40.411538643642899 ], [ 49.903896884613467, 40.411427520664994 ], [ 49.904043012914869, 40.402420005078277 ], [ 49.915825485213382, 40.402531092899849 ] ] ] } },
{ "type": "Feature", "properties": { "cell_id": 106, "nearest_bravo_km": 0.4130131683505443, "bravo_count_1_5km": 2, "nearest_competitor_km": 1.1411855187249362, "competitor_count_1_5km": 4, "nearest_transit_km": 0.73783260627333624, "transit_count_1km": 15, "coverage_gap_score": 0.33132512998763552, "coverage_gap_rank": 101, "centre_latitude": 40.415986993409518, "centre_longitude": 49.909716201494518 }, "geometry": { "type": "Polygon", "coordinates": [ [ [ 49.915680927161539, 40.411538643642899 ], [ 49.915536303854594, 40.420546179879359 ], [ 49.903750690348446, 40.420435021735855 ], [ 49.903896884613467, 40.411427520664994 ], [ 49.915680927161539, 40.411538643642899 ] ] ] } },
{ "type": "Feature", "properties": { "cell_id": 107, "nearest_bravo_km": 0.82994450017556809, "bravo_count_1_5km": 1, "nearest_competitor_km": 0.43892681499463321, "competitor_count_1_5km": 4, "nearest_transit_km": 0.18612403828566118, "transit_count_1km": 11, "coverage_gap_score": 0.42302557997090973, "coverage_gap_rank": 76, "centre_latitude": 40.424994504854702, "centre_longitude": 49.909570759887167 }, "geometry": { "type": "Polygon", "coordinates": [ [ [ 49.915536303854594, 40.420546179879359 ], [ 49.915391615259374, 40.429553701608285 ], [ 49.903604430086261, 40.429442508289924 ], [ 49.903750690348446, 40.420435021735855 ], [ 49.915536303854594, 40.420546179879359 ] ] ] } },
{ "type": "Feature", "properties": { "cell_id": 108, "nearest_bravo_km": 1.7908198875130887, "bravo_count_1_5km": 0, "nearest_competitor_km": 1.0406772360800272, "competitor_count_1_5km": 1, "nearest_transit_km": 1.1842833913613176, "transit_count_1km": 0, "coverage_gap_score": 0.60989988854060684, "coverage_gap_rank": 32, "centre_latitude": 40.434002001787263, "centre_longitude": 49.909425252620416 }, "geometry": { "type": "Polygon", "coordinates": [ [ [ 49.915391615259374, 40.429553701608285 ], [ 49.915246861342681, 40.438561208828737 ], [ 49.903458103793355, 40.438449980326247 ], [ 49.903604430086261, 40.429442508289924 ], [ 49.915391615259374, 40.429553701608285 ] ] ] } },
{ "type": "Feature", "properties": { "cell_id": 109, "nearest_bravo_km": 0.3935430405780237, "bravo_count_1_5km": 1, "nearest_competitor_km": 0.052301020159439091, "competitor_count_1_5km": 16, "nearest_transit_km": 1.2123629318191194, "transit_count_1km": 0, "coverage_gap_score": 0.3466684429055687, "coverage_gap_rank": 97, "centre_latitude": 40.371059583861829, "centre_longitude": 49.922219440448004 }, "geometry": { "type": "Polygon", "coordinates": [ [ [ 49.92817932900028, 40.366610493328899 ], [ 49.928036599089708, 40.375618136828969 ], [ 49.916258768169676, 40.37550835364042 ], [ 49.916403065532357, 40.366500744880348 ], [ 49.92817932900028, 40.366610493328899 ] ] ] } },
{ "type": "Feature", "properties": { "cell_id": 110, "nearest_bravo_km": 0.84801722217580233, "bravo_count_1_5km": 1, "nearest_competitor_km": 0.12462402936339602, "competitor_count_1_5km": 18, "nearest_transit_km": 1.0331042924325995, "transit_count_1km": 0, "coverage_gap_score": 0.42618776304928058, "coverage_gap_rank": 75, "centre_latitude": 40.380067202790315, "centre_longitude": 49.922075894426825 }, "geometry": { "type": "Polygon", "coordinates": [ [ [ 49.928036599089708, 40.375618136828969 ], [ 49.927893804763592, 40.384625765835338 ], [ 49.91611440568434, 40.384515947897668 ], [ 49.916258768169676, 40.37550835364042 ], [ 49.928036599089708, 40.375618136828969 ] ] ] } },
{ "type": "Feature", "properties": { "cell_id": 111, "nearest_bravo_km": 1.812012774079182, "bravo_count_1_5km": 0, "nearest_competitor_km": 0.41805411527739356, "competitor_count_1_5km": 11, "nearest_transit_km": 1.6324169441770304, "transit_count_1km": 0, "coverage_gap_score": 0.61360800662488124, "coverage_gap_rank": 31, "centre_latitude": 40.389074807220055, "centre_longitude": 49.921932283620102 }, "geometry": { "type": "Polygon", "coordinates": [ [ [ 49.927893804763592, 40.384625765835338 ], [ 49.927750945989217, 40.393633380347048 ], [ 49.915969978043272, 40.393523527651119 ], [ 49.91611440568434, 40.384515947897668 ], [ 49.927893804763592, 40.384625765835338 ] ] ] } },
{ "type": "Feature", "properties": { "cell_id": 112, "nearest_bravo_km": 1.6580813577028035, "bravo_count_1_5km": 0, "nearest_competitor_km": 0.64841771447665608, "competitor_count_1_5km": 5, "nearest_transit_km": 2.2322043180922591, "transit_count_1km": 0, "coverage_gap_score": 0.58667463598548719, "coverage_gap_rank": 41, "centre_latitude": 40.398082397150127, "centre_longitude": 49.921788607994927 }, "geometry": { "type": "Polygon", "coordinates": [ [ [ 49.927750945989217, 40.393633380347048 ], [ 49.92760802273385, 40.402640980363174 ], [ 49.915825485213382, 40.402531092899849 ], [ 49.915969978043272, 40.393523527651119 ], [ 49.927750945989217, 40.393633380347048 ] ] ] } },
{ "type": "Feature", "properties": { "cell_id": 113, "nearest_bravo_km": 0.92992074326663743, "bravo_count_1_5km": 4, "nearest_competitor_km": 0.93981972211492859, "competitor_count_1_5km": 13, "nearest_transit_km": 1.3705598206292051, "transit_count_1km": 0, "coverage_gap_score": 0.38426841719474192, "coverage_gap_rank": 88, "centre_latitude": 40.407089972579598, "centre_longitude": 49.921644867518374 }, "geometry": { "type": "Polygon", "coordinates": [ [ [ 49.92760802273385, 40.402640980363174 ], [ 49.927465034964712, 40.411648565882807 ], [ 49.915680927161539, 40.411538643642899 ], [ 49.915825485213382, 40.402531092899849 ], [ 49.92760802273385, 40.402640980363174 ] ] ] } },
{ "type": "Feature", "properties": { "cell_id": 114, "nearest_bravo_km": 0.49778265089962453, "bravo_count_1_5km": 4, "nearest_competitor_km": 0.49002390026141024, "competitor_count_1_5km": 23, "nearest_transit_km": 0.39301610005356369, "transit_count_1km": 15, "coverage_gap_score": 0.30865724123659288, "coverage_gap_rank": 108, "centre_latitude": 40.416097533507532, "centre_longitude": 49.921501062157468 }, "geometry": { "type": "Polygon", "coordinates": [ [ [ 49.927465034964712, 40.411648565882807 ], [ 49.927321982649019, 40.420656136904981 ], [ 49.915536303854594, 40.420546179879359 ], [ 49.915680927161539, 40.411538643642899 ], [ 49.927465034964712, 40.411648565882807 ] ] ] } },
{ "type": "Feature", "properties": { "cell_id": 115, "nearest_bravo_km": 1.0088741571605901, "bravo_count_1_5km": 3, "nearest_competitor_km": 0.5319614733502348, "competitor_count_1_5km": 16, "nearest_transit_km": 0.50726032546596067, "transit_count_1km": 15, "coverage_gap_score": 0.41683289126189305, "coverage_gap_rank": 79, "centre_latitude": 40.425105079932976, "centre_longitude": 49.921357191879238 }, "geometry": { "type": "Polygon", "coordinates": [ [ [ 49.927321982649019, 40.420656136904981 ], [ 49.927178865753959, 40.429663693428807 ], [ 49.915391615259374, 40.429553701608285 ], [ 49.915536303854594, 40.420546179879359 ], [ 49.927321982649019, 40.420656136904981 ] ] ] } },
{ "type": "Feature", "properties": { "cell_id": 116, "nearest_bravo_km": 1.8804401243132445, "bravo_count_1_5km": 0, "nearest_competitor_km": 1.2834453346832688, "competitor_count_1_5km": 4, "nearest_transit_km": 1.2853786395689961, "transit_count_1km": 0, "coverage_gap_score": 0.62558073596831409, "coverage_gap_rank": 29, "centre_latitude": 40.434112611855028, "centre_longitude": 49.921213256650681 }, "geometry": { "type": "Polygon", "coordinates": [ [ [ 49.927178865753959, 40.429663693428807 ], [ 49.927035684246697, 40.43867123545332 ], [ 49.915246861342681, 40.438561208828737 ], [ 49.915391615259374, 40.429553701608285 ], [ 49.927178865753959, 40.429663693428807 ] ] ] } },
{ "type": "Feature", "properties": { "cell_id": 117, "nearest_bravo_km": 0.70669120839457844, "bravo_count_1_5km": 3, "nearest_competitor_km": 0.19380635671574267, "competitor_count_1_5km": 39, "nearest_transit_km": 0.27823810053965742, "transit_count_1km": 1, "coverage_gap_score": 0.36395995894169803, "coverage_gap_rank": 94, "centre_latitude": 40.371168750157089, "centre_longitude": 49.933996519841571 }, "geometry": { "type": "Polygon", "coordinates": [ [ [ 49.939955656851041, 40.366719042918064 ], [ 49.939814494425271, 40.375726720778736 ], [ 49.928036599089708, 40.375618136828969 ], [ 49.92817932900028, 40.366610493328899 ], [ 49.939955656851041, 40.366719042918064 ] ] ] } },
{ "type": "Feature", "properties": { "cell_id": 118, "nearest_bravo_km": 1.0313435646483462, "bravo_count_1_5km": 2, "nearest_competitor_km": 0.57159340061037456, "competitor_count_1_5km": 20, "nearest_transit_km": 1.0140519348456876, "transit_count_1km": 0, "coverage_gap_score": 0.43951436213484074, "coverage_gap_rank": 69, "centre_latitude": 40.380176403640405, "centre_longitude": 49.933854541642418 }, "geometry": { "type": "Polygon", "coordinates": [ [ [ 49.939814494425271, 40.375726720778736 ], [ 49.939673268291095, 40.38473438415474 ], [ 49.927893804763592, 40.384625765835338 ], [ 49.928036599089708, 40.375618136828969 ], [ 49.939814494425271, 40.375726720778736 ] ] ] } },
{ "type": "Feature", "properties": { "cell_id": 119, "nearest_bravo_km": 1.7083570840017872, "bravo_count_1_5km": 0, "nearest_competitor_km": 0.70526957529717182, "competitor_count_1_5km": 17, "nearest_transit_km": 1.7361044007428377, "transit_count_1km": 0, "coverage_gap_score": 0.59547137678376805, "coverage_gap_rank": 37, "centre_latitude": 40.389184042634078, "centre_longitude": 49.933712499365008 }, "geometry": { "type": "Polygon", "coordinates": [ [ [ 49.939673268291095, 40.38473438415474 ], [ 49.939531978416156, 40.393742033045143 ], [ 49.927750945989217, 40.393633380347048 ], [ 49.927893804763592, 40.384625765835338 ], [ 49.939673268291095, 40.38473438415474 ] ] ] } },
{ "type": "Feature", "properties": { "cell_id": 120, "nearest_bravo_km": 1.4536747969661001, "bravo_count_1_5km": 1, "nearest_competitor_km": 0.5453485051000343, "competitor_count_1_5km": 43, "nearest_transit_km": 1.5223848716995192, "transit_count_1km": 0, "coverage_gap_score": 0.53215963238164665, "coverage_gap_rank": 48, "centre_latitude": 40.398191667137191, "centre_longitude": 49.933570392976826 }, "geometry": { "type": "Polygon", "coordinates": [ [ [ 49.939531978416156, 40.393742033045143 ], [ 49.939390624768073, 40.402749667449015 ], [ 49.92760802273385, 40.402640980363174 ], [ 49.927750945989217, 40.393633380347048 ], [ 49.939531978416156, 40.393742033045143 ] ] ] } },
{ "type": "Feature", "properties": { "cell_id": 121, "nearest_bravo_km": 0.47821461220924211, "bravo_count_1_5km": 5, "nearest_competitor_km": 0.20817270897671813, "competitor_count_1_5km": 63, "nearest_transit_km": 0.85095697656868274, "transit_count_1km": 7, "coverage_gap_score": 0.286483422687133, "coverage_gap_rank": 119, "centre_latitude": 40.407199277148784, "centre_longitude": 49.933428222445265 }, "geometry": { "type": "Polygon", "coordinates": [ [ [ 49.939390624768073, 40.402749667449015 ], [ 49.939249207314433, 40.411757287365425 ], [ 49.927465034964712, 40.411648565882807 ], [ 49.92760802273385, 40.402640980363174 ], [ 49.939390624768073, 40.402749667449015 ] ] ] } },
{ "type": "Feature", "properties": { "cell_id": 122, "nearest_bravo_km": 0.019659143593268567, "bravo_count_1_5km": 4, "nearest_competitor_km": 0.20733257843331862, "competitor_count_1_5km": 57, "nearest_transit_km": 0.14635905839858296, "transit_count_1km": 10, "coverage_gap_score": 0.225, "coverage_gap_rank": 133, "centre_latitude": 40.416206872667935, "centre_longitude": 49.93328598773774 }, "geometry": { "type": "Polygon", "coordinates": [ [ [ 49.939249207314433, 40.411757287365425 ], [ 49.939107726022812, 40.420764892793457 ], [ 49.927321982649019, 40.420656136904981 ], [ 49.927465034964712, 40.411648565882807 ], [ 49.939249207314433, 40.411757287365425 ] ] ] } },
{ "type": "Feature", "properties": { "cell_id": 123, "nearest_bravo_km": 0.98348445962110698, "bravo_count_1_5km": 2, "nearest_competitor_km": 0.33972331319209492, "competitor_count_1_5km": 30, "nearest_transit_km": 0.80407950659224636, "transit_count_1km": 7, "coverage_gap_score": 0.43114045741472451, "coverage_gap_rank": 73, "centre_latitude": 40.425214453693741, "centre_longitude": 49.933143688821637 }, "geometry": { "type": "Polygon", "coordinates": [ [ [ 49.939107726022812, 40.420764892793457 ], [ 49.938966180860753, 40.429772483732187 ], [ 49.927178865753959, 40.429663693428807 ], [ 49.927321982649019, 40.420656136904981 ], [ 49.939107726022812, 40.420764892793457 ] ] ] } },
{ "type": "Feature", "properties": { "cell_id": 124, "nearest_bravo_km": 1.4319587250782357, "bravo_count_1_5km": 1, "nearest_competitor_km": 0.77436119282882387, "competitor_count_1_5km": 25, "nearest_transit_km": 2.1497307222928543, "transit_count_1km": 0, "coverage_gap_score": 0.52835997259317657, "coverage_gap_rank": 49, "centre_latitude": 40.353261298638031, "centre_longitude": 49.946054293985981 }, "geometry": { "type": "Polygon", "coordinates": [ [ [ 49.952011049319275, 40.348810926521509 ], [ 49.951871580317238, 40.357818667312102 ], [ 49.940096755600742, 40.357711350573638 ], [ 49.940237790706682, 40.348703643746411 ], [ 49.952011049319275, 40.348810926521509 ] ] ] } },
{ "type": "Feature", "properties": { "cell_id": 125, "nearest_bravo_km": 0.70566754595774905, "bravo_count_1_5km": 5, "nearest_competitor_km": 0.11401653923401385, "competitor_count_1_5km": 62, "nearest_transit_km": 1.2382936199334829, "transit_count_1km": 0, "coverage_gap_score": 0.32628084878686553, "coverage_gap_rank": 102, "centre_latitude": 40.362269015255279, "centre_longitude": 49.945914010286721 }, "geometry": { "type": "Polygon", "coordinates": [ [ [ 49.951871580317238, 40.357818667312102 ], [ 49.95173204837787, 40.366826393628799 ], [ 49.939955656851041, 40.366719042918064 ], [ 49.940096755600742, 40.357711350573638 ], [ 49.951871580317238, 40.357818667312102 ] ] ] } },
{ "type": "Feature", "properties": { "cell_id": 126, "nearest_bravo_km": 0.37807941244470505, "bravo_count_1_5km": 4, "nearest_competitor_km": 0.11800801156698637, "competitor_count_1_5km": 69, "nearest_transit_km": 0.54915630622890865, "transit_count_1km": 7, "coverage_gap_score": 0.2877127728237312, "coverage_gap_rank": 118, "centre_latitude": 40.371276717393741, "centre_longitude": 49.94577366328086 }, "geometry": { "type": "Polygon", "coordinates": [ [ [ 49.95173204837787, 40.366826393628799 ], [ 49.951592453469239, 40.375834105470688 ], [ 49.939814494425271, 40.375726720778736 ], [ 49.939955656851041, 40.366719042918064 ], [ 49.95173204837787, 40.366826393628799 ] ] ] } },
{ "type": "Feature", "properties": { "cell_id": 127, "nearest_bravo_km": 0.58630905128180533, "bravo_count_1_5km": 5, "nearest_competitor_km": 0.26735761289035848, "competitor_count_1_5km": 58, "nearest_transit_km": 0.82883365410827337, "transit_count_1km": 7, "coverage_gap_score": 0.30539670017221893, "coverage_gap_rank": 111, "centre_latitude": 40.380284405052471, "centre_longitude": 49.94563325293624 }, "geometry": { "type": "Polygon", "coordinates": [ [ [ 49.951592453469239, 40.375834105470688 ], [ 49.951452795559355, 40.384841802836853 ], [ 49.939673268291095, 40.38473438415474 ], [ 49.939814494425271, 40.375726720778736 ], [ 49.951592453469239, 40.375834105470688 ] ] ] } },
{ "type": "Feature", "properties": { "cell_id": 128, "nearest_bravo_km": 0.72158734570768124, "bravo_count_1_5km": 3, "nearest_competitor_km": 0.45444623036241805, "competitor_count_1_5km": 57, "nearest_transit_km": 0.79096765848193962, "transit_count_1km": 5, "coverage_gap_score": 0.36656633518894904, "coverage_gap_rank": 92, "centre_latitude": 40.389292078230532, "centre_longitude": 49.945492779220707 }, "geometry": { "type": "Polygon", "coordinates": [ [ [ 49.951452795559355, 40.384841802836853 ], [ 49.95131307461623, 40.393849485726349 ], [ 49.939531978416156, 40.393742033045143 ], [ 49.939673268291095, 40.38473438415474 ], [ 49.951452795559355, 40.384841802836853 ] ] ] } },
{ "type": "Feature", "properties": { "cell_id": 129, "nearest_bravo_km": 0.92216692506298492, "bravo_count_1_5km": 6, "nearest_competitor_km": 0.25925612452568025, "competitor_count_1_5km": 86, "nearest_transit_km": 0.53145760027649402, "transit_count_1km": 5, "coverage_gap_score": 0.34541173209130066, "coverage_gap_rank": 98, "centre_latitude": 40.398299736927036, "centre_longitude": 49.945352242102075 }, "geometry": { "type": "Polygon", "coordinates": [ [ [ 49.95131307461623, 40.393849485726349 ], [ 49.951173290607841, 40.402857154138282 ], [ 49.939390624768073, 40.402749667449015 ], [ 49.939531978416156, 40.393742033045143 ], [ 49.95131307461623, 40.393849485726349 ] ] ] } },
{ "type": "Feature", "properties": { "cell_id": 130, "nearest_bravo_km": 0.37049537069136562, "bravo_count_1_5km": 8, "nearest_competitor_km": 0.077681777514835307, "competitor_count_1_5km": 92, "nearest_transit_km": 0.32160890408126847, "transit_count_1km": 7, "coverage_gap_score": 0.21138579349556158, "coverage_gap_rank": 136, "centre_latitude": 40.407307381141017, "centre_longitude": 49.94521164154812 }, "geometry": { "type": "Polygon", "coordinates": [ [ [ 49.951173290607841, 40.402857154138282 ], [ 49.951033443502126, 40.411864808071684 ], [ 49.939249207314433, 40.411757287365425 ], [ 49.939390624768073, 40.402749667449015 ], [ 49.951173290607841, 40.402857154138282 ] ] ] } },
{ "type": "Feature", "properties": { "cell_id": 131, "nearest_bravo_km": 0.22103356886082523, "bravo_count_1_5km": 7, "nearest_competitor_km": 0.047334845606128315, "competitor_count_1_5km": 75, "nearest_transit_km": 0.55628137726749871, "transit_count_1km": 10, "coverage_gap_score": 0.20398447104367939, "coverage_gap_rank": 138, "centre_latitude": 40.416315010871578, "centre_longitude": 49.945070977526598 }, "geometry": { "type": "Polygon", "coordinates": [ [ [ 49.951033443502126, 40.411864808071684 ], [ 49.950893533267035, 40.420872447525674 ], [ 49.939107726022812, 40.420764892793457 ], [ 49.939249207314433, 40.411757287365425 ], [ 49.951033443502126, 40.411864808071684 ] ] ] } },
{ "type": "Feature", "properties": { "cell_id": 132, "nearest_bravo_km": 1.0991683621119932, "bravo_count_1_5km": 3, "nearest_competitor_km": 0.50971896637974834, "competitor_count_1_5km": 42, "nearest_transit_km": 1.0154986001652568, "transit_count_1km": 0, "coverage_gap_score": 0.43263166285637528, "coverage_gap_rank": 71, "centre_latitude": 40.42532262611779, "centre_longitude": 49.944930250005264 }, "geometry": { "type": "Polygon", "coordinates": [ [ [ 49.950893533267035, 40.420872447525674 ], [ 49.950753559870464, 40.429880072499337 ], [ 49.938966180860753, 40.429772483732187 ], [ 49.939107726022812, 40.420764892793457 ], [ 49.950893533267035, 40.420872447525674 ] ] ] } },
{ "type": "Feature", "properties": { "cell_id": 133, "nearest_bravo_km": 1.5618429185696781, "bravo_count_1_5km": 0, "nearest_competitor_km": 0.54963392148753576, "competitor_count_1_5km": 13, "nearest_transit_km": 2.2465243653329789, "transit_count_1km": 0, "coverage_gap_score": 0.56983580209474027, "coverage_gap_rank": 43, "centre_latitude": 40.344360234367414, "centre_longitude": 49.957967021769164 }, "geometry": { "type": "Polygon", "coordinates": [ [ [ 49.963922211504197, 40.339909222319001 ], [ 49.96378437083726, 40.34891701115788 ], [ 49.952011049319275, 40.348810926521509 ], [ 49.952150455415925, 40.339803171257969 ], [ 49.963922211504197, 40.339909222319001 ] ] ] } },
{ "type": "Feature", "properties": { "cell_id": 134, "nearest_bravo_km": 0.62205943318713897, "bravo_count_1_5km": 2, "nearest_competitor_km": 0.40190822829098699, "competitor_count_1_5km": 55, "nearest_transit_km": 1.8620249216939098, "transit_count_1km": 0, "coverage_gap_score": 0.36790194233800205, "coverage_gap_rank": 91, "centre_latitude": 40.353367999231864, "centre_longitude": 49.957828367111198 }, "geometry": { "type": "Polygon", "coordinates": [ [ [ 49.96378437083726, 40.34891701115788 ], [ 49.963646467971046, 40.357924785532624 ], [ 49.951871580317238, 40.357818667312102 ], [ 49.952011049319275, 40.348810926521509 ], [ 49.96378437083726, 40.34891701115788 ] ] ] } },
{ "type": "Feature", "properties": { "cell_id": 135, "nearest_bravo_km": 0.41523963274069509, "bravo_count_1_5km": 4, "nearest_competitor_km": 0.14392706505678657, "competitor_count_1_5km": 113, "nearest_transit_km": 1.1009698370485181, "transit_count_1km": 0, "coverage_gap_score": 0.29421469432769665, "coverage_gap_rank": 113, "centre_latitude": 40.362375749627326, "centre_longitude": 49.957689649885026 }, "geometry": { "type": "Polygon", "coordinates": [ [ [ 49.963646467971046, 40.357924785532624 ], [ 49.963508502873971, 40.366932545442317 ], [ 49.95173204837787, 40.366826393628799 ], [ 49.951871580317238, 40.357818667312102 ], [ 49.963646467971046, 40.357924785532624 ] ] ] } },
{ "type": "Feature", "properties": { "cell_id": 136, "nearest_bravo_km": 0.39961413329345241, "bravo_count_1_5km": 4, "nearest_competitor_km": 0.025807481250787408, "competitor_count_1_5km": 132, "nearest_transit_km": 0.31478147935912565, "transit_count_1km": 6, "coverage_gap_score": 0.29148070163182477, "coverage_gap_rank": 117, "centre_latitude": 40.371383485552862, "centre_longitude": 49.957550870058881 }, "geometry": { "type": "Polygon", "coordinates": [ [ [ 49.963508502873971, 40.366932545442317 ], [ 49.963370475514445, 40.375940290886042 ], [ 49.951592453469239, 40.375834105470688 ], [ 49.95173204837787, 40.366826393628799 ], [ 49.963508502873971, 40.366932545442317 ] ] ] } },
{ "type": "Feature", "properties": { "cell_id": 137, "nearest_bravo_km": 0.68574237209215883, "bravo_count_1_5km": 5, "nearest_competitor_km": 0.24897361403924301, "competitor_count_1_5km": 121, "nearest_transit_km": 0.52695460197972888, "transit_count_1km": 10, "coverage_gap_score": 0.32279454231733928, "coverage_gap_rank": 103, "centre_latitude": 40.380391207007548, "centre_longitude": 49.957412027600981 }, "geometry": { "type": "Polygon", "coordinates": [ [ [ 49.963370475514445, 40.375940290886042 ], [ 49.963232385860863, 40.384948021862854 ], [ 49.951452795559355, 40.384841802836853 ], [ 49.951592453469239, 40.375834105470688 ], [ 49.963370475514445, 40.375940290886042 ] ] ] } },
{ "type": "Feature", "properties": { "cell_id": 138, "nearest_bravo_km": 0.35056050620659568, "bravo_count_1_5km": 5, "nearest_competitor_km": 0.11584088431598374, "competitor_count_1_5km": 93, "nearest_transit_km": 0.46381680563340283, "transit_count_1km": 8, "coverage_gap_score": 0.26414779145898187, "coverage_gap_rank": 124, "centre_latitude": 40.389398913990469, "centre_longitude": 49.957273122479506 }, "geometry": { "type": "Polygon", "coordinates": [ [ [ 49.963232385860863, 40.384948021862854 ], [ 49.963094233881577, 40.393955738371851 ], [ 49.95131307461623, 40.393849485726349 ], [ 49.951452795559355, 40.384841802836853 ], [ 49.963232385860863, 40.384948021862854 ] ] ] } },
{ "type": "Feature", "properties": { "cell_id": 139, "nearest_bravo_km": 0.49264550918075539, "bravo_count_1_5km": 8, "nearest_competitor_km": 0.16680786783885063, "competitor_count_1_5km": 87, "nearest_transit_km": 0.37108343433730462, "transit_count_1km": 5, "coverage_gap_score": 0.23275839585987596, "coverage_gap_rank": 130, "centre_latitude": 40.398406606500714, "centre_longitude": 49.95713415466264 }, "geometry": { "type": "Polygon", "coordinates": [ [ [ 49.963094233881577, 40.393955738371851 ], [ 49.962956019544919, 40.402963440412123 ], [ 49.951173290607841, 40.402857154138282 ], [ 49.95131307461623, 40.393849485726349 ], [ 49.963094233881577, 40.393955738371851 ] ] ] } },
{ "type": "Feature", "properties": { "cell_id": 140, "nearest_bravo_km": 0.11920586567128254, "bravo_count_1_5km": 7, "nearest_competitor_km": 0.13352388085043762, "competitor_count_1_5km": 91, "nearest_transit_km": 1.072218304699293, "transit_count_1km": 0, "coverage_gap_score": 0.18616768395808336, "coverage_gap_rank": 145, "centre_latitude": 40.40741428453736, "centre_longitude": 49.956995124118521 }, "geometry": { "type": "Polygon", "coordinates": [ [ [ 49.962956019544919, 40.402963440412123 ], [ 49.962817742819212, 40.411971127982731 ], [ 49.951033443502126, 40.411864808071684 ], [ 49.951173290607841, 40.402857154138282 ], [ 49.962956019544919, 40.402963440412123 ] ] ] } },
{ "type": "Feature", "properties": { "cell_id": 141, "nearest_bravo_km": 0.50869351766026483, "bravo_count_1_5km": 5, "nearest_competitor_km": 0.21195259415075091, "competitor_count_1_5km": 84, "nearest_transit_km": 0.17718812862832597, "transit_count_1km": 3, "coverage_gap_score": 0.29181631493564097, "coverage_gap_rank": 115, "centre_latitude": 40.416421948099469, "centre_longitude": 49.956856030815274 }, "geometry": { "type": "Polygon", "coordinates": [ [ [ 49.962817742819212, 40.411971127982731 ], [ 49.962679403672738, 40.420978801082789 ], [ 49.950893533267035, 40.420872447525674 ], [ 49.951033443502126, 40.411864808071684 ], [ 49.962817742819212, 40.411971127982731 ] ] ] } },
{ "type": "Feature", "properties": { "cell_id": 142, "nearest_bravo_km": 0.75367943032182072, "bravo_count_1_5km": 2, "nearest_competitor_km": 0.099439570475405373, "competitor_count_1_5km": 51, "nearest_transit_km": 0.71753897813814027, "transit_count_1km": 5, "coverage_gap_score": 0.39093148529833277, "coverage_gap_rank": 87, "centre_latitude": 40.425429597186152, "centre_longitude": 49.956716874720996 }, "geometry": { "type": "Polygon", "coordinates": [ [ [ 49.962679403672738, 40.420978801082789 ], [ 49.962541002073756, 40.429986459711373 ], [ 49.950753559870464, 40.429880072499337 ], [ 49.950893533267035, 40.420872447525674 ], [ 49.962679403672738, 40.420978801082789 ] ] ] } },
{ "type": "Feature", "properties": { "cell_id": 143, "nearest_bravo_km": 0.3228932254664223, "bravo_count_1_5km": 1, "nearest_competitor_km": 0.23665010472488648, "competitor_count_1_5km": 21, "nearest_transit_km": 0.36160662998076176, "transit_count_1km": 3, "coverage_gap_score": 0.33430684901655527, "coverage_gap_rank": 99, "centre_latitude": 40.434437231796473, "centre_longitude": 49.956577655803756 }, "geometry": { "type": "Polygon", "coordinates": [ [ [ 49.962541002073756, 40.429986459711373 ], [ 49.962402537990521, 40.438994103867557 ], [ 49.950613523280289, 40.438887682991727 ], [ 49.950753559870464, 40.429880072499337 ], [ 49.962541002073756, 40.429986459711373 ] ] ] } },
{ "type": "Feature", "properties": { "cell_id": 144, "nearest_bravo_km": 1.6660748633766937, "bravo_count_1_5km": 0, "nearest_competitor_km": 0.22040579627195026, "competitor_count_1_5km": 36, "nearest_transit_km": 1.5389032590277247, "transit_count_1km": 0, "coverage_gap_score": 0.58807325919113984, "coverage_gap_rank": 39, "centre_latitude": 40.344465703233453, "centre_longitude": 49.969739591664045 }, "geometry": { "type": "Polygon", "coordinates": [ [ [ 49.975694029760206, 40.340014075601836 ], [ 49.975557754554529, 40.349021897636945 ], [ 49.96378437083726, 40.34891701115788 ], [ 49.963922211504197, 40.339909222319001 ], [ 49.975694029760206, 40.340014075601836 ] ] ] } },
{ "type": "Feature", "properties": { "cell_id": 145, "nearest_bravo_km": 0.85053517652506461, "bravo_count_1_5km": 1, "nearest_competitor_km": 0.19542982583369059, "competitor_count_1_5km": 71, "nearest_transit_km": 0.88796865126006563, "transit_count_1km": 1, "coverage_gap_score": 0.42662832936990702, "coverage_gap_rank": 74, "centre_latitude": 40.353473501488068, "centre_longitude": 49.969602502804634 }, "geometry": { "type": "Polygon", "coordinates": [ [ [ 49.975557754554529, 40.349021897636945 ], [ 49.975421417855699, 40.358029705216637 ], [ 49.963646467971046, 40.357924785532624 ], [ 49.96378437083726, 40.34891701115788 ], [ 49.975557754554529, 40.349021897636945 ] ] ] } },
{ "type": "Feature", "properties": { "cell_id": 146, "nearest_bravo_km": 0.81915488317983998, "bravo_count_1_5km": 2, "nearest_competitor_km": 0.055752542132779671, "competitor_count_1_5km": 92, "nearest_transit_km": 1.0994332224355818, "transit_count_1km": 0, "coverage_gap_score": 0.40238772133591544, "coverage_gap_rank": 84, "centre_latitude": 40.362481285282463, "centre_longitude": 49.969465352083304 }, "geometry": { "type": "Polygon", "coordinates": [ [ [ 49.975421417855699, 40.358029705216637 ], [ 49.975285019632501, 40.367037498340011 ], [ 49.963508502873971, 40.366932545442317 ], [ 49.963646467971046, 40.357924785532624 ], [ 49.975421417855699, 40.358029705216637 ] ] ] } },
{ "type": "Feature", "properties": { "cell_id": 147, "nearest_bravo_km": 1.0367852174050343, "bravo_count_1_5km": 2, "nearest_competitor_km": 0.1246743753358565, "competitor_count_1_5km": 133, "nearest_transit_km": 1.3108842593147783, "transit_count_1km": 0, "coverage_gap_score": 0.440466487789479, "coverage_gap_rank": 68, "centre_latitude": 40.371489054615729, "centre_longitude": 49.969328139468665 }, "geometry": { "type": "Polygon", "coordinates": [ [ [ 49.975285019632501, 40.367037498340011 ], [ 49.975148559853714, 40.376045277006128 ], [ 49.963370475514445, 40.375940290886042 ], [ 49.963508502873971, 40.366932545442317 ], [ 49.975285019632501, 40.367037498340011 ] ] ] } },
{ "type": "Feature", "properties": { "cell_id": 148, "nearest_bravo_km": 0.85000744022182106, "bravo_count_1_5km": 2, "nearest_competitor_km": 0.015817169345301477, "competitor_count_1_5km": 119, "nearest_transit_km": 1.3442903227002827, "transit_count_1km": 0, "coverage_gap_score": 0.40778599138075755, "coverage_gap_rank": 83, "centre_latitude": 40.380496809486928, "centre_longitude": 49.969190864929274 }, "geometry": { "type": "Polygon", "coordinates": [ [ [ 49.975148559853714, 40.376045277006128 ], [ 49.975012038488067, 40.3850530412141 ], [ 49.963232385860863, 40.384948021862854 ], [ 49.963370475514445, 40.375940290886042 ], [ 49.975148559853714, 40.376045277006128 ] ] ] } },
{ "type": "Feature", "properties": { "cell_id": 149, "nearest_bravo_km": 0.61733978490445918, "bravo_count_1_5km": 5, "nearest_competitor_km": 0.27822082226189898, "competitor_count_1_5km": 99, "nearest_transit_km": 1.3218201255441804, "transit_count_1km": 0, "coverage_gap_score": 0.31082614576263512, "coverage_gap_rank": 107, "centre_latitude": 40.38950454989515, "centre_longitude": 49.969053528433697 }, "geometry": { "type": "Polygon", "coordinates": [ [ [ 49.975012038488067, 40.3850530412141 ], [ 49.974875455504282, 40.394060790962982 ], [ 49.963094233881577, 40.393955738371851 ], [ 49.963232385860863, 40.384948021862854 ], [ 49.975012038488067, 40.3850530412141 ] ] ] } },
{ "type": "Feature", "properties": { "cell_id": 150, "nearest_bravo_km": 0.6401899375961807, "bravo_count_1_5km": 4, "nearest_competitor_km": 0.64362967516707092, "competitor_count_1_5km": 72, "nearest_transit_km": 1.3461868194648177, "transit_count_1km": 0, "coverage_gap_score": 0.33357423560095689, "coverage_gap_rank": 100, "centre_latitude": 40.398512275839494, "centre_longitude": 49.968916129950458 }, "geometry": { "type": "Polygon", "coordinates": [ [ [ 49.974875455504282, 40.394060790962982 ], [ 49.974738810871052, 40.403068526251907 ], [ 49.962956019544919, 40.402963440412123 ], [ 49.963094233881577, 40.393955738371851 ], [ 49.974875455504282, 40.394060790962982 ] ] ] } },
{ "type": "Feature", "properties": { "cell_id": 151, "nearest_bravo_km": 1.1007932186787153, "bravo_count_1_5km": 4, "nearest_competitor_km": 0.21062091629461432, "competitor_count_1_5km": 67, "nearest_transit_km": 0.73977896023443046, "transit_count_1km": 1, "coverage_gap_score": 0.41416596391185556, "coverage_gap_rank": 81, "centre_latitude": 40.407519987319034, "centre_longitude": 49.968778669448056 }, "geometry": { "type": "Polygon", "coordinates": [ [ [ 49.974738810871052, 40.403068526251907 ], [ 49.97460210455705, 40.412076247079909 ], [ 49.962817742819212, 40.411971127982731 ], [ 49.962956019544919, 40.402963440412123 ], [ 49.974738810871052, 40.403068526251907 ] ] ] } },
{ "type": "Feature", "properties": { "cell_id": 152, "nearest_bravo_km": 1.3149847514028445, "bravo_count_1_5km": 2, "nearest_competitor_km": 0.045592573312773409, "competitor_count_1_5km": 56, "nearest_transit_km": 0.30914627588853238, "transit_count_1km": 3, "coverage_gap_score": 0.48914304347418036, "coverage_gap_rank": 60, "centre_latitude": 40.416527684332856, "centre_longitude": 49.968641146894981 }, "geometry": { "type": "Polygon", "coordinates": [ [ [ 49.97460210455705, 40.412076247079909 ], [ 49.974465336530933, 40.421083953446121 ], [ 49.962679403672738, 40.420978801082789 ], [ 49.962817742819212, 40.411971127982731 ], [ 49.97460210455705, 40.412076247079909 ] ] ] } },
{ "type": "Feature", "properties": { "cell_id": 153, "nearest_bravo_km": 1.3884863265846326, "bravo_count_1_5km": 1, "nearest_competitor_km": 0.14587862559244114, "competitor_count_1_5km": 50, "nearest_transit_km": 0.91533494738698751, "transit_count_1km": 1, "coverage_gap_score": 0.52075360965067774, "coverage_gap_rank": 51, "centre_latitude": 40.425535366880055, "centre_longitude": 49.968503562259684 }, "geometry": { "type": "Polygon", "coordinates": [ [ [ 49.974465336530933, 40.421083953446121 ], [ 49.97432850676131, 40.430091645349634 ], [ 49.962541002073756, 40.429986459711373 ], [ 49.962679403672738, 40.420978801082789 ], [ 49.974465336530933, 40.421083953446121 ] ] ] } },
{ "type": "Feature", "properties": { "cell_id": 154, "nearest_bravo_km": 2.261030207331403, "bravo_count_1_5km": 0, "nearest_competitor_km": 0.042030290524940457, "competitor_count_1_5km": 25, "nearest_transit_km": 1.2998364348092266, "transit_count_1km": 0, "coverage_gap_score": 0.69217255983968073, "coverage_gap_rank": 17, "centre_latitude": 40.344569974122528, "centre_longitude": 49.981512223389458 }, "geometry": { "type": "Polygon", "coordinates": [ [ [ 49.987465909478168, 40.340117731088093 ], [ 49.987331199764938, 40.349125585940314 ], [ 49.975557754554529, 40.349021897636945 ], [ 49.975694029760206, 40.340014075601836 ], [ 49.987465909478168, 40.340117731088093 ] ] ] } },
{ "type": "Feature", "properties": { "cell_id": 155, "nearest_bravo_km": 1.7492461903905754, "bravo_count_1_5km": 0, "nearest_competitor_km": 0.60491015498441369, "competitor_count_1_5km": 49, "nearest_transit_km": 0.33142094416621942, "transit_count_1km": 1, "coverage_gap_score": 0.60262574126249224, "coverage_gap_rank": 34, "centre_latitude": 40.353577805388163, "centre_longitude": 49.981376700359974 }, "geometry": { "type": "Polygon", "coordinates": [ [ [ 49.987331199764938, 40.349125585940314 ], [ 49.987196429264714, 40.358133426345724 ], [ 49.975421417855699, 40.358029705216637 ], [ 49.975557754554529, 40.349021897636945 ], [ 49.987331199764938, 40.349125585940314 ] ] ] } },
{ "type": "Feature", "properties": { "cell_id": 156, "nearest_bravo_km": 1.7342049679108855, "bravo_count_1_5km": 0, "nearest_competitor_km": 0.091647987518338206, "competitor_count_1_5km": 60, "nearest_transit_km": 0.72808304966294612, "transit_count_1km": 1, "coverage_gap_score": 0.59999397947239386, "coverage_gap_rank": 36, "centre_latitude": 40.362585622202232, "centre_longitude": 49.981241116174893 }, "geometry": { "type": "Polygon", "coordinates": [ [ [ 49.987196429264714, 40.358133426345724 ], [ 49.987061597946642, 40.367141252303462 ], [ 49.975285019632501, 40.367037498340011 ], [ 49.975421417855699, 40.358029705216637 ], [ 49.987196429264714, 40.358133426345724 ] ] ] } },
{ "type": "Feature", "properties": { "cell_id": 157, "nearest_bravo_km": 1.7376875743631723, "bravo_count_1_5km": 0, "nearest_competitor_km": 0.4329539832777699, "competitor_count_1_5km": 84, "nearest_transit_km": 1.7176641150646896, "transit_count_1km": 0, "coverage_gap_score": 0.60060333091330598, "coverage_gap_rank": 35, "centre_latitude": 40.371593424563848, "centre_longitude": 49.981105470803179 }, "geometry": { "type": "Polygon", "coordinates": [ [ [ 49.987061597946642, 40.367141252303462 ], [ 49.986926705779837, 40.376149063812576 ], [ 49.975148559853714, 40.376045277006128 ], [ 49.975285019632501, 40.367037498340011 ], [ 49.987061597946642, 40.367141252303462 ] ] ] } },
{ "type": "Feature", "properties": { "cell_id": 158, "nearest_bravo_km": 0.82350098220317691, "bravo_count_1_5km": 1, "nearest_competitor_km": 0.12273298303095727, "competitor_count_1_5km": 78, "nearest_transit_km": 2.3100977881604159, "transit_count_1km": 0, "coverage_gap_score": 0.42189815801990482, "coverage_gap_rank": 77, "centre_latitude": 40.380601212472101, "centre_longitude": 49.980969764213761 }, "geometry": { "type": "Polygon", "coordinates": [ [ [ 49.986926705779837, 40.376149063812576 ], [ 49.98679175273341, 40.385156860872172 ], [ 49.975012038488067, 40.3850530412141 ], [ 49.975148559853714, 40.376045277006128 ], [ 49.986926705779837, 40.376149063812576 ] ] ] } },
{ "type": "Feature", "properties": { "cell_id": 159, "nearest_bravo_km": 0.58030132628060416, "bravo_count_1_5km": 1, "nearest_competitor_km": 0.35969470233845224, "competitor_count_1_5km": 59, "nearest_transit_km": 2.2976707465168484, "transit_count_1km": 0, "coverage_gap_score": 0.3793455288910994, "coverage_gap_rank": 89, "centre_latitude": 40.389608985926067, "centre_longitude": 49.980833996375544 }, "geometry": { "type": "Polygon", "coordinates": [ [ [ 49.98679175273341, 40.385156860872172 ], [ 49.986656738776425, 40.394164643481353 ], [ 49.974875455504282, 40.394060790962982 ], [ 49.975012038488067, 40.3850530412141 ], [ 49.98679175273341, 40.385156860872172 ] ] ] } },
{ "type": "Feature", "properties": { "cell_id": 160, "nearest_bravo_km": 1.4125669509359404, "bravo_count_1_5km": 1, "nearest_competitor_km": 0.13996190426971558, "competitor_count_1_5km": 25, "nearest_transit_km": 2.0699581594308194, "transit_count_1km": 0, "coverage_gap_score": 0.52496699504106459, "coverage_gap_rank": 50, "centre_latitude": 40.398616744924844, "centre_longitude": 49.98069816725743 }, "geometry": { "type": "Polygon", "coordinates": [ [ [ 49.986656738776425, 40.394164643481353 ], [ 49.986521663877951, 40.40317241163919 ], [ 49.974738810871052, 40.403068526251907 ], [ 49.974875455504282, 40.394060790962982 ], [ 49.986656738776425, 40.394164643481353 ] ] ] } },
{ "type": "Feature", "properties": { "cell_id": 161, "nearest_bravo_km": 2.0524231512804265, "bravo_count_1_5km": 0, "nearest_competitor_km": 0.085326606397937793, "competitor_count_1_5km": 31, "nearest_transit_km": 1.3538926440764936, "transit_count_1km": 0, "coverage_gap_score": 0.65567259582404414, "coverage_gap_rank": 23, "centre_latitude": 40.407624489467516, "centre_longitude": 49.980562276828273 }, "geometry": { "type": "Polygon", "coordinates": [ [ [ 49.986521663877951, 40.40317241163919 ], [ 49.986386528007017, 40.412180165344779 ], [ 49.97460210455705, 40.412076247079909 ], [ 49.974738810871052, 40.403068526251907 ], [ 49.986521663877951, 40.40317241163919 ] ] ] } },
{ "type": "Feature", "properties": { "cell_id": 162, "nearest_bravo_km": 2.280263295747758, "bravo_count_1_5km": 0, "nearest_competitor_km": 0.51980325551813555, "competitor_count_1_5km": 33, "nearest_transit_km": 1.1752973247543159, "transit_count_1km": 0, "coverage_gap_score": 0.69553777215989565, "coverage_gap_rank": 16, "centre_latitude": 40.416632219553179, "centre_longitude": 49.980426325056904 }, "geometry": { "type": "Polygon", "coordinates": [ [ [ 49.986386528007017, 40.412180165344779 ], [ 49.986251331132621, 40.421187904597232 ], [ 49.974465336530933, 40.421083953446121 ], [ 49.97460210455705, 40.412076247079909 ], [ 49.986386528007017, 40.412180165344779 ] ] ] } },
{ "type": "Feature", "properties": { "cell_id": 163, "nearest_bravo_km": 2.7099666084319587, "bravo_count_1_5km": 0, "nearest_competitor_km": 0.60640082279131746, "competitor_count_1_5km": 22, "nearest_transit_km": 1.3606823449350347, "transit_count_1km": 0, "coverage_gap_score": 0.77072293486379073, "coverage_gap_rank": 12, "centre_latitude": 40.362688760368322, "centre_longitude": 49.993016941453106 }, "geometry": { "type": "Polygon", "coordinates": [ [ [ 49.998971501491582, 40.358235948901743 ], [ 49.998838237109496, 40.367243807314509 ], [ 49.987061597946642, 40.367141252303462 ], [ 49.987196429264714, 40.358133426345724 ], [ 49.998971501491582, 40.358235948901743 ] ] ] } },
{ "type": "Feature", "properties": { "cell_id": 164, "nearest_bravo_km": 2.2305154842218222, "bravo_count_1_5km": 0, "nearest_competitor_km": 0.18427412592389239, "competitor_count_1_5km": 27, "nearest_transit_km": 2.0668143430875379, "transit_count_1km": 0, "coverage_gap_score": 0.68683340057761511, "coverage_gap_rank": 18, "centre_latitude": 40.371696595378928, "centre_longitude": 49.992882863355391 }, "geometry": { "type": "Polygon", "coordinates": [ [ [ 49.998838237109496, 40.367243807314509 ], [ 49.998704912585588, 40.376251651287198 ], [ 49.986926705779837, 40.376149063812576 ], [ 49.987061597946642, 40.367141252303462 ], [ 49.998838237109496, 40.367243807314509 ] ] ] } },
{ "type": "Feature", "properties": { "cell_id": 165, "nearest_bravo_km": 1.6228971276537343, "bravo_count_1_5km": 0, "nearest_competitor_km": 0.32102705480546095, "competitor_count_1_5km": 35, "nearest_transit_km": 2.9482175316225971, "transit_count_1km": 0, "coverage_gap_score": 0.58051845337584873, "coverage_gap_rank": 42, "centre_latitude": 40.380704415944756, "centre_longitude": 49.992748724747031 }, "geometry": { "type": "Polygon", "coordinates": [ [ [ 49.998704912585588, 40.376251651287198 ], [ 49.99857152788929, 40.385259480818902 ], [ 49.98679175273341, 40.385156860872172 ], [ 49.986926705779837, 40.376149063812576 ], [ 49.998704912585588, 40.376251651287198 ] ] ] } },
{ "type": "Feature", "properties": { "cell_id": 166, "nearest_bravo_km": 1.9877088846542905, "bravo_count_1_5km": 0, "nearest_competitor_km": 0.72104500941049476, "competitor_count_1_5km": 18, "nearest_transit_km": 2.7514503745248851, "transit_count_1km": 0, "coverage_gap_score": 0.64434954449554505, "coverage_gap_rank": 24, "centre_latitude": 40.398720013738426, "centre_longitude": 49.992480265875436 }, "geometry": { "type": "Polygon", "coordinates": [ [ [ 49.998438082990063, 40.394267295908719 ], [ 49.998304577857311, 40.40327509655576 ], [ 49.986521663877951, 40.40317241163919 ], [ 49.986656738776425, 40.394164643481353 ], [ 49.998438082990063, 40.394267295908719 ] ] ] } }
]
}
