{
"type": "FeatureCollection",
"name": "osm_food_retail",
"crs": { "type": "name", "properties": { "name": "urn:ogc:def:crs:OGC:1.3:CRS84" } },
"features": [
{ "type": "Feature", "properties": { "element": "node", "id": 1311517996, "name": "Bizim Market, Yeni Yasamal (77 nin axrı)", "brand": null, "shop": "supermarket", "operator": "Bizim Market", "addr:street": "Əsəd Əhmədov küçəsi", "addr:housenumber": "1" }, "geometry": { "type": "Point", "coordinates": [ 49.786534, 40.3889621 ] } },
{ "type": "Feature", "properties": { "element": "node", "id": 1311652975, "name": null, "brand": null, "shop": "supermarket", "operator": null, "addr:street": null, "addr:housenumber": null }, "geometry": { "type": "Point", "coordinates": [ 49.8238644, 40.3760221 ] } },
{ "type": "Feature", "properties": { "element": "node", "id": 1427939347, "name": "Tamerlan", "brand": null, "shop": "supermarket", "operator": null, "addr:street": null, "addr:housenumber": null }, "geometry": { "type": "Point", "coordinates": [ 49.9826939, 40.3836712 ] } },
{ "type": "Feature", "properties": { "element": "node", "id": 1427940618, "name": null, "brand": null, "shop": "convenience", "operator": null, "addr:street": null, "addr:housenumber": null }, "geometry": { "type": "Point", "coordinates": [ 49.9831228, 40.3840269 ] } },
{ "type": "Feature", "properties": { "element": "node", "id": 1427954223, "name": null, "brand": null, "shop": "supermarket", "operator": null, "addr:street": null, "addr:housenumber": null }, "geometry": { "type": "Point", "coordinates": [ 49.9794004, 40.3849091 ] } },
{ "type": "Feature", "properties": { "element": "node", "id": 1427954235, "name": null, "brand": null, "shop": "convenience", "operator": null, "addr:street": null, "addr:housenumber": null }, "geometry": { "type": "Point", "coordinates": [ 49.9793891, 40.3850648 ] } },
{ "type": "Feature", "properties": { "element": "node", "id": 1427954241, "name": null, "brand": null, "shop": "supermarket", "operator": null, "addr:street": null, "addr:housenumber": null }, "geometry": { "type": "Point", "coordinates": [ 49.9798054, 40.3845393 ] } },
{ "type": "Feature", "properties": { "element": "node", "id": 1427954245, "name": null, "brand": null, "shop": "supermarket", "operator": null, "addr:street": null, "addr:housenumber": null }, "geometry": { "type": "Point", "coordinates": [ 49.9798049, 40.3847624 ] } },
{ "type": "Feature", "properties": { "element": "node", "id": 1427954248, "name": null, "brand": null, "shop": "supermarket", "operator": null, "addr:street": null, "addr:housenumber": null }, "geometry": { "type": "Point", "coordinates": [ 49.98161, 40.3841004 ] } },
{ "type": "Feature", "properties": { "element": "node", "id": 1427954257, "name": null, "brand": null, "shop": "supermarket", "operator": null, "addr:street": null, "addr:housenumber": null }, "geometry": { "type": "Point", "coordinates": [ 49.9815992, 40.3838563 ] } },
{ "type": "Feature", "properties": { "element": "node", "id": 1427972287, "name": null, "brand": null, "shop": "convenience", "operator": null, "addr:street": null, "addr:housenumber": null }, "geometry": { "type": "Point", "coordinates": [ 49.9834554, 40.3826457 ] } },
{ "type": "Feature", "properties": { "element": "node", "id": 1427972294, "name": null, "brand": null, "shop": "convenience", "operator": null, "addr:street": null, "addr:housenumber": null }, "geometry": { "type": "Point", "coordinates": [ 49.9809851, 40.3793133 ] } },
{ "type": "Feature", "properties": { "element": "node", "id": 1427972296, "name": null, "brand": null, "shop": "convenience", "operator": null, "addr:street": "Yeni Günəşli V Massivi", "addr:housenumber": null }, "geometry": { "type": "Point", "coordinates": [ 49.9833481, 40.3801204 ] } },
{ "type": "Feature", "properties": { "element": "node", "id": 1427972299, "name": null, "brand": null, "shop": "convenience", "operator": null, "addr:street": null, "addr:housenumber": null }, "geometry": { "type": "Point", "coordinates": [ 49.983273, 40.3802838 ] } },
{ "type": "Feature", "properties": { "element": "node", "id": 1427972300, "name": null, "brand": null, "shop": "convenience", "operator": null, "addr:street": null, "addr:housenumber": null }, "geometry": { "type": "Point", "coordinates": [ 49.9834018, 40.3814607 ] } },
{ "type": "Feature", "properties": { "element": "node", "id": 1427974283, "name": null, "brand": null, "shop": "supermarket", "operator": null, "addr:street": "Samir Cəfərov", "addr:housenumber": null }, "geometry": { "type": "Point", "coordinates": [ 49.9807503, 40.3795084 ] } },
{ "type": "Feature", "properties": { "element": "node", "id": 1427977228, "name": "Ballı", "brand": null, "shop": "supermarket", "operator": null, "addr:street": null, "addr:housenumber": null }, "geometry": { "type": "Point", "coordinates": [ 49.9781537, 40.3764044 ] } },
{ "type": "Feature", "properties": { "element": "node", "id": 1427977311, "name": "Bərəkət", "brand": null, "shop": "supermarket", "operator": null, "addr:street": null, "addr:housenumber": null }, "geometry": { "type": "Point", "coordinates": [ 49.9778453, 40.3766496 ] } },
{ "type": "Feature", "properties": { "element": "node", "id": 1430706222, "name": "Grandmart", "brand": null, "shop": "supermarket", "operator": null, "addr:street": "Aşıq Alı", "addr:housenumber": "2" }, "geometry": { "type": "Point", "coordinates": [ 49.8601983, 40.3985954 ] } },
{ "type": "Feature", "properties": { "element": "node", "id": 1430720235, "name": null, "brand": null, "shop": "convenience", "operator": null, "addr:street": null, "addr:housenumber": null }, "geometry": { "type": "Point", "coordinates": [ 49.9676177, 40.4126095 ] } },
{ "type": "Feature", "properties": { "element": "node", "id": 1430760772, "name": "Vedi Market", "brand": null, "shop": "convenience", "operator": null, "addr:street": null, "addr:housenumber": null }, "geometry": { "type": "Point", "coordinates": [ 49.973707, 40.4170759 ] } },
{ "type": "Feature", "properties": { "element": "node", "id": 1430763822, "name": "Market", "brand": null, "shop": "convenience", "operator": null, "addr:street": null, "addr:housenumber": null }, "geometry": { "type": "Point", "coordinates": [ 49.9709868, 40.4209927 ] } },
{ "type": "Feature", "properties": { "element": "node", "id": 1641746268, "name": "Bizim", "brand": null, "shop": "supermarket", "operator": null, "addr:street": "Sakit Qocayev", "addr:housenumber": null }, "geometry": { "type": "Point", "coordinates": [ 49.96862, 40.410919 ] } },
{ "type": "Feature", "properties": { "element": "node", "id": 1646833687, "name": null, "brand": null, "shop": "supermarket", "operator": null, "addr:street": null, "addr:housenumber": null }, "geometry": { "type": "Point", "coordinates": [ 49.9620237, 40.3861314 ] } },
{ "type": "Feature", "properties": { "element": "node", "id": 1650155150, "name": "Sokar market", "brand": null, "shop": "supermarket", "operator": null, "addr:street": null, "addr:housenumber": null }, "geometry": { "type": "Point", "coordinates": [ 49.8216569, 40.3188005 ] } },
{ "type": "Feature", "properties": { "element": "node", "id": 1764815784, "name": "GrandMart \\ Xalqlar Dostluğu", "brand": null, "shop": "supermarket", "operator": null, "addr:street": null, "addr:housenumber": null }, "geometry": { "type": "Point", "coordinates": [ 49.9499936, 40.3988629 ] } },
{ "type": "Feature", "properties": { "element": "node", "id": 1764816126, "name": "NV Market", "brand": null, "shop": "supermarket", "operator": null, "addr:street": null, "addr:housenumber": null }, "geometry": { "type": "Point", "coordinates": [ 49.9480732, 40.3993613 ] } },
{ "type": "Feature", "properties": { "element": "node", "id": 1809771065, "name": "OBA Market", "brand": null, "shop": "supermarket", "operator": null, "addr:street": null, "addr:housenumber": null }, "geometry": { "type": "Point", "coordinates": [ 49.9384135, 40.4084557 ] } },
{ "type": "Feature", "properties": { "element": "node", "id": 1842461828, "name": "Rahat Market", "brand": null, "shop": "supermarket", "operator": null, "addr:street": null, "addr:housenumber": null }, "geometry": { "type": "Point", "coordinates": [ 49.838337, 40.40058 ] } },
{ "type": "Feature", "properties": { "element": "node", "id": 1863504897, "name": "Araz", "brand": null, "shop": "supermarket", "operator": null, "addr:street": "Mərdanov qardaşları", "addr:housenumber": null }, "geometry": { "type": "Point", "coordinates": [ 49.83135, 40.401172 ] } },
{ "type": "Feature", "properties": { "element": "node", "id": 1867193074, "name": "Neptun Supermarket 3-cü mkr.", "brand": null, "shop": "supermarket", "operator": null, "addr:street": null, "addr:housenumber": null }, "geometry": { "type": "Point", "coordinates": [ 49.811318, 40.4073234 ] } },
{ "type": "Feature", "properties": { "element": "node", "id": 1867618259, "name": "Romashka", "brand": null, "shop": "convenience", "operator": null, "addr:street": null, "addr:housenumber": null }, "geometry": { "type": "Point", "coordinates": [ 49.8395122, 40.369791 ] } },
{ "type": "Feature", "properties": { "element": "node", "id": 1873560565, "name": "Oba", "brand": null, "shop": "supermarket", "operator": null, "addr:street": "Azadlıq", "addr:housenumber": "50" }, "geometry": { "type": "Point", "coordinates": [ 49.845212, 40.3843086 ] } },
{ "type": "Feature", "properties": { "element": "node", "id": 1875469088, "name": "24/7 Market", "brand": null, "shop": "convenience", "operator": null, "addr:street": "Qoqol küç.", "addr:housenumber": null }, "geometry": { "type": "Point", "coordinates": [ 49.8400121, 40.3734751 ] } },
{ "type": "Feature", "properties": { "element": "node", "id": 1875473169, "name": "Kontinental", "brand": null, "shop": "supermarket", "operator": null, "addr:street": null, "addr:housenumber": null }, "geometry": { "type": "Point", "coordinates": [ 49.8436156, 40.3736316 ] } },
{ "type": "Feature", "properties": { "element": "node", "id": 1893375811, "name": "Spar", "brand": "Spar", "shop": "convenience", "operator": null, "addr:street": "İslam Səfərli küç.", "addr:housenumber": null }, "geometry": { "type": "Point", "coordinates": [ 49.8355723, 40.3715775 ] } },
{ "type": "Feature", "properties": { "element": "node", "id": 1894143034, "name": null, "brand": null, "shop": "convenience", "operator": null, "addr:street": null, "addr:housenumber": null }, "geometry": { "type": "Point", "coordinates": [ 49.836791, 40.3743387 ] } },
{ "type": "Feature", "properties": { "element": "node", "id": 1894143036, "name": "Quzu Qastronomiya", "brand": null, "shop": "convenience", "operator": null, "addr:street": null, "addr:housenumber": null }, "geometry": { "type": "Point", "coordinates": [ 49.8367027, 40.3743367 ] } },
{ "type": "Feature", "properties": { "element": "node", "id": 1896641371, "name": null, "brand": null, "shop": "convenience", "operator": null, "addr:street": null, "addr:housenumber": null }, "geometry": { "type": "Point", "coordinates": [ 49.839416, 40.3745892 ] } },
{ "type": "Feature", "properties": { "element": "node", "id": 1896666882, "name": null, "brand": null, "shop": "convenience", "operator": null, "addr:street": null, "addr:housenumber": null }, "geometry": { "type": "Point", "coordinates": [ 49.8383514, 40.3729271 ] } },
{ "type": "Feature", "properties": { "element": "node", "id": 1896666906, "name": null, "brand": null, "shop": "convenience", "operator": null, "addr:street": null, "addr:housenumber": null }, "geometry": { "type": "Point", "coordinates": [ 49.8384468, 40.3730701 ] } },
{ "type": "Feature", "properties": { "element": "node", "id": 1933426076, "name": "Qazax market", "brand": null, "shop": "supermarket", "operator": null, "addr:street": "Zığ şosesi", "addr:housenumber": "27" }, "geometry": { "type": "Point", "coordinates": [ 49.9466066, 40.3613891 ] } },
{ "type": "Feature", "properties": { "element": "node", "id": 1937814674, "name": "\"Zəngəzur\" Market (24 saat)", "brand": null, "shop": "convenience", "operator": null, "addr:street": null, "addr:housenumber": null }, "geometry": { "type": "Point", "coordinates": [ 49.8735789, 40.404363 ] } },
{ "type": "Feature", "properties": { "element": "node", "id": 1975439030, "name": "Qastronom", "brand": null, "shop": "convenience", "operator": null, "addr:street": null, "addr:housenumber": null }, "geometry": { "type": "Point", "coordinates": [ 49.8430995, 40.3759559 ] } },
{ "type": "Feature", "properties": { "element": "node", "id": 2007656110, "name": null, "brand": null, "shop": "convenience", "operator": null, "addr:street": null, "addr:housenumber": null }, "geometry": { "type": "Point", "coordinates": [ 49.8346266, 40.4028162 ] } },
{ "type": "Feature", "properties": { "element": "node", "id": 2015329123, "name": "Maşallah Mağazası", "brand": null, "shop": "supermarket", "operator": null, "addr:street": "Yusif Eyvazov", "addr:housenumber": "87" }, "geometry": { "type": "Point", "coordinates": [ 49.9830671, 40.3958453 ] } },
{ "type": "Feature", "properties": { "element": "node", "id": 2015670038, "name": "Araz", "brand": "Araz", "shop": "supermarket", "operator": null, "addr:street": "Zaur Şərifov", "addr:housenumber": null }, "geometry": { "type": "Point", "coordinates": [ 49.9781506, 40.4016039 ] } },
{ "type": "Feature", "properties": { "element": "node", "id": 2034316759, "name": "Spar", "brand": "Spar", "shop": "supermarket", "operator": null, "addr:street": "Səməd Vurğun küçəsi", "addr:housenumber": null }, "geometry": { "type": "Point", "coordinates": [ 49.8412303, 40.3748684 ] } },
{ "type": "Feature", "properties": { "element": "node", "id": 2045807107, "name": "Araz", "brand": null, "shop": "supermarket", "operator": null, "addr:street": null, "addr:housenumber": null }, "geometry": { "type": "Point", "coordinates": [ 49.8112221, 40.4190036 ] } },
{ "type": "Feature", "properties": { "element": "node", "id": 2048521665, "name": "Hünər Market", "brand": null, "shop": "convenience", "operator": null, "addr:street": null, "addr:housenumber": null }, "geometry": { "type": "Point", "coordinates": [ 49.8129934, 40.4176864 ] } },
{ "type": "Feature", "properties": { "element": "node", "id": 2048652283, "name": null, "brand": null, "shop": "convenience", "operator": null, "addr:street": null, "addr:housenumber": null }, "geometry": { "type": "Point", "coordinates": [ 49.7815403, 40.3291905 ] } },
{ "type": "Feature", "properties": { "element": "node", "id": 2053350496, "name": null, "brand": null, "shop": "convenience", "operator": null, "addr:street": null, "addr:housenumber": null }, "geometry": { "type": "Point", "coordinates": [ 49.8112741, 40.4123871 ] } },
{ "type": "Feature", "properties": { "element": "node", "id": 2073001667, "name": "Dərələyəz Market", "brand": null, "shop": "convenience", "operator": null, "addr:street": null, "addr:housenumber": null }, "geometry": { "type": "Point", "coordinates": [ 49.831478, 40.395287 ] } },
{ "type": "Feature", "properties": { "element": "node", "id": 2095434710, "name": "İnam Market", "brand": null, "shop": "convenience", "operator": null, "addr:street": null, "addr:housenumber": null }, "geometry": { "type": "Point", "coordinates": [ 49.8416889, 40.3959126 ] } },
{ "type": "Feature", "properties": { "element": "node", "id": 2101935568, "name": "Music Gallery", "brand": null, "shop": "supermarket", "operator": null, "addr:street": null, "addr:housenumber": null }, "geometry": { "type": "Point", "coordinates": [ 49.8485103, 40.3767185 ] } },
{ "type": "Feature", "properties": { "element": "node", "id": 2119764780, "name": null, "brand": null, "shop": "convenience", "operator": null, "addr:street": null, "addr:housenumber": null }, "geometry": { "type": "Point", "coordinates": [ 49.8431801, 40.3828105 ] } },
{ "type": "Feature", "properties": { "element": "node", "id": 2125136492, "name": "Market 24 saat \\ Şərifzadə Yasamal", "brand": null, "shop": "convenience", "operator": null, "addr:street": null, "addr:housenumber": null }, "geometry": { "type": "Point", "coordinates": [ 49.801189, 40.398765 ] } },
{ "type": "Feature", "properties": { "element": "node", "id": 2133695494, "name": "Bayil market", "brand": null, "shop": "supermarket", "operator": null, "addr:street": "Aydın Məmmədov", "addr:housenumber": "49A" }, "geometry": { "type": "Point", "coordinates": [ 49.8341316, 40.3505411 ] } },
{ "type": "Feature", "properties": { "element": "node", "id": 2136006228, "name": "Alvadi", "brand": null, "shop": "supermarket", "operator": null, "addr:street": "Mirmahmud Kazımovski küçəsi", "addr:housenumber": "13" }, "geometry": { "type": "Point", "coordinates": [ 49.8226482, 40.4173473 ] } },
{ "type": "Feature", "properties": { "element": "node", "id": 2197932393, "name": null, "brand": null, "shop": "convenience", "operator": null, "addr:street": null, "addr:housenumber": null }, "geometry": { "type": "Point", "coordinates": [ 49.8180735, 40.3709292 ] } },
{ "type": "Feature", "properties": { "element": "node", "id": 2197932395, "name": null, "brand": null, "shop": "convenience", "operator": null, "addr:street": null, "addr:housenumber": null }, "geometry": { "type": "Point", "coordinates": [ 49.8181084, 40.3706617 ] } },
{ "type": "Feature", "properties": { "element": "node", "id": 2197932399, "name": null, "brand": null, "shop": "convenience", "operator": null, "addr:street": null, "addr:housenumber": null }, "geometry": { "type": "Point", "coordinates": [ 49.8181379, 40.3704553 ] } },
{ "type": "Feature", "properties": { "element": "node", "id": 2271426930, "name": "Neptun Supermarket", "brand": null, "shop": "supermarket", "operator": null, "addr:street": null, "addr:housenumber": null }, "geometry": { "type": "Point", "coordinates": [ 49.8152083, 40.3968326 ] } },
{ "type": "Feature", "properties": { "element": "node", "id": 2336927874, "name": "Bee Gross", "brand": null, "shop": "supermarket", "operator": null, "addr:street": null, "addr:housenumber": null }, "geometry": { "type": "Point", "coordinates": [ 49.8369373, 40.3862655 ] } },
{ "type": "Feature", "properties": { "element": "node", "id": 2336928098, "name": "1001 Market", "brand": null, "shop": "convenience", "operator": null, "addr:street": null, "addr:housenumber": null }, "geometry": { "type": "Point", "coordinates": [ 49.8351647, 40.3868214 ] } },
{ "type": "Feature", "properties": { "element": "node", "id": 2545013497, "name": null, "brand": null, "shop": "convenience", "operator": null, "addr:street": null, "addr:housenumber": null }, "geometry": { "type": "Point", "coordinates": [ 49.9564766, 40.3947725 ] } },
{ "type": "Feature", "properties": { "element": "node", "id": 2545021274, "name": "Baku Electronıcs", "brand": null, "shop": "supermarket", "operator": null, "addr:street": null, "addr:housenumber": null }, "geometry": { "type": "Point", "coordinates": [ 49.9541369, 40.3912156 ] } },
{ "type": "Feature", "properties": { "element": "node", "id": 2696093996, "name": "Bazarstore", "brand": null, "shop": "supermarket", "operator": "BazarStore", "addr:street": "Badamdar şossesi", "addr:housenumber": null }, "geometry": { "type": "Point", "coordinates": [ 49.8101544, 40.3415703 ] } },
{ "type": "Feature", "properties": { "element": "node", "id": 2760199306, "name": "Bizim Market", "brand": null, "shop": "supermarket", "operator": null, "addr:street": null, "addr:housenumber": null }, "geometry": { "type": "Point", "coordinates": [ 49.8058381, 40.3394728 ] } },
{ "type": "Feature", "properties": { "element": "node", "id": 2760246944, "name": "Mozaika", "brand": null, "shop": "convenience", "operator": null, "addr:street": null, "addr:housenumber": null }, "geometry": { "type": "Point", "coordinates": [ 49.8072763, 40.3392821 ] } },
{ "type": "Feature", "properties": { "element": "node", "id": 2840081613, "name": "Hakim Market", "brand": null, "shop": "supermarket", "operator": null, "addr:street": "Məhəmməd Hadi küçəsi", "addr:housenumber": null }, "geometry": { "type": "Point", "coordinates": [ 49.9543008, 40.3804614 ] } },
{ "type": "Feature", "properties": { "element": "node", "id": 2902363741, "name": "Göyçə Markeri", "brand": null, "shop": "convenience", "operator": null, "addr:street": null, "addr:housenumber": null }, "geometry": { "type": "Point", "coordinates": [ 49.9197537, 40.3924523 ] } },
{ "type": "Feature", "properties": { "element": "node", "id": 2934112952, "name": "Supermarket", "brand": null, "shop": "supermarket", "operator": null, "addr:street": null, "addr:housenumber": null }, "geometry": { "type": "Point", "coordinates": [ 49.9064058, 40.3908696 ] } },
{ "type": "Feature", "properties": { "element": "node", "id": 2938523233, "name": "Araz", "brand": "Araz", "shop": "supermarket", "operator": null, "addr:street": "Mirəli Qaşqay", "addr:housenumber": null }, "geometry": { "type": "Point", "coordinates": [ 49.8397861, 40.4015268 ] } },
{ "type": "Feature", "properties": { "element": "node", "id": 2947483832, "name": "Ərzaq", "brand": null, "shop": "convenience", "operator": null, "addr:street": null, "addr:housenumber": null }, "geometry": { "type": "Point", "coordinates": [ 49.8203208, 40.3068888 ] } },
{ "type": "Feature", "properties": { "element": "node", "id": 3043103364, "name": "Aile Marketi", "brand": null, "shop": "convenience", "operator": null, "addr:street": null, "addr:housenumber": null }, "geometry": { "type": "Point", "coordinates": [ 49.8397989, 40.4251232 ] } },
{ "type": "Feature", "properties": { "element": "node", "id": 3043103366, "name": "Araz Supermarket 8 mkr", "brand": null, "shop": "convenience", "operator": null, "addr:street": "İbrahimpaşa Dadaşov", "addr:housenumber": null }, "geometry": { "type": "Point", "coordinates": [ 49.8425813, 40.4248766 ] } },
{ "type": "Feature", "properties": { "element": "node", "id": 3043103369, "name": "Universal Market", "brand": null, "shop": "convenience", "operator": null, "addr:street": null, "addr:housenumber": null }, "geometry": { "type": "Point", "coordinates": [ 49.8425705, 40.4244573 ] } },
{ "type": "Feature", "properties": { "element": "node", "id": 3086526802, "name": "Moskva Ərzaq", "brand": null, "shop": "convenience", "operator": null, "addr:street": null, "addr:housenumber": null }, "geometry": { "type": "Point", "coordinates": [ 49.8212492, 40.392364 ] } },
{ "type": "Feature", "properties": { "element": "node", "id": 3098317557, "name": "Neptun Supermarket", "brand": null, "shop": "supermarket", "operator": "Neptun", "addr:street": null, "addr:housenumber": null }, "geometry": { "type": "Point", "coordinates": [ 49.8687832, 40.3979787 ] } },
{ "type": "Feature", "properties": { "element": "node", "id": 3125388029, "name": "Hot Store", "brand": null, "shop": "convenience", "operator": null, "addr:street": "Nəcəf Nərimanov", "addr:housenumber": "61A" }, "geometry": { "type": "Point", "coordinates": [ 49.8372326, 40.4093597 ] } },
{ "type": "Feature", "properties": { "element": "node", "id": 3152076759, "name": "Polad Market", "brand": null, "shop": "convenience", "operator": null, "addr:street": null, "addr:housenumber": null }, "geometry": { "type": "Point", "coordinates": [ 49.8366566, 40.4080952 ] } },
{ "type": "Feature", "properties": { "element": "node", "id": 3157728735, "name": "Firuzə", "brand": null, "shop": "supermarket", "operator": null, "addr:street": "Həsənoğlu küçəsi", "addr:housenumber": null }, "geometry": { "type": "Point", "coordinates": [ 49.8652799, 40.4000235 ] } },
{ "type": "Feature", "properties": { "element": "node", "id": 3174474081, "name": "Bravo", "brand": null, "shop": "supermarket", "operator": null, "addr:street": null, "addr:housenumber": null }, "geometry": { "type": "Point", "coordinates": [ 49.8090238, 40.4124607 ] } },
{ "type": "Feature", "properties": { "element": "node", "id": 3203661317, "name": "Oba Market", "brand": null, "shop": "convenience", "operator": null, "addr:street": null, "addr:housenumber": null }, "geometry": { "type": "Point", "coordinates": [ 49.9776255, 40.341136 ] } },
{ "type": "Feature", "properties": { "element": "node", "id": 3203806592, "name": null, "brand": null, "shop": "convenience", "operator": null, "addr:street": null, "addr:housenumber": null }, "geometry": { "type": "Point", "coordinates": [ 49.9747015, 40.3420152 ] } },
{ "type": "Feature", "properties": { "element": "node", "id": 3203806594, "name": null, "brand": null, "shop": "convenience", "operator": null, "addr:street": null, "addr:housenumber": null }, "geometry": { "type": "Point", "coordinates": [ 49.9759263, 40.3416422 ] } },
{ "type": "Feature", "properties": { "element": "node", "id": 3216855743, "name": "Cənub Market", "brand": null, "shop": "supermarket", "operator": null, "addr:street": null, "addr:housenumber": null }, "geometry": { "type": "Point", "coordinates": [ 49.9531022, 40.3922454 ] } },
{ "type": "Feature", "properties": { "element": "node", "id": 3222839713, "name": null, "brand": null, "shop": "convenience", "operator": null, "addr:street": null, "addr:housenumber": null }, "geometry": { "type": "Point", "coordinates": [ 49.8174665, 40.4236511 ] } },
{ "type": "Feature", "properties": { "element": "node", "id": 3253641631, "name": "Araz", "brand": null, "shop": "supermarket", "operator": null, "addr:street": null, "addr:housenumber": null }, "geometry": { "type": "Point", "coordinates": [ 49.7804114, 40.3052869 ] } },
{ "type": "Feature", "properties": { "element": "node", "id": 3270267590, "name": "Rahat Market", "brand": null, "shop": "supermarket", "operator": null, "addr:street": null, "addr:housenumber": null }, "geometry": { "type": "Point", "coordinates": [ 49.8728466, 40.4035178 ] } },
{ "type": "Feature", "properties": { "element": "node", "id": 3330601271, "name": "Dostluq", "brand": null, "shop": "supermarket", "operator": null, "addr:street": "Yusif Eyvazov", "addr:housenumber": null }, "geometry": { "type": "Point", "coordinates": [ 49.9838858, 40.3976336 ] } },
{ "type": "Feature", "properties": { "element": "node", "id": 3455192819, "name": "Grandmart", "brand": null, "shop": "supermarket", "operator": null, "addr:street": null, "addr:housenumber": null }, "geometry": { "type": "Point", "coordinates": [ 49.8417201, 40.3763199 ] } },
{ "type": "Feature", "properties": { "element": "node", "id": 3455331236, "name": "Bazarstore", "brand": null, "shop": "supermarket", "operator": null, "addr:street": "Neftçilər pr.", "addr:housenumber": null }, "geometry": { "type": "Point", "coordinates": [ 49.8500165, 40.3706395 ] } },
{ "type": "Feature", "properties": { "element": "node", "id": 3589574092, "name": "Megastore Supermarket \\ Günəşli 2", "brand": null, "shop": "supermarket", "operator": null, "addr:street": "İnqilab İsmayılov", "addr:housenumber": null }, "geometry": { "type": "Point", "coordinates": [ 49.9693727, 40.3629785 ] } },
{ "type": "Feature", "properties": { "element": "node", "id": 3773020754, "name": null, "brand": null, "shop": "convenience", "operator": null, "addr:street": null, "addr:housenumber": null }, "geometry": { "type": "Point", "coordinates": [ 49.805393, 40.3477135 ] } },
{ "type": "Feature", "properties": { "element": "node", "id": 3880329917, "name": "Zepter", "brand": null, "shop": "convenience", "operator": null, "addr:street": "Bülbül", "addr:housenumber": "58g" }, "geometry": { "type": "Point", "coordinates": [ 49.8419636, 40.3805734 ] } },
{ "type": "Feature", "properties": { "element": "node", "id": 3957254868, "name": "Rahat Market", "brand": null, "shop": "supermarket", "operator": null, "addr:street": "Təbriz", "addr:housenumber": "60" }, "geometry": { "type": "Point", "coordinates": [ 49.8581534, 40.3924556 ] } },
{ "type": "Feature", "properties": { "element": "node", "id": 3966899456, "name": "Ərzaq Market", "brand": null, "shop": "supermarket", "operator": null, "addr:street": "Ismayil Hidayetzade", "addr:housenumber": null }, "geometry": { "type": "Point", "coordinates": [ 49.8710871, 40.3947623 ] } },
{ "type": "Feature", "properties": { "element": "node", "id": 3966902000, "name": "Aile Supermarket", "brand": null, "shop": "supermarket", "operator": null, "addr:street": "Ismayil Hidayetzade", "addr:housenumber": null }, "geometry": { "type": "Point", "coordinates": [ 49.8705267, 40.3950113 ] } },
{ "type": "Feature", "properties": { "element": "node", "id": 3966910771, "name": "1001 xirdavat", "brand": null, "shop": "convenience", "operator": null, "addr:street": "Ismayil Hidayetzade", "addr:housenumber": null }, "geometry": { "type": "Point", "coordinates": [ 49.871811, 40.3942394 ] } },
{ "type": "Feature", "properties": { "element": "node", "id": 4076887626, "name": "Market", "brand": null, "shop": "convenience", "operator": null, "addr:street": null, "addr:housenumber": null }, "geometry": { "type": "Point", "coordinates": [ 49.9461554, 40.3672753 ] } },
{ "type": "Feature", "properties": { "element": "node", "id": 4112303597, "name": null, "brand": null, "shop": "supermarket", "operator": null, "addr:street": null, "addr:housenumber": null }, "geometry": { "type": "Point", "coordinates": [ 49.7885027, 40.390879 ] } },
{ "type": "Feature", "properties": { "element": "node", "id": 4112303697, "name": "BazarStore", "brand": null, "shop": "supermarket", "operator": null, "addr:street": "Talıblı 4 küç", "addr:housenumber": null }, "geometry": { "type": "Point", "coordinates": [ 49.7952578, 40.3935172 ] } },
{ "type": "Feature", "properties": { "element": "node", "id": 4124071890, "name": "Real market", "brand": null, "shop": "supermarket", "operator": null, "addr:street": null, "addr:housenumber": null }, "geometry": { "type": "Point", "coordinates": [ 49.952875, 40.3708488 ] } },
{ "type": "Feature", "properties": { "element": "node", "id": 4124087789, "name": "Mega Store - Rahat Msrket", "brand": null, "shop": "supermarket", "operator": null, "addr:street": null, "addr:housenumber": null }, "geometry": { "type": "Point", "coordinates": [ 49.9512995, 40.37015 ] } },
{ "type": "Feature", "properties": { "element": "node", "id": 4126656497, "name": "Bizim market", "brand": null, "shop": "supermarket", "operator": null, "addr:street": null, "addr:housenumber": null }, "geometry": { "type": "Point", "coordinates": [ 49.9649346, 40.3867201 ] } },
{ "type": "Feature", "properties": { "element": "node", "id": 4146900891, "name": null, "brand": null, "shop": "convenience", "operator": null, "addr:street": null, "addr:housenumber": null }, "geometry": { "type": "Point", "coordinates": [ 49.8139221, 40.411101 ] } },
{ "type": "Feature", "properties": { "element": "node", "id": 4146901489, "name": null, "brand": null, "shop": "convenience", "operator": null, "addr:street": null, "addr:housenumber": null }, "geometry": { "type": "Point", "coordinates": [ 49.8111331, 40.4120279 ] } },
{ "type": "Feature", "properties": { "element": "node", "id": 4148645091, "name": "Araz Market", "brand": null, "shop": "convenience", "operator": null, "addr:street": null, "addr:housenumber": null }, "geometry": { "type": "Point", "coordinates": [ 49.8132583, 40.4123687 ] } },
{ "type": "Feature", "properties": { "element": "node", "id": 4159765691, "name": "SAFA Market", "brand": null, "shop": "supermarket", "operator": null, "addr:street": "Mir Cəlal", "addr:housenumber": "1" }, "geometry": { "type": "Point", "coordinates": [ 49.8038074, 40.4136492 ] } },
{ "type": "Feature", "properties": { "element": "node", "id": 4177287889, "name": "Fresco", "brand": null, "shop": "supermarket", "operator": null, "addr:street": "Nizami küçəsi", "addr:housenumber": "129" }, "geometry": { "type": "Point", "coordinates": [ 49.8550612, 40.3774502 ] } },
{ "type": "Feature", "properties": { "element": "node", "id": 4187761325, "name": null, "brand": null, "shop": "supermarket", "operator": null, "addr:street": null, "addr:housenumber": null }, "geometry": { "type": "Point", "coordinates": [ 49.8676493, 40.4000122 ] } },
{ "type": "Feature", "properties": { "element": "node", "id": 4209010590, "name": "Sari Market", "brand": null, "shop": "supermarket", "operator": null, "addr:street": null, "addr:housenumber": null }, "geometry": { "type": "Point", "coordinates": [ 49.8452263, 40.4275764 ] } },
{ "type": "Feature", "properties": { "element": "node", "id": 4209024090, "name": "Unimart", "brand": null, "shop": "supermarket", "operator": null, "addr:street": null, "addr:housenumber": null }, "geometry": { "type": "Point", "coordinates": [ 49.8448233, 40.4276513 ] } },
{ "type": "Feature", "properties": { "element": "node", "id": 4209024689, "name": "Rahat Market", "brand": null, "shop": "supermarket", "operator": "Mudur", "addr:street": "Süleyman Sani Axundov küçəsi", "addr:housenumber": null }, "geometry": { "type": "Point", "coordinates": [ 49.8438988, 40.4257544 ] } },
{ "type": "Feature", "properties": { "element": "node", "id": 4209579232, "name": "Bolmart", "brand": null, "shop": "supermarket", "operator": null, "addr:street": "Mir Cəlal küçəsi", "addr:housenumber": "314" }, "geometry": { "type": "Point", "coordinates": [ 49.8152117, 40.4212893 ] } },
{ "type": "Feature", "properties": { "element": "node", "id": 4211994089, "name": "Məhəllə market", "brand": null, "shop": "supermarket", "operator": null, "addr:street": null, "addr:housenumber": null }, "geometry": { "type": "Point", "coordinates": [ 49.940833, 40.4218216 ] } },
{ "type": "Feature", "properties": { "element": "node", "id": 4211994389, "name": "Araz Supermarket", "brand": null, "shop": "supermarket", "operator": null, "addr:street": "Məmmədəli Şərifli küç.", "addr:housenumber": null }, "geometry": { "type": "Point", "coordinates": [ 49.9494917, 40.4133466 ] } },
{ "type": "Feature", "properties": { "element": "node", "id": 4229083394, "name": "Araz", "brand": null, "shop": "supermarket", "operator": null, "addr:street": null, "addr:housenumber": null }, "geometry": { "type": "Point", "coordinates": [ 49.9749177, 40.3835127 ] } },
{ "type": "Feature", "properties": { "element": "node", "id": 4231215991, "name": "Bazar Store \\ Dərnəgül", "brand": null, "shop": "supermarket", "operator": null, "addr:street": "Əcəmi Naxcıvani,14", "addr:housenumber": null }, "geometry": { "type": "Point", "coordinates": [ 49.8387984, 40.4160487 ] } },
{ "type": "Feature", "properties": { "element": "node", "id": 4231620690, "name": "Karlson Market", "brand": null, "shop": "supermarket", "operator": null, "addr:street": "Tələt Şıxəliyev küçəsi", "addr:housenumber": null }, "geometry": { "type": "Point", "coordinates": [ 49.8566414, 40.3897545 ] } },
{ "type": "Feature", "properties": { "element": "node", "id": 4231639690, "name": "Raman", "brand": null, "shop": "supermarket", "operator": null, "addr:street": "Tələt Şıxəliyev küçəsi", "addr:housenumber": null }, "geometry": { "type": "Point", "coordinates": [ 49.8563358, 40.3906848 ] } },
{ "type": "Feature", "properties": { "element": "node", "id": 4231773494, "name": "Metromart Supermarket (24 saat)", "brand": null, "shop": "supermarket", "operator": null, "addr:street": "Fətəli Xan Xoyski küç.", "addr:housenumber": "144" }, "geometry": { "type": "Point", "coordinates": [ 49.8721897, 40.4069982 ] } },
{ "type": "Feature", "properties": { "element": "node", "id": 4233819590, "name": "Big Store", "brand": null, "shop": "supermarket", "operator": null, "addr:street": "Atatürk pr.", "addr:housenumber": "69" }, "geometry": { "type": "Point", "coordinates": [ 49.8485475, 40.4055672 ] } },
{ "type": "Feature", "properties": { "element": "node", "id": 4249013893, "name": "m", "brand": null, "shop": "supermarket", "operator": null, "addr:street": "Mirəli Seyidov", "addr:housenumber": null }, "geometry": { "type": "Point", "coordinates": [ 49.8068992, 40.3827643 ] } },
{ "type": "Feature", "properties": { "element": "node", "id": 4249014294, "name": "Sizin Market", "brand": null, "shop": "supermarket", "operator": null, "addr:street": "Abbas Mirzə Şərifzadə küç.", "addr:housenumber": null }, "geometry": { "type": "Point", "coordinates": [ 49.804891, 40.3743332 ] } },
{ "type": "Feature", "properties": { "element": "node", "id": 4249134189, "name": "Avey Market", "brand": null, "shop": "supermarket", "operator": null, "addr:street": "Mirəli Seyidov", "addr:housenumber": null }, "geometry": { "type": "Point", "coordinates": [ 49.8066569, 40.3831451 ] } },
{ "type": "Feature", "properties": { "element": "node", "id": 4249164591, "name": "Avey Market", "brand": null, "shop": "supermarket", "operator": null, "addr:street": "Mirəli Seyidov", "addr:housenumber": null }, "geometry": { "type": "Point", "coordinates": [ 49.8066505, 40.3831617 ] } },
{ "type": "Feature", "properties": { "element": "node", "id": 4249164690, "name": "Avey Market", "brand": null, "shop": "supermarket", "operator": "Gündüz", "addr:street": "Mirəli Seyidov", "addr:housenumber": null }, "geometry": { "type": "Point", "coordinates": [ 49.8066707, 40.3830929 ] } },
{ "type": "Feature", "properties": { "element": "node", "id": 4249887695, "name": "Faiq Market", "brand": null, "shop": "supermarket", "operator": null, "addr:street": "Rüstəm Rüstəmov", "addr:housenumber": null }, "geometry": { "type": "Point", "coordinates": [ 49.9403776, 40.4092905 ] } },
{ "type": "Feature", "properties": { "element": "node", "id": 4249903796, "name": "8553", "brand": null, "shop": "supermarket", "operator": null, "addr:street": "Rüstəm Rüstəmov", "addr:housenumber": null }, "geometry": { "type": "Point", "coordinates": [ 49.9358769, 40.4073126 ] } },
{ "type": "Feature", "properties": { "element": "node", "id": 4249903998, "name": "Araz", "brand": null, "shop": "supermarket", "operator": null, "addr:street": "Məhsəti Gəncəvi", "addr:housenumber": null }, "geometry": { "type": "Point", "coordinates": [ 49.9382052, 40.406329 ] } },
{ "type": "Feature", "properties": { "element": "node", "id": 4249903999, "name": "Faiq M-t 2", "brand": null, "shop": "supermarket", "operator": null, "addr:street": "Rüstəm Rüstəmov", "addr:housenumber": null }, "geometry": { "type": "Point", "coordinates": [ 49.9402987, 40.4086216 ] } },
{ "type": "Feature", "properties": { "element": "node", "id": 4249914992, "name": "Kiosk Neftciler", "brand": null, "shop": "supermarket", "operator": null, "addr:street": "Qara Qarayev", "addr:housenumber": null }, "geometry": { "type": "Point", "coordinates": [ 49.9434274, 40.4096555 ] } },
{ "type": "Feature", "properties": { "element": "node", "id": 4249918389, "name": "Qarabağ", "brand": null, "shop": "supermarket", "operator": null, "addr:street": "Rüstəm Rüstəmov", "addr:housenumber": null }, "geometry": { "type": "Point", "coordinates": [ 49.9423364, 40.4094801 ] } },
{ "type": "Feature", "properties": { "element": "node", "id": 4249921291, "name": "Bilyard Evi M-t", "brand": null, "shop": "supermarket", "operator": null, "addr:street": "Rüstəm Rüstəmov", "addr:housenumber": null }, "geometry": { "type": "Point", "coordinates": [ 49.9416267, 40.4078237 ] } },
{ "type": "Feature", "properties": { "element": "node", "id": 4249921305, "name": "SüzSev M-t", "brand": null, "shop": "supermarket", "operator": null, "addr:street": "Cəmşid Naxçıvanski", "addr:housenumber": null }, "geometry": { "type": "Point", "coordinates": [ 49.9438003, 40.4033722 ] } },
{ "type": "Feature", "properties": { "element": "node", "id": 4249936714, "name": "Erzaq 1141", "brand": null, "shop": "supermarket", "operator": null, "addr:street": "Cəmşid Naxçıvanski", "addr:housenumber": null }, "geometry": { "type": "Point", "coordinates": [ 49.941157, 40.4012797 ] } },
{ "type": "Feature", "properties": { "element": "node", "id": 4249936911, "name": "Aztur M-t", "brand": null, "shop": "supermarket", "operator": null, "addr:street": "Cəmşid Naxçıvanski", "addr:housenumber": null }, "geometry": { "type": "Point", "coordinates": [ 49.9418821, 40.4015434 ] } },
{ "type": "Feature", "properties": { "element": "node", "id": 4249973602, "name": "Foto M-t", "brand": null, "shop": "supermarket", "operator": null, "addr:street": "Bəkir Çobanzadə", "addr:housenumber": null }, "geometry": { "type": "Point", "coordinates": [ 49.9419681, 40.396821 ] } },
{ "type": "Feature", "properties": { "element": "node", "id": 4249974406, "name": "Samir (Mehelle M-t)", "brand": null, "shop": "supermarket", "operator": null, "addr:street": "Babək pr.", "addr:housenumber": null }, "geometry": { "type": "Point", "coordinates": [ 49.9520875, 40.396749 ] } },
{ "type": "Feature", "properties": { "element": "node", "id": 4249989195, "name": "Anar (100029)", "brand": null, "shop": "supermarket", "operator": null, "addr:street": "Bəkir Çobanzadə", "addr:housenumber": null }, "geometry": { "type": "Point", "coordinates": [ 49.9421198, 40.3986448 ] } },
{ "type": "Feature", "properties": { "element": "node", "id": 4249994691, "name": "Mağaza 57", "brand": null, "shop": "supermarket", "operator": null, "addr:street": "Bəkir Çobanzadə", "addr:housenumber": null }, "geometry": { "type": "Point", "coordinates": [ 49.9384716, 40.4015645 ] } },
{ "type": "Feature", "properties": { "element": "node", "id": 4249994890, "name": "Şuşa Market", "brand": null, "shop": "supermarket", "operator": null, "addr:street": "Bəkir Çobanzadə", "addr:housenumber": null }, "geometry": { "type": "Point", "coordinates": [ 49.9403113, 40.3990622 ] } },
{ "type": "Feature", "properties": { "element": "node", "id": 4256196994, "name": "Maşallahın dükanı", "brand": null, "shop": "supermarket", "operator": null, "addr:street": "Rövşən Göyüşov", "addr:housenumber": null }, "geometry": { "type": "Point", "coordinates": [ 49.9948511, 40.3783006 ] } },
{ "type": "Feature", "properties": { "element": "node", "id": 4256252691, "name": "Nuru m T Market", "brand": null, "shop": "supermarket", "operator": null, "addr:street": "Ziğ-Hövsan yolu", "addr:housenumber": null }, "geometry": { "type": "Point", "coordinates": [ 49.9903526, 40.3688908 ] } },
{ "type": "Feature", "properties": { "element": "node", "id": 4258423991, "name": "Deniz Asagi", "brand": null, "shop": "supermarket", "operator": null, "addr:street": "Zığ şossesi", "addr:housenumber": null }, "geometry": { "type": "Point", "coordinates": [ 49.9588215, 40.3492682 ] } },
{ "type": "Feature", "properties": { "element": "node", "id": 4260088489, "name": "GÜndüz Market", "brand": null, "shop": "supermarket", "operator": null, "addr:street": "İnqilab İsmayılov", "addr:housenumber": null }, "geometry": { "type": "Point", "coordinates": [ 49.9707967, 40.3549784 ] } },
{ "type": "Feature", "properties": { "element": "node", "id": 4260094789, "name": "Asef M-t", "brand": null, "shop": "supermarket", "operator": null, "addr:street": "General Əliağa Şıxlinski küçəsi", "addr:housenumber": null }, "geometry": { "type": "Point", "coordinates": [ 49.966841, 40.3594678 ] } },
{ "type": "Feature", "properties": { "element": "node", "id": 4260350091, "name": "Yaşıl M-t", "brand": null, "shop": "supermarket", "operator": null, "addr:street": "Səməd bəy Mehmandarov", "addr:housenumber": null }, "geometry": { "type": "Point", "coordinates": [ 49.9674298, 40.3799666 ] } },
{ "type": "Feature", "properties": { "element": "node", "id": 4260401690, "name": "Mikayil Market", "brand": null, "shop": "convenience", "operator": null, "addr:street": "Səməd bəy Mehmandarov", "addr:housenumber": null }, "geometry": { "type": "Point", "coordinates": [ 49.9685774, 40.377805 ] } },
{ "type": "Feature", "properties": { "element": "node", "id": 4260452989, "name": "Ispat Market", "brand": null, "shop": "supermarket", "operator": null, "addr:street": "Əliağa Şıxlinski", "addr:housenumber": null }, "geometry": { "type": "Point", "coordinates": [ 49.9672388, 40.3728973 ] } },
{ "type": "Feature", "properties": { "element": "node", "id": 4260663589, "name": "Zaur M-t", "brand": null, "shop": "supermarket", "operator": null, "addr:street": "Əliağa Şıxlinski", "addr:housenumber": null }, "geometry": { "type": "Point", "coordinates": [ 49.9654523, 40.3668901 ] } },
{ "type": "Feature", "properties": { "element": "node", "id": 4260712501, "name": "Bakir Market", "brand": null, "shop": "supermarket", "operator": null, "addr:street": "İnqilab İsmayılov", "addr:housenumber": null }, "geometry": { "type": "Point", "coordinates": [ 49.9701836, 40.3603492 ] } },
{ "type": "Feature", "properties": { "element": "node", "id": 4260713801, "name": "Nur m-t", "brand": null, "shop": "supermarket", "operator": null, "addr:street": "Əliağa Şıxlinski", "addr:housenumber": null }, "geometry": { "type": "Point", "coordinates": [ 49.9696437, 40.3574692 ] } },
{ "type": "Feature", "properties": { "element": "node", "id": 4262402589, "name": "Serdar m-t", "brand": null, "shop": "supermarket", "operator": null, "addr:street": "Vunqtau küçəsi", "addr:housenumber": null }, "geometry": { "type": "Point", "coordinates": [ 49.9585979, 40.3720074 ] } },
{ "type": "Feature", "properties": { "element": "node", "id": 4269429291, "name": "Ayla market", "brand": null, "shop": "supermarket", "operator": null, "addr:street": "Məmmədəli Şərifli küç.", "addr:housenumber": null }, "geometry": { "type": "Point", "coordinates": [ 49.9272743, 40.4235194 ] } },
{ "type": "Feature", "properties": { "element": "node", "id": 4269546143, "name": "Gülxar m-t", "brand": null, "shop": "supermarket", "operator": null, "addr:street": "Elşən Süleymanov", "addr:housenumber": null }, "geometry": { "type": "Point", "coordinates": [ 49.9538059, 40.4087912 ] } },
{ "type": "Feature", "properties": { "element": "node", "id": 4269561093, "name": "Universal m-t", "brand": null, "shop": "supermarket", "operator": null, "addr:street": "Elşən Süleymanov", "addr:housenumber": null }, "geometry": { "type": "Point", "coordinates": [ 49.9560254, 40.4093253 ] } },
{ "type": "Feature", "properties": { "element": "node", "id": 4269624490, "name": "Atabala m-t", "brand": null, "shop": "supermarket", "operator": null, "addr:street": "Bahruz Nuriyev", "addr:housenumber": null }, "geometry": { "type": "Point", "coordinates": [ 49.9561702, 40.4013127 ] } },
{ "type": "Feature", "properties": { "element": "node", "id": 4269624492, "name": "Magaza 15", "brand": null, "shop": "supermarket", "operator": null, "addr:street": "Elshan Suleymanov", "addr:housenumber": null }, "geometry": { "type": "Point", "coordinates": [ 49.9573552, 40.4001582 ] } },
{ "type": "Feature", "properties": { "element": "node", "id": 4269624590, "name": "Erzaq 104411", "brand": null, "shop": "supermarket", "operator": null, "addr:street": "Elşən Süleymanov", "addr:housenumber": null }, "geometry": { "type": "Point", "coordinates": [ 49.9525914, 40.4101132 ] } },
{ "type": "Feature", "properties": { "element": "node", "id": 4269634089, "name": "Yasin m-t", "brand": null, "shop": "supermarket", "operator": null, "addr:street": "Bahruz Nuriyev", "addr:housenumber": null }, "geometry": { "type": "Point", "coordinates": [ 49.9551839, 40.4031662 ] } },
{ "type": "Feature", "properties": { "element": "node", "id": 4269634093, "name": "Yaxin Market", "brand": null, "shop": "supermarket", "operator": null, "addr:street": "Elshan Suleymanov", "addr:housenumber": "158A" }, "geometry": { "type": "Point", "coordinates": [ 49.9589786, 40.3978875 ] } },
{ "type": "Feature", "properties": { "element": "node", "id": 4269712989, "name": "Huseyin Market", "brand": null, "shop": "supermarket", "operator": null, "addr:street": "Qara Qarayev", "addr:housenumber": null }, "geometry": { "type": "Point", "coordinates": [ 49.9547386, 40.3973407 ] } },
{ "type": "Feature", "properties": { "element": "node", "id": 4270994190, "name": "Farid market", "brand": null, "shop": "convenience", "operator": null, "addr:street": null, "addr:housenumber": null }, "geometry": { "type": "Point", "coordinates": [ 49.8395859, 40.421811 ] } },
{ "type": "Feature", "properties": { "element": "node", "id": 4271105596, "name": "Sərxan Narket \\ Neftçilər", "brand": null, "shop": "supermarket", "operator": null, "addr:street": "Məhsəti Gəncəvi", "addr:housenumber": null }, "geometry": { "type": "Point", "coordinates": [ 49.936362, 40.4093038 ] } },
{ "type": "Feature", "properties": { "element": "node", "id": 4271160835, "name": "Market 109472", "brand": null, "shop": "supermarket", "operator": null, "addr:street": null, "addr:housenumber": null }, "geometry": { "type": "Point", "coordinates": [ 49.9476306, 40.4010592 ] } },
{ "type": "Feature", "properties": { "element": "node", "id": 4271176399, "name": "Eno Market", "brand": null, "shop": "supermarket", "operator": null, "addr:street": "Qara Qarayev", "addr:housenumber": null }, "geometry": { "type": "Point", "coordinates": [ 49.9483992, 40.4013047 ] } },
{ "type": "Feature", "properties": { "element": "node", "id": 4271271577, "name": "57 Market", "brand": null, "shop": "supermarket", "operator": null, "addr:street": "Bəkir Çobanzadə", "addr:housenumber": null }, "geometry": { "type": "Point", "coordinates": [ 49.9395442, 40.4000015 ] } },
{ "type": "Feature", "properties": { "element": "node", "id": 4271299196, "name": "Anar Market - 100029", "brand": null, "shop": "supermarket", "operator": null, "addr:street": "Bəkir Çobanzadə", "addr:housenumber": null }, "geometry": { "type": "Point", "coordinates": [ 49.9411192, 40.3978387 ] } },
{ "type": "Feature", "properties": { "element": "node", "id": 4271432612, "name": "Ismayil M-t", "brand": null, "shop": "supermarket", "operator": null, "addr:street": "Seyid Əzim Şirvani", "addr:housenumber": null }, "geometry": { "type": "Point", "coordinates": [ 49.9646067, 40.3922442 ] } },
{ "type": "Feature", "properties": { "element": "node", "id": 4271459189, "name": "Halal m-t 5798", "brand": null, "shop": "supermarket", "operator": null, "addr:street": "Məzahir Rüstəmov", "addr:housenumber": null }, "geometry": { "type": "Point", "coordinates": [ 49.9631172, 40.3880186 ] } },
{ "type": "Feature", "properties": { "element": "node", "id": 4271460790, "name": "Pepsi market", "brand": null, "shop": "supermarket", "operator": null, "addr:street": "Sarayevo", "addr:housenumber": null }, "geometry": { "type": "Point", "coordinates": [ 49.9634923, 40.3867176 ] } },
{ "type": "Feature", "properties": { "element": "node", "id": 4271487792, "name": "Edem market", "brand": null, "shop": "supermarket", "operator": null, "addr:street": null, "addr:housenumber": null }, "geometry": { "type": "Point", "coordinates": [ 49.9627945, 40.3850389 ] } },
{ "type": "Feature", "properties": { "element": "node", "id": 4271545993, "name": "Market 105030", "brand": null, "shop": "supermarket", "operator": null, "addr:street": "Sarayevo", "addr:housenumber": null }, "geometry": { "type": "Point", "coordinates": [ 49.961216, 40.3869784 ] } },
{ "type": "Feature", "properties": { "element": "node", "id": 4281452607, "name": "Gunel market", "brand": null, "shop": "supermarket", "operator": null, "addr:street": "Semed bey Mehmandarov", "addr:housenumber": null }, "geometry": { "type": "Point", "coordinates": [ 49.9666392, 40.3611941 ] } },
{ "type": "Feature", "properties": { "element": "node", "id": 4289447401, "name": "Araz", "brand": "Araz", "shop": "supermarket", "operator": null, "addr:street": "Ceyhunbəy Hacıbəyli", "addr:housenumber": null }, "geometry": { "type": "Point", "coordinates": [ 49.8466731, 40.3903418 ] } },
{ "type": "Feature", "properties": { "element": "node", "id": 4305482293, "name": "3-cü mkr. Bazarı", "brand": null, "shop": "supermarket", "operator": null, "addr:street": null, "addr:housenumber": null }, "geometry": { "type": "Point", "coordinates": [ 49.8176465, 40.4066062 ] } },
{ "type": "Feature", "properties": { "element": "node", "id": 4308698493, "name": "Zaur Market", "brand": null, "shop": "supermarket", "operator": null, "addr:street": "Semed bey Mehmandarov", "addr:housenumber": null }, "geometry": { "type": "Point", "coordinates": [ 49.9670387, 40.3641219 ] } },
{ "type": "Feature", "properties": { "element": "node", "id": 4314487290, "name": "Rahat supermarket", "brand": null, "shop": "supermarket", "operator": null, "addr:street": null, "addr:housenumber": null }, "geometry": { "type": "Point", "coordinates": [ 49.9516134, 40.413332 ] } },
{ "type": "Feature", "properties": { "element": "node", "id": 4316588989, "name": "RAHAT Market", "brand": null, "shop": "supermarket", "operator": null, "addr:street": null, "addr:housenumber": null }, "geometry": { "type": "Point", "coordinates": [ 49.9431338, 40.4092945 ] } },
{ "type": "Feature", "properties": { "element": "node", "id": 4316780696, "name": "Fresco", "brand": null, "shop": "supermarket", "operator": null, "addr:street": "Abbas Mirzə Şərifzadə küç.", "addr:housenumber": "39" }, "geometry": { "type": "Point", "coordinates": [ 49.804163, 40.3791827 ] } },
{ "type": "Feature", "properties": { "element": "node", "id": 4327584090, "name": "Rauf's", "brand": null, "shop": "supermarket", "operator": null, "addr:street": null, "addr:housenumber": null }, "geometry": { "type": "Point", "coordinates": [ 49.8416127, 40.3893445 ] } },
{ "type": "Feature", "properties": { "element": "node", "id": 4335064789, "name": "Neptun Supermarket", "brand": null, "shop": "supermarket", "operator": null, "addr:street": "Cəlil Məmmədquluzadə", "addr:housenumber": null }, "geometry": { "type": "Point", "coordinates": [ 49.8282318, 40.3948343 ] } },
{ "type": "Feature", "properties": { "element": "node", "id": 4336607689, "name": "Ərzaq", "brand": null, "shop": "supermarket", "operator": null, "addr:street": "Namiq Quliyev", "addr:housenumber": "43" }, "geometry": { "type": "Point", "coordinates": [ 49.8225199, 40.3066474 ] } },
{ "type": "Feature", "properties": { "element": "node", "id": 4337134191, "name": "Bəhram Market", "brand": null, "shop": "supermarket", "operator": null, "addr:street": "Nazim İsmayılov", "addr:housenumber": null }, "geometry": { "type": "Point", "coordinates": [ 49.9718618, 40.4195682 ] } },
{ "type": "Feature", "properties": { "element": "node", "id": 4341598501, "name": "Real-S Supermarket", "brand": null, "shop": "supermarket", "operator": null, "addr:street": null, "addr:housenumber": null }, "geometry": { "type": "Point", "coordinates": [ 49.8046687, 40.4102183 ] } },
{ "type": "Feature", "properties": { "element": "node", "id": 4344468294, "name": "Yaxın Aləm", "brand": null, "shop": "supermarket", "operator": null, "addr:street": "Yusif Eyvazov", "addr:housenumber": null }, "geometry": { "type": "Point", "coordinates": [ 49.9839849, 40.3987991 ] } },
{ "type": "Feature", "properties": { "element": "node", "id": 4345393689, "name": "Araz", "brand": null, "shop": "supermarket", "operator": null, "addr:street": null, "addr:housenumber": null }, "geometry": { "type": "Point", "coordinates": [ 49.8099507, 40.4081602 ] } },
{ "type": "Feature", "properties": { "element": "node", "id": 4356792394, "name": "Nərmin Ticarət Mərkəzi", "brand": null, "shop": "convenience", "operator": null, "addr:street": "Məzahir Rüstəmov küçəsi", "addr:housenumber": "136" }, "geometry": { "type": "Point", "coordinates": [ 49.9610325, 40.3862223 ] } },
{ "type": "Feature", "properties": { "element": "node", "id": 4366727889, "name": null, "brand": null, "shop": "convenience", "operator": null, "addr:street": null, "addr:housenumber": null }, "geometry": { "type": "Point", "coordinates": [ 49.8070757, 40.4113646 ] } },
{ "type": "Feature", "properties": { "element": "node", "id": 4366727989, "name": null, "brand": null, "shop": "supermarket", "operator": null, "addr:street": null, "addr:housenumber": null }, "geometry": { "type": "Point", "coordinates": [ 49.807415, 40.4118737 ] } },
{ "type": "Feature", "properties": { "element": "node", "id": 4368030601, "name": "MegaStore", "brand": null, "shop": "supermarket", "operator": null, "addr:street": null, "addr:housenumber": null }, "geometry": { "type": "Point", "coordinates": [ 49.9644854, 40.3819961 ] } },
{ "type": "Feature", "properties": { "element": "node", "id": 4368030697, "name": "Grand Avromart Neapol", "brand": null, "shop": "supermarket", "operator": null, "addr:street": "Telnov küçəsi", "addr:housenumber": "2347/48" }, "geometry": { "type": "Point", "coordinates": [ 49.965169, 40.3859247 ] } },
{ "type": "Feature", "properties": { "element": "node", "id": 4368044694, "name": null, "brand": null, "shop": "supermarket", "operator": null, "addr:street": "Səməd bəy Mehmandarov", "addr:housenumber": null }, "geometry": { "type": "Point", "coordinates": [ 49.9652974, 40.3803121 ] } },
{ "type": "Feature", "properties": { "element": "node", "id": 4373255089, "name": "Bravo", "brand": null, "shop": "supermarket", "operator": null, "addr:street": null, "addr:housenumber": null }, "geometry": { "type": "Point", "coordinates": [ 49.8523674, 40.4002509 ] } },
{ "type": "Feature", "properties": { "element": "node", "id": 4385321305, "name": "Bolmart", "brand": null, "shop": "supermarket", "operator": null, "addr:street": "Səməd Vurğun küçəsi", "addr:housenumber": "109" }, "geometry": { "type": "Point", "coordinates": [ 49.8380282, 40.3830656 ] } },
{ "type": "Feature", "properties": { "element": "node", "id": 4393928491, "name": "Araz", "brand": "Araz", "shop": "supermarket", "operator": null, "addr:street": "Əbdürrəhim bəy Haqverdiyev küçəsi", "addr:housenumber": null }, "geometry": { "type": "Point", "coordinates": [ 49.8109928, 40.3802184 ] } },
{ "type": "Feature", "properties": { "element": "node", "id": 4394138690, "name": null, "brand": null, "shop": "supermarket", "operator": null, "addr:street": null, "addr:housenumber": null }, "geometry": { "type": "Point", "coordinates": [ 49.8131365, 40.3812261 ] } },
{ "type": "Feature", "properties": { "element": "node", "id": 4394144990, "name": "Araz", "brand": null, "shop": "supermarket", "operator": null, "addr:street": null, "addr:housenumber": null }, "geometry": { "type": "Point", "coordinates": [ 49.8076842, 40.4198495 ] } },
{ "type": "Feature", "properties": { "element": "node", "id": 4396774990, "name": "Favorit Market Bayil", "brand": null, "shop": "supermarket", "operator": null, "addr:street": null, "addr:housenumber": null }, "geometry": { "type": "Point", "coordinates": [ 49.8186423, 40.3289274 ] } },
{ "type": "Feature", "properties": { "element": "node", "id": 4405021689, "name": "Çinar Market", "brand": null, "shop": "supermarket", "operator": null, "addr:street": null, "addr:housenumber": null }, "geometry": { "type": "Point", "coordinates": [ 49.8286084, 40.3877709 ] } },
{ "type": "Feature", "properties": { "element": "node", "id": 4407714689, "name": null, "brand": null, "shop": "supermarket", "operator": null, "addr:street": "General Səmədbəy Mehmandarov", "addr:housenumber": null }, "geometry": { "type": "Point", "coordinates": [ 49.9625543, 40.4200917 ] } },
{ "type": "Feature", "properties": { "element": "node", "id": 4407733091, "name": "BazarStore Bakıxanov 2", "brand": null, "shop": "supermarket", "operator": null, "addr:street": "Sakit Qocayev", "addr:housenumber": null }, "geometry": { "type": "Point", "coordinates": [ 49.9644271, 40.4177812 ] } },
{ "type": "Feature", "properties": { "element": "node", "id": 4407803293, "name": "Sərham Market", "brand": null, "shop": "supermarket", "operator": null, "addr:street": null, "addr:housenumber": null }, "geometry": { "type": "Point", "coordinates": [ 49.9573021, 40.4307969 ] } },
{ "type": "Feature", "properties": { "element": "node", "id": 4411644690, "name": "Sərham Supermarket", "brand": null, "shop": "supermarket", "operator": null, "addr:street": null, "addr:housenumber": null }, "geometry": { "type": "Point", "coordinates": [ 49.9595591, 40.4366648 ] } },
{ "type": "Feature", "properties": { "element": "node", "id": 4417381591, "name": null, "brand": null, "shop": "supermarket", "operator": null, "addr:street": null, "addr:housenumber": null }, "geometry": { "type": "Point", "coordinates": [ 49.8221544, 40.4058807 ] } },
{ "type": "Feature", "properties": { "element": "node", "id": 4418909889, "name": "Rahat Market \\ Həsən Əliyev küç.", "brand": null, "shop": "supermarket", "operator": null, "addr:street": "Həsən Əliyev küçəsi", "addr:housenumber": "36" }, "geometry": { "type": "Point", "coordinates": [ 49.8293193, 40.3977246 ] } },
{ "type": "Feature", "properties": { "element": "node", "id": 4422634589, "name": null, "brand": null, "shop": "supermarket", "operator": null, "addr:street": "Adil Məmmədov", "addr:housenumber": "11" }, "geometry": { "type": "Point", "coordinates": [ 49.8076725, 40.41985 ] } },
{ "type": "Feature", "properties": { "element": "node", "id": 4422761989, "name": "GrandMart / Fresco Hadi küç.", "brand": null, "shop": "supermarket", "operator": null, "addr:street": "Məhəmməd Hadi", "addr:housenumber": "106" }, "geometry": { "type": "Point", "coordinates": [ 49.9533574, 40.3890977 ] } },
{ "type": "Feature", "properties": { "element": "node", "id": 4422762490, "name": "Neptun Supermarket", "brand": null, "shop": "supermarket", "operator": null, "addr:street": "Məhəmməd Hadi", "addr:housenumber": null }, "geometry": { "type": "Point", "coordinates": [ 49.9532572, 40.3940833 ] } },
{ "type": "Feature", "properties": { "element": "node", "id": 4423167691, "name": null, "brand": null, "shop": "supermarket", "operator": null, "addr:street": null, "addr:housenumber": null }, "geometry": { "type": "Point", "coordinates": [ 49.8426837, 40.3804049 ] } },
{ "type": "Feature", "properties": { "element": "node", "id": 4423904090, "name": "Araz", "brand": "Araz", "shop": "supermarket", "operator": null, "addr:street": "İnşaatçılar pr.", "addr:housenumber": null }, "geometry": { "type": "Point", "coordinates": [ 49.8229024, 40.3840901 ] } },
{ "type": "Feature", "properties": { "element": "node", "id": 4423999891, "name": "Luna Market", "brand": null, "shop": "convenience", "operator": null, "addr:street": "Təbriz", "addr:housenumber": "28c" }, "geometry": { "type": "Point", "coordinates": [ 49.8508312, 40.3849218 ] } },
{ "type": "Feature", "properties": { "element": "node", "id": 4423999892, "name": "Nar market", "brand": null, "shop": "supermarket", "operator": null, "addr:street": "Rəşid Behbudov küçəsi", "addr:housenumber": "55" }, "geometry": { "type": "Point", "coordinates": [ 49.8418555, 40.3832109 ] } },
{ "type": "Feature", "properties": { "element": "node", "id": 4424024489, "name": null, "brand": null, "shop": "convenience", "operator": null, "addr:street": "Təbriz", "addr:housenumber": "34" }, "geometry": { "type": "Point", "coordinates": [ 49.8511155, 40.3850828 ] } },
{ "type": "Feature", "properties": { "element": "node", "id": 4425374992, "name": "Nur Market \\ Nizami metrosu", "brand": null, "shop": "supermarket", "operator": null, "addr:street": null, "addr:housenumber": null }, "geometry": { "type": "Point", "coordinates": [ 49.8315995, 40.3795459 ] } },
{ "type": "Feature", "properties": { "element": "node", "id": 4425427291, "name": null, "brand": null, "shop": "convenience", "operator": null, "addr:street": null, "addr:housenumber": null }, "geometry": { "type": "Point", "coordinates": [ 49.8308335, 40.3827361 ] } },
{ "type": "Feature", "properties": { "element": "node", "id": 4427692191, "name": null, "brand": null, "shop": "convenience", "operator": null, "addr:street": null, "addr:housenumber": null }, "geometry": { "type": "Point", "coordinates": [ 49.8334897, 40.3649809 ] } },
{ "type": "Feature", "properties": { "element": "node", "id": 4427692192, "name": null, "brand": null, "shop": "convenience", "operator": null, "addr:street": null, "addr:housenumber": null }, "geometry": { "type": "Point", "coordinates": [ 49.8339778, 40.3649488 ] } },
{ "type": "Feature", "properties": { "element": "node", "id": 4427912221, "name": "Topgüllü Market", "brand": null, "shop": "convenience", "operator": null, "addr:street": null, "addr:housenumber": null }, "geometry": { "type": "Point", "coordinates": [ 49.8365838, 40.347439 ] } },
{ "type": "Feature", "properties": { "element": "node", "id": 4427912223, "name": "Meyvə Tərəvəz", "brand": null, "shop": "convenience", "operator": null, "addr:street": null, "addr:housenumber": null }, "geometry": { "type": "Point", "coordinates": [ 49.8377458, 40.3457177 ] } },
{ "type": "Feature", "properties": { "element": "node", "id": 4428000194, "name": "Orxan Market", "brand": null, "shop": "convenience", "operator": null, "addr:street": "Qurban Abbasov küç.", "addr:housenumber": "110a" }, "geometry": { "type": "Point", "coordinates": [ 49.8360761, 40.3480103 ] } },
{ "type": "Feature", "properties": { "element": "node", "id": 4428001891, "name": "AL MART", "brand": null, "shop": "convenience", "operator": null, "addr:street": "Şövkət Ələkbərova", "addr:housenumber": "9" }, "geometry": { "type": "Point", "coordinates": [ 49.832622, 40.3613222 ] } },
{ "type": "Feature", "properties": { "element": "node", "id": 4428613892, "name": null, "brand": null, "shop": "convenience", "operator": null, "addr:street": null, "addr:housenumber": null }, "geometry": { "type": "Point", "coordinates": [ 49.8329504, 40.3829687 ] } },
{ "type": "Feature", "properties": { "element": "node", "id": 4428659089, "name": null, "brand": null, "shop": "convenience", "operator": null, "addr:street": null, "addr:housenumber": null }, "geometry": { "type": "Point", "coordinates": [ 49.8334871, 40.383589 ] } },
{ "type": "Feature", "properties": { "element": "node", "id": 4438356513, "name": "Bizim Market", "brand": null, "shop": "supermarket", "operator": null, "addr:street": "Sarayevo", "addr:housenumber": "12" }, "geometry": { "type": "Point", "coordinates": [ 49.957287, 40.3862328 ] } },
{ "type": "Feature", "properties": { "element": "node", "id": 4442666850, "name": null, "brand": null, "shop": "supermarket", "operator": null, "addr:street": null, "addr:housenumber": null }, "geometry": { "type": "Point", "coordinates": [ 49.8689692, 40.4000182 ] } },
{ "type": "Feature", "properties": { "element": "node", "id": 4447335889, "name": null, "brand": null, "shop": "supermarket", "operator": null, "addr:street": "Xudu Məmmədov", "addr:housenumber": null }, "geometry": { "type": "Point", "coordinates": [ 49.9508584, 40.3718822 ] } },
{ "type": "Feature", "properties": { "element": "node", "id": 4448806691, "name": "Bizim market", "brand": null, "shop": "supermarket", "operator": null, "addr:street": null, "addr:housenumber": null }, "geometry": { "type": "Point", "coordinates": [ 49.9625325, 40.3537635 ] } },
{ "type": "Feature", "properties": { "element": "node", "id": 4462819262, "name": "Qonshu Market", "brand": null, "shop": "convenience", "operator": null, "addr:street": null, "addr:housenumber": null }, "geometry": { "type": "Point", "coordinates": [ 49.8758818, 40.3788836 ] } },
{ "type": "Feature", "properties": { "element": "node", "id": 4465861993, "name": null, "brand": null, "shop": "convenience", "operator": null, "addr:street": null, "addr:housenumber": null }, "geometry": { "type": "Point", "coordinates": [ 49.8177792, 40.3797112 ] } },
{ "type": "Feature", "properties": { "element": "node", "id": 4466075691, "name": "Neptun Supermarket", "brand": null, "shop": "supermarket", "operator": null, "addr:street": "Nəcəfqulu Rəfiyev küçəsi", "addr:housenumber": "25" }, "geometry": { "type": "Point", "coordinates": [ 49.8761437, 40.3852369 ] } },
{ "type": "Feature", "properties": { "element": "node", "id": 4469618589, "name": null, "brand": null, "shop": "supermarket", "operator": null, "addr:street": null, "addr:housenumber": null }, "geometry": { "type": "Point", "coordinates": [ 49.8338606, 40.3736501 ] } },
{ "type": "Feature", "properties": { "element": "node", "id": 4469787202, "name": "VIP market", "brand": null, "shop": "supermarket", "operator": null, "addr:street": "Sadiqcan küçəsi", "addr:housenumber": null }, "geometry": { "type": "Point", "coordinates": [ 49.9565541, 40.3614132 ] } },
{ "type": "Feature", "properties": { "element": "node", "id": 4469787204, "name": "Araz Supermarket", "brand": null, "shop": "supermarket", "operator": null, "addr:street": null, "addr:housenumber": null }, "geometry": { "type": "Point", "coordinates": [ 49.960753, 40.3625088 ] } },
{ "type": "Feature", "properties": { "element": "node", "id": 4471063792, "name": null, "brand": null, "shop": "supermarket", "operator": null, "addr:street": "Xudu Məmmədov küçəsi", "addr:housenumber": null }, "geometry": { "type": "Point", "coordinates": [ 49.95541, 40.3707724 ] } },
{ "type": "Feature", "properties": { "element": "node", "id": 4473954389, "name": null, "brand": null, "shop": "convenience", "operator": null, "addr:street": null, "addr:housenumber": null }, "geometry": { "type": "Point", "coordinates": [ 49.8361063, 40.3749406 ] } },
{ "type": "Feature", "properties": { "element": "node", "id": 4475498428, "name": "Səbət Market", "brand": null, "shop": "supermarket", "operator": null, "addr:street": null, "addr:housenumber": null }, "geometry": { "type": "Point", "coordinates": [ 49.8700054, 40.4030878 ] } },
{ "type": "Feature", "properties": { "element": "node", "id": 4479477189, "name": null, "brand": null, "shop": "convenience", "operator": null, "addr:street": null, "addr:housenumber": null }, "geometry": { "type": "Point", "coordinates": [ 49.8291488, 40.3662081 ] } },
{ "type": "Feature", "properties": { "element": "node", "id": 4481265689, "name": "Big Store", "brand": null, "shop": "supermarket", "operator": null, "addr:street": null, "addr:housenumber": null }, "geometry": { "type": "Point", "coordinates": [ 49.8676936, 40.4030447 ] } },
{ "type": "Feature", "properties": { "element": "node", "id": 4481359889, "name": "Araя Market / Babək", "brand": null, "shop": "supermarket", "operator": null, "addr:street": "Babək pr.", "addr:housenumber": null }, "geometry": { "type": "Point", "coordinates": [ 49.8711347, 40.3881902 ] } },
{ "type": "Feature", "properties": { "element": "node", "id": 4481360090, "name": "Araz", "brand": "Araz", "shop": "supermarket", "operator": null, "addr:street": null, "addr:housenumber": null }, "geometry": { "type": "Point", "coordinates": [ 49.8710006, 40.3837953 ] } },
{ "type": "Feature", "properties": { "element": "node", "id": 4481360091, "name": null, "brand": null, "shop": "supermarket", "operator": null, "addr:street": null, "addr:housenumber": null }, "geometry": { "type": "Point", "coordinates": [ 49.8706875, 40.3841944 ] } },
{ "type": "Feature", "properties": { "element": "node", "id": 4482359855, "name": "Favorit Market", "brand": null, "shop": "supermarket", "operator": null, "addr:street": null, "addr:housenumber": null }, "geometry": { "type": "Point", "coordinates": [ 49.8500477, 40.4296314 ] } },
{ "type": "Feature", "properties": { "element": "node", "id": 4482359856, "name": "ArmStore", "brand": null, "shop": "supermarket", "operator": null, "addr:street": null, "addr:housenumber": null }, "geometry": { "type": "Point", "coordinates": [ 49.9520084, 40.4056271 ] } },
{ "type": "Feature", "properties": { "element": "node", "id": 4484950289, "name": "Xəzər Market", "brand": null, "shop": "convenience", "operator": null, "addr:street": null, "addr:housenumber": null }, "geometry": { "type": "Point", "coordinates": [ 49.8756432, 40.4017186 ] } },
{ "type": "Feature", "properties": { "element": "node", "id": 4485092895, "name": null, "brand": null, "shop": "convenience", "operator": null, "addr:street": null, "addr:housenumber": null }, "geometry": { "type": "Point", "coordinates": [ 49.8337104, 40.3426546 ] } },
{ "type": "Feature", "properties": { "element": "node", "id": 4485108289, "name": null, "brand": null, "shop": "convenience", "operator": null, "addr:street": null, "addr:housenumber": null }, "geometry": { "type": "Point", "coordinates": [ 49.832404, 40.3430274 ] } },
{ "type": "Feature", "properties": { "element": "node", "id": 4485111290, "name": "Market", "brand": null, "shop": "convenience", "operator": null, "addr:street": null, "addr:housenumber": null }, "geometry": { "type": "Point", "coordinates": [ 49.8368584, 40.3420997 ] } },
{ "type": "Feature", "properties": { "element": "node", "id": 4488272989, "name": null, "brand": null, "shop": "convenience", "operator": null, "addr:street": null, "addr:housenumber": null }, "geometry": { "type": "Point", "coordinates": [ 49.8113442, 40.339191 ] } },
{ "type": "Feature", "properties": { "element": "node", "id": 4494670589, "name": "Bravo", "brand": null, "shop": "supermarket", "operator": null, "addr:street": "Azadlıq prospekti", "addr:housenumber": "15A" }, "geometry": { "type": "Point", "coordinates": [ 49.8464736, 40.3791737 ] } },
{ "type": "Feature", "properties": { "element": "node", "id": 4504275289, "name": "Bolmart", "brand": null, "shop": "supermarket", "operator": null, "addr:street": "Cəlal Qurbanov", "addr:housenumber": null }, "geometry": { "type": "Point", "coordinates": [ 49.9763447, 40.3996795 ] } },
{ "type": "Feature", "properties": { "element": "node", "id": 4506230394, "name": "Bolmart, A. Salamzadə küç.", "brand": null, "shop": "supermarket", "operator": null, "addr:street": "Əbdülvahab Salamzadə", "addr:housenumber": null }, "geometry": { "type": "Point", "coordinates": [ 49.8161951, 40.3985505 ] } },
{ "type": "Feature", "properties": { "element": "node", "id": 4506232691, "name": "Araz", "brand": null, "shop": "supermarket", "operator": null, "addr:street": null, "addr:housenumber": null }, "geometry": { "type": "Point", "coordinates": [ 49.9596861, 40.3675113 ] } },
{ "type": "Feature", "properties": { "element": "node", "id": 4507021690, "name": "Gloriya", "brand": null, "shop": "supermarket", "operator": null, "addr:street": null, "addr:housenumber": null }, "geometry": { "type": "Point", "coordinates": [ 49.9683876, 40.4159697 ] } },
{ "type": "Feature", "properties": { "element": "node", "id": 4507735789, "name": "Araz", "brand": "Araz", "shop": "supermarket", "operator": null, "addr:street": "Məhəmməd Naxçivani", "addr:housenumber": null }, "geometry": { "type": "Point", "coordinates": [ 49.8264682, 40.3834738 ] } },
{ "type": "Feature", "properties": { "element": "node", "id": 4508302889, "name": null, "brand": null, "shop": "supermarket", "operator": null, "addr:street": null, "addr:housenumber": null }, "geometry": { "type": "Point", "coordinates": [ 49.7997051, 40.4098249 ] } },
{ "type": "Feature", "properties": { "element": "node", "id": 4510009191, "name": null, "brand": null, "shop": "supermarket", "operator": null, "addr:street": null, "addr:housenumber": null }, "geometry": { "type": "Point", "coordinates": [ 49.8002951, 40.4098908 ] } },
{ "type": "Feature", "properties": { "element": "node", "id": 4512057690, "name": null, "brand": null, "shop": "convenience", "operator": null, "addr:street": null, "addr:housenumber": null }, "geometry": { "type": "Point", "coordinates": [ 49.9794944, 40.3857533 ] } },
{ "type": "Feature", "properties": { "element": "node", "id": 4512057691, "name": null, "brand": null, "shop": "convenience", "operator": null, "addr:street": null, "addr:housenumber": null }, "geometry": { "type": "Point", "coordinates": [ 49.9797064, 40.3862236 ] } },
{ "type": "Feature", "properties": { "element": "node", "id": 4514853892, "name": "Araz Supermarket Planet", "brand": null, "shop": "supermarket", "operator": null, "addr:street": null, "addr:housenumber": null }, "geometry": { "type": "Point", "coordinates": [ 49.9338989, 40.4126255 ] } },
{ "type": "Feature", "properties": { "element": "node", "id": 4515161690, "name": "Araz", "brand": "Araz", "shop": "supermarket", "operator": null, "addr:street": "Hüseyn Cavid prospekti", "addr:housenumber": null }, "geometry": { "type": "Point", "coordinates": [ 49.816268, 40.3668267 ] } },
{ "type": "Feature", "properties": { "element": "node", "id": 4517779594, "name": null, "brand": null, "shop": "convenience", "operator": null, "addr:street": null, "addr:housenumber": null }, "geometry": { "type": "Point", "coordinates": [ 49.8167879, 40.3757006 ] } },
{ "type": "Feature", "properties": { "element": "node", "id": 4518736890, "name": "Port BAZAR", "brand": null, "shop": "supermarket", "operator": null, "addr:street": "Узеир Гаджибеков", "addr:housenumber": null }, "geometry": { "type": "Point", "coordinates": [ 49.8602169, 40.3765548 ] } },
{ "type": "Feature", "properties": { "element": "node", "id": 4518895289, "name": "Araz", "brand": "Araz", "shop": "supermarket", "operator": null, "addr:street": "Ələsgər Ələkbərov küç.", "addr:housenumber": null }, "geometry": { "type": "Point", "coordinates": [ 49.8180763, 40.3710148 ] } },
{ "type": "Feature", "properties": { "element": "node", "id": 4523026291, "name": "BazarStore Bakıxanov 1", "brand": null, "shop": "supermarket", "operator": "Bazarstore", "addr:street": "Elşən Süleymanov küçəsi", "addr:housenumber": null }, "geometry": { "type": "Point", "coordinates": [ 49.954498, 40.4101891 ] } },
{ "type": "Feature", "properties": { "element": "node", "id": 4523894889, "name": "Ruslan 93 Market", "brand": null, "shop": "supermarket", "operator": null, "addr:street": "Qara Qarayev küç.", "addr:housenumber": null }, "geometry": { "type": "Point", "coordinates": [ 49.9249683, 40.4196455 ] } },
{ "type": "Feature", "properties": { "element": "node", "id": 4532565290, "name": "Araz", "brand": null, "shop": "supermarket", "operator": null, "addr:street": "Əliağa Şıxlinski", "addr:housenumber": "1" }, "geometry": { "type": "Point", "coordinates": [ 49.9652153, 40.3810631 ] } },
{ "type": "Feature", "properties": { "element": "node", "id": 4533827598, "name": null, "brand": null, "shop": "supermarket", "operator": null, "addr:street": null, "addr:housenumber": null }, "geometry": { "type": "Point", "coordinates": [ 49.8039322, 40.3819213 ] } },
{ "type": "Feature", "properties": { "element": "node", "id": 4533827602, "name": null, "brand": null, "shop": "supermarket", "operator": null, "addr:street": null, "addr:housenumber": null }, "geometry": { "type": "Point", "coordinates": [ 49.819507, 40.3678773 ] } },
{ "type": "Feature", "properties": { "element": "node", "id": 4533827603, "name": "Ruzi Market", "brand": null, "shop": "supermarket", "operator": null, "addr:street": null, "addr:housenumber": null }, "geometry": { "type": "Point", "coordinates": [ 49.8386074, 40.3448062 ] } },
{ "type": "Feature", "properties": { "element": "node", "id": 4533827605, "name": null, "brand": null, "shop": "supermarket", "operator": null, "addr:street": null, "addr:housenumber": null }, "geometry": { "type": "Point", "coordinates": [ 49.7961164, 40.3948494 ] } },
{ "type": "Feature", "properties": { "element": "node", "id": 4533827606, "name": null, "brand": null, "shop": "supermarket", "operator": null, "addr:street": null, "addr:housenumber": null }, "geometry": { "type": "Point", "coordinates": [ 49.818545, 40.36743 ] } },
{ "type": "Feature", "properties": { "element": "node", "id": 4533827608, "name": null, "brand": null, "shop": "supermarket", "operator": null, "addr:street": null, "addr:housenumber": null }, "geometry": { "type": "Point", "coordinates": [ 49.8062696, 40.3377163 ] } },
{ "type": "Feature", "properties": { "element": "node", "id": 4533827609, "name": null, "brand": null, "shop": "supermarket", "operator": null, "addr:street": null, "addr:housenumber": null }, "geometry": { "type": "Point", "coordinates": [ 49.8139809, 40.3523632 ] } },
{ "type": "Feature", "properties": { "element": "node", "id": 4533827610, "name": null, "brand": null, "shop": "supermarket", "operator": null, "addr:street": null, "addr:housenumber": null }, "geometry": { "type": "Point", "coordinates": [ 49.8237794, 40.3592285 ] } },
{ "type": "Feature", "properties": { "element": "node", "id": 4533828396, "name": null, "brand": null, "shop": "supermarket", "operator": null, "addr:street": null, "addr:housenumber": null }, "geometry": { "type": "Point", "coordinates": [ 49.8158011, 40.3887695 ] } },
{ "type": "Feature", "properties": { "element": "node", "id": 4533828397, "name": null, "brand": null, "shop": "supermarket", "operator": null, "addr:street": null, "addr:housenumber": null }, "geometry": { "type": "Point", "coordinates": [ 49.8199176, 40.365281 ] } },
{ "type": "Feature", "properties": { "element": "node", "id": 4533828596, "name": null, "brand": null, "shop": "supermarket", "operator": null, "addr:street": null, "addr:housenumber": null }, "geometry": { "type": "Point", "coordinates": [ 49.8153393, 40.3860599 ] } },
{ "type": "Feature", "properties": { "element": "node", "id": 4533828597, "name": null, "brand": null, "shop": "supermarket", "operator": null, "addr:street": null, "addr:housenumber": null }, "geometry": { "type": "Point", "coordinates": [ 49.8033895, 40.3942514 ] } },
{ "type": "Feature", "properties": { "element": "node", "id": 4533828598, "name": null, "brand": null, "shop": "supermarket", "operator": null, "addr:street": null, "addr:housenumber": null }, "geometry": { "type": "Point", "coordinates": [ 49.805967, 40.3916386 ] } },
{ "type": "Feature", "properties": { "element": "node", "id": 4533828599, "name": null, "brand": null, "shop": "supermarket", "operator": null, "addr:street": null, "addr:housenumber": null }, "geometry": { "type": "Point", "coordinates": [ 49.8078998, 40.3399792 ] } },
{ "type": "Feature", "properties": { "element": "node", "id": 4533828600, "name": null, "brand": null, "shop": "supermarket", "operator": null, "addr:street": null, "addr:housenumber": null }, "geometry": { "type": "Point", "coordinates": [ 49.8029084, 40.3876612 ] } },
{ "type": "Feature", "properties": { "element": "node", "id": 4533828601, "name": "Spar Express", "brand": "Spar", "shop": "convenience", "operator": "AZretail MMC", "addr:street": null, "addr:housenumber": null }, "geometry": { "type": "Point", "coordinates": [ 49.8054898, 40.3361482 ] } },
{ "type": "Feature", "properties": { "element": "node", "id": 4533828602, "name": null, "brand": null, "shop": "supermarket", "operator": null, "addr:street": null, "addr:housenumber": null }, "geometry": { "type": "Point", "coordinates": [ 49.8042761, 40.339043 ] } },
{ "type": "Feature", "properties": { "element": "node", "id": 4533828603, "name": "Yaşıl Supermarket", "brand": null, "shop": "supermarket", "operator": null, "addr:street": null, "addr:housenumber": null }, "geometry": { "type": "Point", "coordinates": [ 49.7975404, 40.400643 ] } },
{ "type": "Feature", "properties": { "element": "node", "id": 4533828604, "name": "Araz", "brand": null, "shop": "supermarket", "operator": null, "addr:street": null, "addr:housenumber": null }, "geometry": { "type": "Point", "coordinates": [ 49.7880509, 40.3925668 ] } },
{ "type": "Feature", "properties": { "element": "node", "id": 4533841894, "name": "R market", "brand": null, "shop": "supermarket", "operator": null, "addr:street": null, "addr:housenumber": null }, "geometry": { "type": "Point", "coordinates": [ 49.8031653, 40.4105975 ] } },
{ "type": "Feature", "properties": { "element": "node", "id": 4533841895, "name": "Fexreddin market", "brand": null, "shop": "supermarket", "operator": null, "addr:street": null, "addr:housenumber": null }, "geometry": { "type": "Point", "coordinates": [ 49.8227801, 40.3767493 ] } },
{ "type": "Feature", "properties": { "element": "node", "id": 4533841896, "name": null, "brand": null, "shop": "supermarket", "operator": null, "addr:street": null, "addr:housenumber": null }, "geometry": { "type": "Point", "coordinates": [ 49.8206626, 40.3661966 ] } },
{ "type": "Feature", "properties": { "element": "node", "id": 4533841897, "name": null, "brand": null, "shop": "supermarket", "operator": null, "addr:street": null, "addr:housenumber": null }, "geometry": { "type": "Point", "coordinates": [ 49.8179929, 40.3674504 ] } },
{ "type": "Feature", "properties": { "element": "node", "id": 4533841898, "name": "Rüfət market", "brand": null, "shop": "supermarket", "operator": null, "addr:street": null, "addr:housenumber": null }, "geometry": { "type": "Point", "coordinates": [ 49.8107518, 40.3556126 ] } },
{ "type": "Feature", "properties": { "element": "node", "id": 4533841900, "name": null, "brand": null, "shop": "supermarket", "operator": null, "addr:street": null, "addr:housenumber": null }, "geometry": { "type": "Point", "coordinates": [ 49.8047797, 40.3740118 ] } },
{ "type": "Feature", "properties": { "element": "node", "id": 4533841990, "name": "Bravo", "brand": null, "shop": "supermarket", "operator": null, "addr:street": null, "addr:housenumber": null }, "geometry": { "type": "Point", "coordinates": [ 49.8024528, 40.391089 ] } },
{ "type": "Feature", "properties": { "element": "node", "id": 4533841991, "name": null, "brand": null, "shop": "supermarket", "operator": null, "addr:street": null, "addr:housenumber": null }, "geometry": { "type": "Point", "coordinates": [ 49.8046962, 40.3786839 ] } },
{ "type": "Feature", "properties": { "element": "node", "id": 4533841992, "name": null, "brand": null, "shop": "supermarket", "operator": null, "addr:street": null, "addr:housenumber": null }, "geometry": { "type": "Point", "coordinates": [ 49.8009618, 40.4099185 ] } },
{ "type": "Feature", "properties": { "element": "node", "id": 4533841993, "name": null, "brand": null, "shop": "supermarket", "operator": null, "addr:street": null, "addr:housenumber": null }, "geometry": { "type": "Point", "coordinates": [ 49.8153321, 40.3787532 ] } },
{ "type": "Feature", "properties": { "element": "node", "id": 4533841995, "name": "Tahir market", "brand": null, "shop": "supermarket", "operator": null, "addr:street": null, "addr:housenumber": null }, "geometry": { "type": "Point", "coordinates": [ 49.8219166, 40.3764723 ] } },
{ "type": "Feature", "properties": { "element": "node", "id": 4533841996, "name": "Sizin market / Bayıl", "brand": null, "shop": "supermarket", "operator": null, "addr:street": null, "addr:housenumber": null }, "geometry": { "type": "Point", "coordinates": [ 49.8388975, 40.3422473 ] } },
{ "type": "Feature", "properties": { "element": "node", "id": 4533841997, "name": null, "brand": null, "shop": "supermarket", "operator": null, "addr:street": null, "addr:housenumber": null }, "geometry": { "type": "Point", "coordinates": [ 49.8209029, 40.3297592 ] } },
{ "type": "Feature", "properties": { "element": "node", "id": 4533841998, "name": null, "brand": null, "shop": "supermarket", "operator": null, "addr:street": null, "addr:housenumber": null }, "geometry": { "type": "Point", "coordinates": [ 49.8108447, 40.3798001 ] } },
{ "type": "Feature", "properties": { "element": "node", "id": 4533841999, "name": "Dəniz Market", "brand": null, "shop": "supermarket", "operator": null, "addr:street": null, "addr:housenumber": null }, "geometry": { "type": "Point", "coordinates": [ 49.8159603, 40.3757671 ] } },
{ "type": "Feature", "properties": { "element": "node", "id": 4533851590, "name": null, "brand": null, "shop": "supermarket", "operator": null, "addr:street": null, "addr:housenumber": null }, "geometry": { "type": "Point", "coordinates": [ 49.7995314, 40.4066164 ] } },
{ "type": "Feature", "properties": { "element": "node", "id": 4533851591, "name": null, "brand": null, "shop": "supermarket", "operator": null, "addr:street": null, "addr:housenumber": null }, "geometry": { "type": "Point", "coordinates": [ 49.8316877, 40.3380695 ] } },
{ "type": "Feature", "properties": { "element": "node", "id": 4533862590, "name": null, "brand": null, "shop": "supermarket", "operator": null, "addr:street": null, "addr:housenumber": null }, "geometry": { "type": "Point", "coordinates": [ 49.8386661, 40.3445892 ] } },
{ "type": "Feature", "properties": { "element": "node", "id": 4533865891, "name": null, "brand": null, "shop": "supermarket", "operator": null, "addr:street": null, "addr:housenumber": null }, "geometry": { "type": "Point", "coordinates": [ 49.8220632, 40.3750245 ] } },
{ "type": "Feature", "properties": { "element": "node", "id": 4533865892, "name": null, "brand": null, "shop": "supermarket", "operator": null, "addr:street": null, "addr:housenumber": null }, "geometry": { "type": "Point", "coordinates": [ 49.8186462, 40.3666553 ] } },
{ "type": "Feature", "properties": { "element": "node", "id": 4533865893, "name": null, "brand": null, "shop": "supermarket", "operator": null, "addr:street": null, "addr:housenumber": null }, "geometry": { "type": "Point", "coordinates": [ 49.8083619, 40.3399378 ] } },
{ "type": "Feature", "properties": { "element": "node", "id": 4533865895, "name": null, "brand": null, "shop": "supermarket", "operator": null, "addr:street": null, "addr:housenumber": null }, "geometry": { "type": "Point", "coordinates": [ 49.811054, 40.3701607 ] } },
{ "type": "Feature", "properties": { "element": "node", "id": 4533865896, "name": "Araz", "brand": "Araz", "shop": "supermarket", "operator": null, "addr:street": null, "addr:housenumber": null }, "geometry": { "type": "Point", "coordinates": [ 49.8203639, 40.3723079 ] } },
{ "type": "Feature", "properties": { "element": "node", "id": 4534811990, "name": null, "brand": null, "shop": "convenience", "operator": null, "addr:street": "Əliağa Kürçaylı", "addr:housenumber": null }, "geometry": { "type": "Point", "coordinates": [ 49.9419639, 40.4186173 ] } },
{ "type": "Feature", "properties": { "element": "node", "id": 4534819789, "name": null, "brand": null, "shop": "supermarket", "operator": null, "addr:street": "Seyid Əzim Şirvani", "addr:housenumber": null }, "geometry": { "type": "Point", "coordinates": [ 49.9609513, 40.3925223 ] } },
{ "type": "Feature", "properties": { "element": "node", "id": 4540691491, "name": "Araz Spar Supermarket \\ Azadlıq", "brand": null, "shop": "supermarket", "operator": null, "addr:street": null, "addr:housenumber": null }, "geometry": { "type": "Point", "coordinates": [ 49.8375906, 40.4010457 ] } },
{ "type": "Feature", "properties": { "element": "node", "id": 4540756890, "name": null, "brand": null, "shop": "supermarket", "operator": null, "addr:street": null, "addr:housenumber": null }, "geometry": { "type": "Point", "coordinates": [ 49.8054828, 40.374113 ] } },
{ "type": "Feature", "properties": { "element": "node", "id": 4543616289, "name": "Class Market", "brand": null, "shop": "supermarket", "operator": "Anar", "addr:street": "7-ci Dairəvi", "addr:housenumber": null }, "geometry": { "type": "Point", "coordinates": [ 49.9298931, 40.3760129 ] } },
{ "type": "Feature", "properties": { "element": "node", "id": 4556141689, "name": "Bizim Market, İnşaatçılar", "brand": null, "shop": "supermarket", "operator": null, "addr:street": "Vaqif küçəsi", "addr:housenumber": "154" }, "geometry": { "type": "Point", "coordinates": [ 49.8043672, 40.3891928 ] } },
{ "type": "Feature", "properties": { "element": "node", "id": 4562321589, "name": "Grandmart", "brand": null, "shop": "supermarket", "operator": null, "addr:street": "Həsən Məcidov küç.", "addr:housenumber": null }, "geometry": { "type": "Point", "coordinates": [ 49.8100656, 40.383621 ] } },
{ "type": "Feature", "properties": { "element": "node", "id": 4562359389, "name": null, "brand": null, "shop": "convenience", "operator": null, "addr:street": null, "addr:housenumber": null }, "geometry": { "type": "Point", "coordinates": [ 49.8108683, 40.3839711 ] } },
{ "type": "Feature", "properties": { "element": "node", "id": 4562443989, "name": "Araz", "brand": "Araz", "shop": "supermarket", "operator": null, "addr:street": "Həsən bəy Zərdabi pr.", "addr:housenumber": null }, "geometry": { "type": "Point", "coordinates": [ 49.8083698, 40.3859293 ] } },
{ "type": "Feature", "properties": { "element": "node", "id": 4564635294, "name": "ArmoStore", "brand": null, "shop": "supermarket", "operator": null, "addr:street": "Məhəmməd Xiyabani", "addr:housenumber": null }, "geometry": { "type": "Point", "coordinates": [ 49.7917146, 40.3982109 ] } },
{ "type": "Feature", "properties": { "element": "node", "id": 4565727393, "name": null, "brand": null, "shop": "convenience", "operator": null, "addr:street": null, "addr:housenumber": null }, "geometry": { "type": "Point", "coordinates": [ 49.8092431, 40.3844675 ] } },
{ "type": "Feature", "properties": { "element": "node", "id": 4570504292, "name": null, "brand": null, "shop": "supermarket", "operator": null, "addr:street": "Qacag Nabi", "addr:housenumber": "5 A" }, "geometry": { "type": "Point", "coordinates": [ 49.9589345, 40.391953 ] } },
{ "type": "Feature", "properties": { "element": "node", "id": 4570924492, "name": "Bəyaz market", "brand": null, "shop": "convenience", "operator": null, "addr:street": null, "addr:housenumber": null }, "geometry": { "type": "Point", "coordinates": [ 49.7938331, 40.3905174 ] } },
{ "type": "Feature", "properties": { "element": "node", "id": 4575312992, "name": "Grandmart", "brand": null, "shop": "supermarket", "operator": null, "addr:street": "Əli Kərim", "addr:housenumber": null }, "geometry": { "type": "Point", "coordinates": [ 49.9573318, 40.4216541 ] } },
{ "type": "Feature", "properties": { "element": "node", "id": 4584159289, "name": null, "brand": null, "shop": "supermarket", "operator": null, "addr:street": null, "addr:housenumber": null }, "geometry": { "type": "Point", "coordinates": [ 49.8688473, 40.3810209 ] } },
{ "type": "Feature", "properties": { "element": "node", "id": 4584957699, "name": null, "brand": null, "shop": "convenience", "operator": null, "addr:street": null, "addr:housenumber": null }, "geometry": { "type": "Point", "coordinates": [ 49.8139619, 40.3854417 ] } },
{ "type": "Feature", "properties": { "element": "node", "id": 4589186740, "name": "Məhəllə Market", "brand": null, "shop": "convenience", "operator": null, "addr:street": null, "addr:housenumber": null }, "geometry": { "type": "Point", "coordinates": [ 49.8669219, 40.4109402 ] } },
{ "type": "Feature", "properties": { "element": "node", "id": 4592513290, "name": "Araz", "brand": "Araz", "shop": "supermarket", "operator": null, "addr:street": "Akademik Zahid Xəlilov küçəsi", "addr:housenumber": null }, "geometry": { "type": "Point", "coordinates": [ 49.810388, 40.37728 ] } },
{ "type": "Feature", "properties": { "element": "node", "id": 4592513293, "name": "Spar", "brand": "Spar", "shop": "supermarket", "operator": null, "addr:street": "Ruhulla Axundov", "addr:housenumber": null }, "geometry": { "type": "Point", "coordinates": [ 49.9658112, 40.4184075 ] } },
{ "type": "Feature", "properties": { "element": "node", "id": 4592513294, "name": "araz supermarket", "brand": null, "shop": "supermarket", "operator": null, "addr:street": "Nazim İsmayılov", "addr:housenumber": null }, "geometry": { "type": "Point", "coordinates": [ 49.9690956, 40.4235934 ] } },
{ "type": "Feature", "properties": { "element": "node", "id": 4592526392, "name": "Araz", "brand": "Araz", "shop": "supermarket", "operator": null, "addr:street": "Atatürk pr.", "addr:housenumber": null }, "geometry": { "type": "Point", "coordinates": [ 49.844988, 40.4091963 ] } },
{ "type": "Feature", "properties": { "element": "node", "id": 4592563089, "name": "Araz", "brand": null, "shop": "supermarket", "operator": null, "addr:street": "Bünyad Sərdarov", "addr:housenumber": null }, "geometry": { "type": "Point", "coordinates": [ 49.8275641, 40.3679297 ] } },
{ "type": "Feature", "properties": { "element": "node", "id": 4592563189, "name": "Bravo", "brand": null, "shop": "supermarket", "operator": null, "addr:street": "Muxtar Fətəliyev", "addr:housenumber": null }, "geometry": { "type": "Point", "coordinates": [ 49.9668653, 40.4172794 ] } },
{ "type": "Feature", "properties": { "element": "node", "id": 4599186392, "name": null, "brand": null, "shop": "supermarket", "operator": null, "addr:street": null, "addr:housenumber": null }, "geometry": { "type": "Point", "coordinates": [ 49.8774676, 40.3825505 ] } },
{ "type": "Feature", "properties": { "element": "node", "id": 4599483599, "name": null, "brand": null, "shop": "supermarket", "operator": null, "addr:street": "Mətbuat pr.", "addr:housenumber": null }, "geometry": { "type": "Point", "coordinates": [ 49.8104754, 40.3700744 ] } },
{ "type": "Feature", "properties": { "element": "node", "id": 4599543289, "name": null, "brand": null, "shop": "supermarket", "operator": null, "addr:street": null, "addr:housenumber": null }, "geometry": { "type": "Point", "coordinates": [ 49.8111771, 40.3686697 ] } },
{ "type": "Feature", "properties": { "element": "node", "id": 4611306295, "name": null, "brand": null, "shop": "supermarket", "operator": null, "addr:street": null, "addr:housenumber": null }, "geometry": { "type": "Point", "coordinates": [ 49.9345879, 40.4181837 ] } },
{ "type": "Feature", "properties": { "element": "node", "id": 4611306296, "name": null, "brand": null, "shop": "supermarket", "operator": null, "addr:street": null, "addr:housenumber": null }, "geometry": { "type": "Point", "coordinates": [ 49.9341716, 40.4179476 ] } },
{ "type": "Feature", "properties": { "element": "node", "id": 4614381291, "name": "Araz", "brand": null, "shop": "supermarket", "operator": null, "addr:street": "Yusif Eyvazov", "addr:housenumber": null }, "geometry": { "type": "Point", "coordinates": [ 49.9818115, 40.3927956 ] } },
{ "type": "Feature", "properties": { "element": "node", "id": 4616518589, "name": "Araz", "brand": null, "shop": "supermarket", "operator": null, "addr:street": "Əziz Nəzərov", "addr:housenumber": null }, "geometry": { "type": "Point", "coordinates": [ 49.8069534, 40.3405881 ] } },
{ "type": "Feature", "properties": { "element": "node", "id": 4621631189, "name": null, "brand": null, "shop": "supermarket", "operator": null, "addr:street": null, "addr:housenumber": null }, "geometry": { "type": "Point", "coordinates": [ 49.9430298, 40.4095444 ] } },
{ "type": "Feature", "properties": { "element": "node", "id": 4646706089, "name": "Rahat Market Papanin", "brand": null, "shop": "supermarket", "operator": null, "addr:street": null, "addr:housenumber": null }, "geometry": { "type": "Point", "coordinates": [ 49.8219979, 40.4009491 ] } },
{ "type": "Feature", "properties": { "element": "node", "id": 4650903094, "name": "Araz", "brand": "Araz", "shop": "supermarket", "operator": null, "addr:street": null, "addr:housenumber": null }, "geometry": { "type": "Point", "coordinates": [ 49.8495032, 40.4269246 ] } },
{ "type": "Feature", "properties": { "element": "node", "id": 4650959696, "name": "Bravo Supermarket", "brand": null, "shop": "supermarket", "operator": null, "addr:street": null, "addr:housenumber": null }, "geometry": { "type": "Point", "coordinates": [ 49.8498484, 40.4295062 ] } },
{ "type": "Feature", "properties": { "element": "node", "id": 4651052690, "name": "Bravo", "brand": null, "shop": "supermarket", "operator": null, "addr:street": null, "addr:housenumber": null }, "geometry": { "type": "Point", "coordinates": [ 49.8506603, 40.4303928 ] } },
{ "type": "Feature", "properties": { "element": "node", "id": 4651058200, "name": "Ruslan Market", "brand": null, "shop": "supermarket", "operator": null, "addr:street": "Abay Kunanbayev Küçəsi", "addr:housenumber": null }, "geometry": { "type": "Point", "coordinates": [ 49.8497106, 40.4293373 ] } },
{ "type": "Feature", "properties": { "element": "node", "id": 4657521189, "name": null, "brand": null, "shop": "supermarket", "operator": null, "addr:street": null, "addr:housenumber": null }, "geometry": { "type": "Point", "coordinates": [ 49.9357526, 40.4187422 ] } },
{ "type": "Feature", "properties": { "element": "node", "id": 4662968189, "name": "Araz", "brand": null, "shop": "convenience", "operator": null, "addr:street": null, "addr:housenumber": null }, "geometry": { "type": "Point", "coordinates": [ 49.9554542, 40.3659737 ] } },
{ "type": "Feature", "properties": { "element": "node", "id": 4669430592, "name": "Grant Supermarket \\ Hәzi Aslanov", "brand": null, "shop": "supermarket", "operator": null, "addr:street": null, "addr:housenumber": null }, "geometry": { "type": "Point", "coordinates": [ 49.9540411, 40.3716409 ] } },
{ "type": "Feature", "properties": { "element": "node", "id": 4679108791, "name": "Bazarstore", "brand": null, "shop": "supermarket", "operator": null, "addr:street": "Ağa Nemətulla küç.", "addr:housenumber": null }, "geometry": { "type": "Point", "coordinates": [ 49.8780446, 40.3975566 ] } },
{ "type": "Feature", "properties": { "element": "node", "id": 4679535089, "name": null, "brand": null, "shop": "convenience", "operator": null, "addr:street": null, "addr:housenumber": null }, "geometry": { "type": "Point", "coordinates": [ 49.8131876, 40.3843041 ] } },
{ "type": "Feature", "properties": { "element": "node", "id": 4680013390, "name": null, "brand": null, "shop": "convenience", "operator": null, "addr:street": null, "addr:housenumber": null }, "geometry": { "type": "Point", "coordinates": [ 49.8067689, 40.3505517 ] } },
{ "type": "Feature", "properties": { "element": "node", "id": 4686505489, "name": "Araz Market Yeni Günəşli", "brand": null, "shop": "supermarket", "operator": null, "addr:street": "İlqar Musayev döngə 2", "addr:housenumber": null }, "geometry": { "type": "Point", "coordinates": [ 49.9823377, 40.3836329 ] } },
{ "type": "Feature", "properties": { "element": "node", "id": 4686505589, "name": "Araz", "brand": "Araz", "shop": "supermarket", "operator": null, "addr:street": "Ağa Nemətulla küç.", "addr:housenumber": null }, "geometry": { "type": "Point", "coordinates": [ 49.8676189, 40.408835 ] } },
{ "type": "Feature", "properties": { "element": "node", "id": 4686530689, "name": "Araz", "brand": "Araz", "shop": "supermarket", "operator": null, "addr:street": "Ağa Nemətulla küç.", "addr:housenumber": null }, "geometry": { "type": "Point", "coordinates": [ 49.879027, 40.3967078 ] } },
{ "type": "Feature", "properties": { "element": "node", "id": 4686577895, "name": "Araz", "brand": null, "shop": "supermarket", "operator": null, "addr:street": null, "addr:housenumber": null }, "geometry": { "type": "Point", "coordinates": [ 49.9253397, 40.4198383 ] } },
{ "type": "Feature", "properties": { "element": "node", "id": 4686577896, "name": "Araz", "brand": null, "shop": "supermarket", "operator": null, "addr:street": "Tofiq Abbasov küç.", "addr:housenumber": null }, "geometry": { "type": "Point", "coordinates": [ 49.9315915, 40.4196689 ] } },
{ "type": "Feature", "properties": { "element": "node", "id": 4686600289, "name": "Araz Supermarket / Qara Qarayev", "brand": null, "shop": "supermarket", "operator": null, "addr:street": null, "addr:housenumber": null }, "geometry": { "type": "Point", "coordinates": [ 49.9409885, 40.4191286 ] } },
{ "type": "Feature", "properties": { "element": "node", "id": 4686680590, "name": "Araz", "brand": null, "shop": "supermarket", "operator": null, "addr:street": null, "addr:housenumber": null }, "geometry": { "type": "Point", "coordinates": [ 49.954526, 40.3850388 ] } },
{ "type": "Feature", "properties": { "element": "node", "id": 4686866401, "name": "ARAZ Supermarket", "brand": null, "shop": "supermarket", "operator": null, "addr:street": "Bəkir Çobanzadə", "addr:housenumber": null }, "geometry": { "type": "Point", "coordinates": [ 49.9368639, 40.4028913 ] } },
{ "type": "Feature", "properties": { "element": "node", "id": 4686866402, "name": "Araz", "brand": null, "shop": "supermarket", "operator": null, "addr:street": null, "addr:housenumber": null }, "geometry": { "type": "Point", "coordinates": [ 49.9555214, 40.405621 ] } },
{ "type": "Feature", "properties": { "element": "node", "id": 4686884295, "name": "Araz", "brand": null, "shop": "supermarket", "operator": null, "addr:street": null, "addr:housenumber": null }, "geometry": { "type": "Point", "coordinates": [ 49.9524967, 40.4092459 ] } },
{ "type": "Feature", "properties": { "element": "node", "id": 4686978191, "name": "Araz", "brand": null, "shop": "supermarket", "operator": null, "addr:street": "Akademik Şəfaət Mehdiyev", "addr:housenumber": null }, "geometry": { "type": "Point", "coordinates": [ 49.815467, 40.3937118 ] } },
{ "type": "Feature", "properties": { "element": "node", "id": 4686978192, "name": "Araz Market", "brand": null, "shop": "supermarket", "operator": "Araz Market", "addr:street": "Badamdar şossesi", "addr:housenumber": null }, "geometry": { "type": "Point", "coordinates": [ 49.8105991, 40.3510432 ] } },
{ "type": "Feature", "properties": { "element": "node", "id": 4686982994, "name": "Araz", "brand": "Araz", "shop": "supermarket", "operator": null, "addr:street": "Abbas Mirzə Şərifzadə küç.", "addr:housenumber": null }, "geometry": { "type": "Point", "coordinates": [ 49.8043072, 40.3819512 ] } },
{ "type": "Feature", "properties": { "element": "node", "id": 4687010990, "name": "Araz", "brand": "Araz", "shop": "supermarket", "operator": null, "addr:street": "Rəşid Bağırov küç.", "addr:housenumber": null }, "geometry": { "type": "Point", "coordinates": [ 49.9032775, 40.3862004 ] } },
{ "type": "Feature", "properties": { "element": "node", "id": 4707712089, "name": null, "brand": null, "shop": "convenience", "operator": null, "addr:street": null, "addr:housenumber": null }, "geometry": { "type": "Point", "coordinates": [ 49.8329098, 40.3932232 ] } },
{ "type": "Feature", "properties": { "element": "node", "id": 4707712092, "name": null, "brand": null, "shop": "convenience", "operator": null, "addr:street": null, "addr:housenumber": null }, "geometry": { "type": "Point", "coordinates": [ 49.9441538, 40.4182524 ] } },
{ "type": "Feature", "properties": { "element": "node", "id": 4707723589, "name": null, "brand": null, "shop": "convenience", "operator": null, "addr:street": null, "addr:housenumber": null }, "geometry": { "type": "Point", "coordinates": [ 49.9454583, 40.4166219 ] } },
{ "type": "Feature", "properties": { "element": "node", "id": 4711179090, "name": null, "brand": null, "shop": "supermarket", "operator": null, "addr:street": null, "addr:housenumber": null }, "geometry": { "type": "Point", "coordinates": [ 49.9464134, 40.4098088 ] } },
{ "type": "Feature", "properties": { "element": "node", "id": 4711179289, "name": null, "brand": null, "shop": "supermarket", "operator": null, "addr:street": null, "addr:housenumber": null }, "geometry": { "type": "Point", "coordinates": [ 49.9462387, 40.4105716 ] } },
{ "type": "Feature", "properties": { "element": "node", "id": 4713131593, "name": null, "brand": null, "shop": "supermarket", "operator": null, "addr:street": "Faiq Yusifov", "addr:housenumber": null }, "geometry": { "type": "Point", "coordinates": [ 49.8697076, 40.4092397 ] } },
{ "type": "Feature", "properties": { "element": "node", "id": 4714489596, "name": "Araz", "brand": null, "shop": "supermarket", "operator": null, "addr:street": "Qara Qarayev", "addr:housenumber": null }, "geometry": { "type": "Point", "coordinates": [ 49.9330628, 40.4181562 ] } },
{ "type": "Feature", "properties": { "element": "node", "id": 4714509890, "name": null, "brand": null, "shop": "supermarket", "operator": null, "addr:street": null, "addr:housenumber": null }, "geometry": { "type": "Point", "coordinates": [ 49.854564, 40.4032805 ] } },
{ "type": "Feature", "properties": { "element": "node", "id": 4714655691, "name": null, "brand": null, "shop": "convenience", "operator": null, "addr:street": null, "addr:housenumber": null }, "geometry": { "type": "Point", "coordinates": [ 49.8069868, 40.3805098 ] } },
{ "type": "Feature", "properties": { "element": "node", "id": 4732047525, "name": "Fuad Market", "brand": null, "shop": "convenience", "operator": null, "addr:street": null, "addr:housenumber": null }, "geometry": { "type": "Point", "coordinates": [ 49.8032031, 40.384501 ] } },
{ "type": "Feature", "properties": { "element": "node", "id": 4732047526, "name": null, "brand": null, "shop": "convenience", "operator": null, "addr:street": null, "addr:housenumber": null }, "geometry": { "type": "Point", "coordinates": [ 49.803341, 40.3843566 ] } },
{ "type": "Feature", "properties": { "element": "node", "id": 4739929571, "name": "Rahat Supermarket \\ Qələbə dairəsi", "brand": null, "shop": "supermarket", "operator": null, "addr:street": null, "addr:housenumber": null }, "geometry": { "type": "Point", "coordinates": [ 49.8067729, 40.3900351 ] } },
{ "type": "Feature", "properties": { "element": "node", "id": 4741052424, "name": null, "brand": null, "shop": "supermarket", "operator": null, "addr:street": "Sülh", "addr:housenumber": "2/7" }, "geometry": { "type": "Point", "coordinates": [ 49.9676539, 40.4200433 ] } },
{ "type": "Feature", "properties": { "element": "node", "id": 4741052425, "name": "Gloria Ticarət", "brand": null, "shop": "supermarket", "operator": null, "addr:street": "Muxtar Feteliyev", "addr:housenumber": "6" }, "geometry": { "type": "Point", "coordinates": [ 49.9682353, 40.4162585 ] } },
{ "type": "Feature", "properties": { "element": "node", "id": 4742874522, "name": "Nar Market \\ Həsən Əliyev küç.", "brand": null, "shop": "supermarket", "operator": null, "addr:street": "Möhsun Sənani", "addr:housenumber": null }, "geometry": { "type": "Point", "coordinates": [ 49.8356141, 40.3981151 ] } },
{ "type": "Feature", "properties": { "element": "node", "id": 4757640422, "name": null, "brand": null, "shop": "supermarket", "operator": null, "addr:street": null, "addr:housenumber": null }, "geometry": { "type": "Point", "coordinates": [ 49.9200257, 40.3758475 ] } },
{ "type": "Feature", "properties": { "element": "node", "id": 4757640527, "name": "Elcan Market", "brand": null, "shop": "convenience", "operator": null, "addr:street": null, "addr:housenumber": null }, "geometry": { "type": "Point", "coordinates": [ 49.9216172, 40.3711586 ] } },
{ "type": "Feature", "properties": { "element": "node", "id": 4757640624, "name": "Mirzə Market", "brand": null, "shop": "convenience", "operator": null, "addr:street": null, "addr:housenumber": null }, "geometry": { "type": "Point", "coordinates": [ 49.9213501, 40.3712172 ] } },
{ "type": "Feature", "properties": { "element": "node", "id": 4784041523, "name": "Albalı Supermarket \\ AMAY", "brand": null, "shop": "supermarket", "operator": null, "addr:street": null, "addr:housenumber": null }, "geometry": { "type": "Point", "coordinates": [ 49.878613, 40.3792094 ] } },
{ "type": "Feature", "properties": { "element": "node", "id": 4786041843, "name": "QOST Dondurma", "brand": null, "shop": "supermarket", "operator": null, "addr:street": "Həsən Əliyev küçəsi", "addr:housenumber": "2" }, "geometry": { "type": "Point", "coordinates": [ 49.8192979, 40.3954458 ] } },
{ "type": "Feature", "properties": { "element": "node", "id": 4789407121, "name": "RAHAT", "brand": null, "shop": "supermarket", "operator": null, "addr:street": "Mirəli Qaşqay", "addr:housenumber": null }, "geometry": { "type": "Point", "coordinates": [ 49.8430169, 40.3933655 ] } },
{ "type": "Feature", "properties": { "element": "node", "id": 4815911823, "name": null, "brand": null, "shop": "supermarket", "operator": null, "addr:street": null, "addr:housenumber": null }, "geometry": { "type": "Point", "coordinates": [ 49.9394129, 40.4160561 ] } },
{ "type": "Feature", "properties": { "element": "node", "id": 4815911825, "name": null, "brand": null, "shop": "supermarket", "operator": null, "addr:street": null, "addr:housenumber": null }, "geometry": { "type": "Point", "coordinates": [ 49.9396918, 40.4142216 ] } },
{ "type": "Feature", "properties": { "element": "node", "id": 4815939622, "name": null, "brand": null, "shop": "supermarket", "operator": null, "addr:street": null, "addr:housenumber": null }, "geometry": { "type": "Point", "coordinates": [ 49.9380687, 40.4173074 ] } },
{ "type": "Feature", "properties": { "element": "node", "id": 4818125423, "name": null, "brand": null, "shop": "supermarket", "operator": null, "addr:street": null, "addr:housenumber": null }, "geometry": { "type": "Point", "coordinates": [ 49.8485296, 40.4019984 ] } },
{ "type": "Feature", "properties": { "element": "node", "id": 4823920821, "name": "Fesa Market", "brand": null, "shop": "supermarket", "operator": null, "addr:street": null, "addr:housenumber": null }, "geometry": { "type": "Point", "coordinates": [ 49.8802471, 40.4005704 ] } },
{ "type": "Feature", "properties": { "element": "node", "id": 4856135586, "name": "Neptun", "brand": null, "shop": "supermarket", "operator": null, "addr:street": null, "addr:housenumber": null }, "geometry": { "type": "Point", "coordinates": [ 49.8461664, 40.3779472 ] } },
{ "type": "Feature", "properties": { "element": "node", "id": 4859239121, "name": "Ulvü Market", "brand": null, "shop": "supermarket", "operator": null, "addr:street": null, "addr:housenumber": null }, "geometry": { "type": "Point", "coordinates": [ 49.9774275, 40.4025994 ] } },
{ "type": "Feature", "properties": { "element": "node", "id": 4865899722, "name": null, "brand": null, "shop": "supermarket", "operator": null, "addr:street": null, "addr:housenumber": null }, "geometry": { "type": "Point", "coordinates": [ 49.9662722, 40.3594155 ] } },
{ "type": "Feature", "properties": { "element": "node", "id": 4893737323, "name": null, "brand": null, "shop": "convenience", "operator": null, "addr:street": "Mir Cəlal", "addr:housenumber": "63" }, "geometry": { "type": "Point", "coordinates": [ 49.8129217, 40.4205464 ] } },
{ "type": "Feature", "properties": { "element": "node", "id": 4931442722, "name": null, "brand": null, "shop": "convenience", "operator": null, "addr:street": null, "addr:housenumber": null }, "geometry": { "type": "Point", "coordinates": [ 49.8630149, 40.4018504 ] } },
{ "type": "Feature", "properties": { "element": "node", "id": 4931964022, "name": "İnsaf market", "brand": null, "shop": "supermarket", "operator": null, "addr:street": "Tofiq Məmmədov küçəsi", "addr:housenumber": null }, "geometry": { "type": "Point", "coordinates": [ 49.8056066, 40.3373229 ] } },
{ "type": "Feature", "properties": { "element": "node", "id": 4954341622, "name": "Kontinental", "brand": null, "shop": "supermarket", "operator": null, "addr:street": null, "addr:housenumber": "4" }, "geometry": { "type": "Point", "coordinates": [ 49.8278907, 40.3620961 ] } },
{ "type": "Feature", "properties": { "element": "node", "id": 4963294321, "name": "Bravo Express", "brand": null, "shop": "supermarket", "operator": null, "addr:street": "Xaqani küçəsi", "addr:housenumber": "60a" }, "geometry": { "type": "Point", "coordinates": [ 49.8501954, 40.3749902 ] } },
{ "type": "Feature", "properties": { "element": "node", "id": 4997079630, "name": "Belarus Malları Market", "brand": null, "shop": "convenience", "operator": null, "addr:street": null, "addr:housenumber": null }, "geometry": { "type": "Point", "coordinates": [ 49.9458182, 40.4078315 ] } },
{ "type": "Feature", "properties": { "element": "node", "id": 4999110021, "name": "Bravo", "brand": null, "shop": "supermarket", "operator": null, "addr:street": null, "addr:housenumber": null }, "geometry": { "type": "Point", "coordinates": [ 49.9566619, 40.408996 ] } },
{ "type": "Feature", "properties": { "element": "node", "id": 5002007722, "name": null, "brand": null, "shop": "supermarket", "operator": null, "addr:street": null, "addr:housenumber": null }, "geometry": { "type": "Point", "coordinates": [ 49.7934853, 40.3994352 ] } },
{ "type": "Feature", "properties": { "element": "node", "id": 5023023601, "name": "Sari market 9 mkr", "brand": null, "shop": "supermarket", "operator": null, "addr:street": "Adil Məmmədov", "addr:housenumber": "143b" }, "geometry": { "type": "Point", "coordinates": [ 49.8186574, 40.4256959 ] } },
{ "type": "Feature", "properties": { "element": "node", "id": 5035709305, "name": "Fidan Market", "brand": null, "shop": "supermarket", "operator": null, "addr:street": null, "addr:housenumber": null }, "geometry": { "type": "Point", "coordinates": [ 49.8709596, 40.4111666 ] } },
{ "type": "Feature", "properties": { "element": "node", "id": 5036565447, "name": "Xəzər Univermağı", "brand": null, "shop": "supermarket", "operator": null, "addr:street": null, "addr:housenumber": null }, "geometry": { "type": "Point", "coordinates": [ 49.9613666, 40.3595101 ] } },
{ "type": "Feature", "properties": { "element": "node", "id": 5047536521, "name": null, "brand": null, "shop": "supermarket", "operator": null, "addr:street": "Əliağa Kürçaylı", "addr:housenumber": "37" }, "geometry": { "type": "Point", "coordinates": [ 49.9384543, 40.4172078 ] } },
{ "type": "Feature", "properties": { "element": "node", "id": 5047863421, "name": null, "brand": null, "shop": "supermarket", "operator": null, "addr:street": "Şəhriyar", "addr:housenumber": null }, "geometry": { "type": "Point", "coordinates": [ 49.8125417, 40.3774367 ] } },
{ "type": "Feature", "properties": { "element": "node", "id": 5052100621, "name": "Araz", "brand": "Araz", "shop": "supermarket", "operator": null, "addr:street": "Mirəli Qaşqay", "addr:housenumber": null }, "geometry": { "type": "Point", "coordinates": [ 49.8454102, 40.3877649 ] } },
{ "type": "Feature", "properties": { "element": "node", "id": 5052100721, "name": null, "brand": null, "shop": "supermarket", "operator": null, "addr:street": null, "addr:housenumber": null }, "geometry": { "type": "Point", "coordinates": [ 49.8497791, 40.388374 ] } },
{ "type": "Feature", "properties": { "element": "node", "id": 5064032688, "name": "Elmar market, Yeni Yasamal", "brand": null, "shop": "supermarket", "operator": null, "addr:street": "Dadaş Bünyadzadə", "addr:housenumber": null }, "geometry": { "type": "Point", "coordinates": [ 49.7968176, 40.3988216 ] } },
{ "type": "Feature", "properties": { "element": "node", "id": 5064584902, "name": "Ailə market", "brand": null, "shop": "supermarket", "operator": null, "addr:street": "Qara Qarayev küçəsi", "addr:housenumber": "62" }, "geometry": { "type": "Point", "coordinates": [ 49.9415307, 40.4115712 ] } },
{ "type": "Feature", "properties": { "element": "node", "id": 5076598029, "name": "Bolluq Market \\ Nobel \\ 8 Noyabr pr.", "brand": null, "shop": "supermarket", "operator": null, "addr:street": "Zığ şosesi", "addr:housenumber": null }, "geometry": { "type": "Point", "coordinates": [ 49.9447387, 40.3656778 ] } },
{ "type": "Feature", "properties": { "element": "node", "id": 5088444068, "name": "Bolmart", "brand": null, "shop": "supermarket", "operator": "Bizim Market", "addr:street": "Əsəd Əhmədov küçəsi", "addr:housenumber": "19" }, "geometry": { "type": "Point", "coordinates": [ 49.794378, 40.394065 ] } },
{ "type": "Feature", "properties": { "element": "node", "id": 5103015021, "name": "24 saat Market", "brand": null, "shop": "supermarket", "operator": null, "addr:street": "Əbdürrəhim bəy Haqverdiyev küç.", "addr:housenumber": "13" }, "geometry": { "type": "Point", "coordinates": [ 49.820009, 40.3799773 ] } },
{ "type": "Feature", "properties": { "element": "node", "id": 5105421721, "name": null, "brand": null, "shop": "supermarket", "operator": null, "addr:street": "Tofiq Abbasov küçəsi", "addr:housenumber": null }, "geometry": { "type": "Point", "coordinates": [ 49.9351408, 40.4185093 ] } },
{ "type": "Feature", "properties": { "element": "node", "id": 5110103122, "name": null, "brand": null, "shop": "supermarket", "operator": null, "addr:street": "Akademik Mirəsədulla Mirqasımov küçəsi", "addr:housenumber": null }, "geometry": { "type": "Point", "coordinates": [ 49.8426951, 40.396153 ] } },
{ "type": "Feature", "properties": { "element": "node", "id": 5110144023, "name": null, "brand": null, "shop": "convenience", "operator": null, "addr:street": "Azadlıq prospekti", "addr:housenumber": null }, "geometry": { "type": "Point", "coordinates": [ 49.8422924, 40.3893471 ] } },
{ "type": "Feature", "properties": { "element": "node", "id": 5110144024, "name": null, "brand": null, "shop": "convenience", "operator": null, "addr:street": "Azadlıq prospekti", "addr:housenumber": null }, "geometry": { "type": "Point", "coordinates": [ 49.8424249, 40.38926 ] } },
{ "type": "Feature", "properties": { "element": "node", "id": 5110144421, "name": null, "brand": null, "shop": "supermarket", "operator": null, "addr:street": "Süleyman Rüstəm küçəsi", "addr:housenumber": null }, "geometry": { "type": "Point", "coordinates": [ 49.8421297, 40.3892446 ] } },
{ "type": "Feature", "properties": { "element": "node", "id": 5121790223, "name": null, "brand": null, "shop": "supermarket", "operator": null, "addr:street": null, "addr:housenumber": null }, "geometry": { "type": "Point", "coordinates": [ 49.9563236, 40.4056699 ] } },
{ "type": "Feature", "properties": { "element": "node", "id": 5121790426, "name": null, "brand": null, "shop": "supermarket", "operator": null, "addr:street": null, "addr:housenumber": null }, "geometry": { "type": "Point", "coordinates": [ 49.9517713, 40.4040805 ] } },
{ "type": "Feature", "properties": { "element": "node", "id": 5139035955, "name": "Spar", "brand": "Spar", "shop": "supermarket", "operator": null, "addr:street": "Koroğlu Rəhimov küçəsi", "addr:housenumber": "22c" }, "geometry": { "type": "Point", "coordinates": [ 49.85933, 40.3986173 ] } },
{ "type": "Feature", "properties": { "element": "node", "id": 5162356521, "name": "Araz", "brand": "Araz", "shop": "supermarket", "operator": null, "addr:street": null, "addr:housenumber": null }, "geometry": { "type": "Point", "coordinates": [ 49.8389345, 40.3694805 ] } },
{ "type": "Feature", "properties": { "element": "node", "id": 5198106851, "name": "М+5 market", "brand": null, "shop": "convenience", "operator": null, "addr:street": null, "addr:housenumber": null }, "geometry": { "type": "Point", "coordinates": [ 49.9601681, 40.4032664 ] } },
{ "type": "Feature", "properties": { "element": "node", "id": 5207408822, "name": null, "brand": null, "shop": "supermarket", "operator": null, "addr:street": "Cəmşid Naxçıvanski", "addr:housenumber": "107" }, "geometry": { "type": "Point", "coordinates": [ 49.9586923, 40.4095381 ] } },
{ "type": "Feature", "properties": { "element": "node", "id": 5207408823, "name": null, "brand": null, "shop": "supermarket", "operator": null, "addr:street": "Cəmşid Naxçıvanski", "addr:housenumber": "49" }, "geometry": { "type": "Point", "coordinates": [ 49.9579186, 40.4091554 ] } },
{ "type": "Feature", "properties": { "element": "node", "id": 5209717023, "name": null, "brand": null, "shop": "convenience", "operator": null, "addr:street": "Zivərbəy Əhmədbəyov küçəsi", "addr:housenumber": null }, "geometry": { "type": "Point", "coordinates": [ 49.8298787, 40.3843123 ] } },
{ "type": "Feature", "properties": { "element": "node", "id": 5217393721, "name": null, "brand": null, "shop": "supermarket", "operator": null, "addr:street": null, "addr:housenumber": null }, "geometry": { "type": "Point", "coordinates": [ 49.8285517, 40.3980475 ] } },
{ "type": "Feature", "properties": { "element": "node", "id": 5217448321, "name": "Bravo", "brand": null, "shop": "supermarket", "operator": null, "addr:street": null, "addr:housenumber": null }, "geometry": { "type": "Point", "coordinates": [ 49.8401981, 40.3980601 ] } },
{ "type": "Feature", "properties": { "element": "node", "id": 5219241421, "name": "Kontitental Market", "brand": null, "shop": "convenience", "operator": null, "addr:street": null, "addr:housenumber": null }, "geometry": { "type": "Point", "coordinates": [ 49.8583366, 40.4015645 ] } },
{ "type": "Feature", "properties": { "element": "node", "id": 5220862025, "name": "AL market", "brand": null, "shop": "supermarket", "operator": null, "addr:street": null, "addr:housenumber": null }, "geometry": { "type": "Point", "coordinates": [ 49.8327968, 40.4016185 ] } },
{ "type": "Feature", "properties": { "element": "node", "id": 5220864522, "name": null, "brand": null, "shop": "supermarket", "operator": null, "addr:street": null, "addr:housenumber": null }, "geometry": { "type": "Point", "coordinates": [ 49.8310301, 40.401343 ] } },
{ "type": "Feature", "properties": { "element": "node", "id": 5221433622, "name": "Rahat Market", "brand": null, "shop": "supermarket", "operator": null, "addr:street": null, "addr:housenumber": null }, "geometry": { "type": "Point", "coordinates": [ 49.8394833, 40.3936516 ] } },
{ "type": "Feature", "properties": { "element": "node", "id": 5221700121, "name": null, "brand": null, "shop": "convenience", "operator": null, "addr:street": null, "addr:housenumber": null }, "geometry": { "type": "Point", "coordinates": [ 49.8381453, 40.3997382 ] } },
{ "type": "Feature", "properties": { "element": "node", "id": 5221854727, "name": "Avrora Ramin İlyasov", "brand": null, "shop": "supermarket", "operator": null, "addr:street": null, "addr:housenumber": null }, "geometry": { "type": "Point", "coordinates": [ 49.8203513, 40.3976514 ] } },
{ "type": "Feature", "properties": { "element": "node", "id": 5221866423, "name": null, "brand": null, "shop": "supermarket", "operator": null, "addr:street": null, "addr:housenumber": null }, "geometry": { "type": "Point", "coordinates": [ 49.8211383, 40.3970626 ] } },
{ "type": "Feature", "properties": { "element": "node", "id": 5241082022, "name": null, "brand": null, "shop": "supermarket", "operator": null, "addr:street": null, "addr:housenumber": null }, "geometry": { "type": "Point", "coordinates": [ 49.7816716, 40.3273346 ] } },
{ "type": "Feature", "properties": { "element": "node", "id": 5265493021, "name": "Spar", "brand": "Spar", "shop": "supermarket", "operator": null, "addr:street": "Akademik Zahid Xəlilov küçəsi", "addr:housenumber": null }, "geometry": { "type": "Point", "coordinates": [ 49.8116453, 40.3761794 ] } },
{ "type": "Feature", "properties": { "element": "node", "id": 5276841921, "name": null, "brand": null, "shop": "convenience", "operator": null, "addr:street": "Qara Qarayev küçəsi", "addr:housenumber": null }, "geometry": { "type": "Point", "coordinates": [ 49.9498042, 40.4030569 ] } },
{ "type": "Feature", "properties": { "element": "node", "id": 5293054323, "name": null, "brand": null, "shop": "supermarket", "operator": null, "addr:street": null, "addr:housenumber": null }, "geometry": { "type": "Point", "coordinates": [ 49.951314, 40.3700614 ] } },
{ "type": "Feature", "properties": { "element": "node", "id": 5298822421, "name": "Oba Market", "brand": "Oba Market", "shop": "convenience", "operator": null, "addr:street": null, "addr:housenumber": null }, "geometry": { "type": "Point", "coordinates": [ 49.9533481, 40.4255795 ] } },
{ "type": "Feature", "properties": { "element": "node", "id": 5301107623, "name": null, "brand": null, "shop": "supermarket", "operator": null, "addr:street": null, "addr:housenumber": null }, "geometry": { "type": "Point", "coordinates": [ 49.8414114, 40.396574 ] } },
{ "type": "Feature", "properties": { "element": "node", "id": 5301107625, "name": null, "brand": null, "shop": "supermarket", "operator": null, "addr:street": null, "addr:housenumber": null }, "geometry": { "type": "Point", "coordinates": [ 49.8389484, 40.4015299 ] } },
{ "type": "Feature", "properties": { "element": "node", "id": 5301112422, "name": null, "brand": null, "shop": "supermarket", "operator": null, "addr:street": null, "addr:housenumber": null }, "geometry": { "type": "Point", "coordinates": [ 49.8412386, 40.3974844 ] } },
{ "type": "Feature", "properties": { "element": "node", "id": 5303486623, "name": "Oba Market", "brand": null, "shop": "supermarket", "operator": null, "addr:street": null, "addr:housenumber": null }, "geometry": { "type": "Point", "coordinates": [ 49.9658593, 40.3889423 ] } },
{ "type": "Feature", "properties": { "element": "node", "id": 5303506922, "name": null, "brand": null, "shop": "supermarket", "operator": null, "addr:street": null, "addr:housenumber": null }, "geometry": { "type": "Point", "coordinates": [ 49.9593296, 40.4173813 ] } },
{ "type": "Feature", "properties": { "element": "node", "id": 5303506923, "name": null, "brand": null, "shop": "supermarket", "operator": null, "addr:street": null, "addr:housenumber": null }, "geometry": { "type": "Point", "coordinates": [ 49.9674134, 40.4194949 ] } },
{ "type": "Feature", "properties": { "element": "node", "id": 5303506924, "name": "Oba market", "brand": null, "shop": "supermarket", "operator": null, "addr:street": null, "addr:housenumber": null }, "geometry": { "type": "Point", "coordinates": [ 49.9393177, 40.4088594 ] } },
{ "type": "Feature", "properties": { "element": "node", "id": 5303506925, "name": null, "brand": null, "shop": "supermarket", "operator": null, "addr:street": null, "addr:housenumber": null }, "geometry": { "type": "Point", "coordinates": [ 49.9411011, 40.4117794 ] } },
{ "type": "Feature", "properties": { "element": "node", "id": 5303506926, "name": null, "brand": null, "shop": "supermarket", "operator": null, "addr:street": null, "addr:housenumber": null }, "geometry": { "type": "Point", "coordinates": [ 49.9465173, 40.4048504 ] } },
{ "type": "Feature", "properties": { "element": "node", "id": 5303506928, "name": null, "brand": null, "shop": "supermarket", "operator": null, "addr:street": null, "addr:housenumber": null }, "geometry": { "type": "Point", "coordinates": [ 49.9590512, 40.4072434 ] } },
{ "type": "Feature", "properties": { "element": "node", "id": 5303506929, "name": null, "brand": null, "shop": "supermarket", "operator": null, "addr:street": null, "addr:housenumber": null }, "geometry": { "type": "Point", "coordinates": [ 49.966083, 40.3828044 ] } },
{ "type": "Feature", "properties": { "element": "node", "id": 5303508421, "name": null, "brand": null, "shop": "supermarket", "operator": null, "addr:street": null, "addr:housenumber": null }, "geometry": { "type": "Point", "coordinates": [ 49.9562848, 40.4245969 ] } },
{ "type": "Feature", "properties": { "element": "node", "id": 5303508422, "name": null, "brand": null, "shop": "supermarket", "operator": null, "addr:street": null, "addr:housenumber": null }, "geometry": { "type": "Point", "coordinates": [ 49.9420196, 40.4072536 ] } },
{ "type": "Feature", "properties": { "element": "node", "id": 5303508423, "name": null, "brand": null, "shop": "supermarket", "operator": null, "addr:street": null, "addr:housenumber": null }, "geometry": { "type": "Point", "coordinates": [ 49.9604894, 40.3925272 ] } },
{ "type": "Feature", "properties": { "element": "node", "id": 5303508621, "name": null, "brand": null, "shop": "supermarket", "operator": null, "addr:street": null, "addr:housenumber": null }, "geometry": { "type": "Point", "coordinates": [ 49.9606384, 40.3933575 ] } },
{ "type": "Feature", "properties": { "element": "node", "id": 5314443421, "name": null, "brand": null, "shop": "supermarket", "operator": null, "addr:street": null, "addr:housenumber": null }, "geometry": { "type": "Point", "coordinates": [ 49.8362438, 40.4026169 ] } },
{ "type": "Feature", "properties": { "element": "node", "id": 5320060021, "name": null, "brand": null, "shop": "supermarket", "operator": null, "addr:street": null, "addr:housenumber": null }, "geometry": { "type": "Point", "coordinates": [ 49.9291059, 40.4219089 ] } },
{ "type": "Feature", "properties": { "element": "node", "id": 5326662521, "name": "Rahat Market \\ Nobel \\ 8 Noyabr pr.", "brand": null, "shop": "supermarket", "operator": null, "addr:street": null, "addr:housenumber": null }, "geometry": { "type": "Point", "coordinates": [ 49.9310865, 40.3711671 ] } },
{ "type": "Feature", "properties": { "element": "node", "id": 5329041222, "name": "Hwseyn Market", "brand": null, "shop": "supermarket", "operator": null, "addr:street": "Səməd bəy Mehmandarov", "addr:housenumber": null }, "geometry": { "type": "Point", "coordinates": [ 49.9674506, 40.3730461 ] } },
{ "type": "Feature", "properties": { "element": "node", "id": 5358161722, "name": "Ukrayna Ərzaqı", "brand": null, "shop": "convenience", "operator": null, "addr:street": "Badamdar şossesi", "addr:housenumber": null }, "geometry": { "type": "Point", "coordinates": [ 49.8106284, 40.341707 ] } },
{ "type": "Feature", "properties": { "element": "node", "id": 5362875724, "name": null, "brand": null, "shop": "supermarket", "operator": null, "addr:street": null, "addr:housenumber": null }, "geometry": { "type": "Point", "coordinates": [ 49.9574757, 40.4019717 ] } },
{ "type": "Feature", "properties": { "element": "node", "id": 5369928521, "name": "The Best market", "brand": null, "shop": "supermarket", "operator": null, "addr:street": "Bəkir Çobanzadə küçəsi", "addr:housenumber": "63" }, "geometry": { "type": "Point", "coordinates": [ 49.9399881, 40.3985801 ] } },
{ "type": "Feature", "properties": { "element": "node", "id": 5382388521, "name": "Sənan Market", "brand": null, "shop": "convenience", "operator": null, "addr:street": "Abay Kunanbayev küçəsi", "addr:housenumber": null }, "geometry": { "type": "Point", "coordinates": [ 49.8543833, 40.4323327 ] } },
{ "type": "Feature", "properties": { "element": "node", "id": 5382388522, "name": "Meyvəli market", "brand": null, "shop": "convenience", "operator": null, "addr:street": null, "addr:housenumber": null }, "geometry": { "type": "Point", "coordinates": [ 49.8496244, 40.4330165 ] } },
{ "type": "Feature", "properties": { "element": "node", "id": 5382388523, "name": "Sizin Market", "brand": null, "shop": "convenience", "operator": null, "addr:street": null, "addr:housenumber": null }, "geometry": { "type": "Point", "coordinates": [ 49.8498865, 40.4328572 ] } },
{ "type": "Feature", "properties": { "element": "node", "id": 5396187924, "name": null, "brand": null, "shop": "supermarket", "operator": null, "addr:street": "İbrahimpaşa Dadaşov küçəsi", "addr:housenumber": "56" }, "geometry": { "type": "Point", "coordinates": [ 49.8454342, 40.4125784 ] } },
{ "type": "Feature", "properties": { "element": "node", "id": 5397856121, "name": "Bravo \\ Azadlıq", "brand": null, "shop": "supermarket", "operator": null, "addr:street": null, "addr:housenumber": null }, "geometry": { "type": "Point", "coordinates": [ 49.8373707, 40.401563 ] } },
{ "type": "Feature", "properties": { "element": "node", "id": 5433927431, "name": "Natasha market", "brand": null, "shop": "convenience", "operator": null, "addr:street": "Abay Kunanbayev küçəsi", "addr:housenumber": null }, "geometry": { "type": "Point", "coordinates": [ 49.854364, 40.43024 ] } },
{ "type": "Feature", "properties": { "element": "node", "id": 5436829421, "name": "Bravo Supermarket", "brand": null, "shop": "supermarket", "operator": null, "addr:street": "Babək prospekti", "addr:housenumber": null }, "geometry": { "type": "Point", "coordinates": [ 49.8740348, 40.3877527 ] } },
{ "type": "Feature", "properties": { "element": "node", "id": 5445913723, "name": "Mega store Rahat", "brand": null, "shop": "supermarket", "operator": null, "addr:street": null, "addr:housenumber": null }, "geometry": { "type": "Point", "coordinates": [ 49.9686989, 40.4107917 ] } },
{ "type": "Feature", "properties": { "element": "node", "id": 5448278227, "name": "Araz Express", "brand": "Araz", "shop": "supermarket", "operator": null, "addr:street": null, "addr:housenumber": null }, "geometry": { "type": "Point", "coordinates": [ 49.849735, 40.4329726 ] } },
{ "type": "Feature", "properties": { "element": "node", "id": 5477324122, "name": "Araz", "brand": "Araz", "shop": "supermarket", "operator": null, "addr:street": null, "addr:housenumber": null }, "geometry": { "type": "Point", "coordinates": [ 49.821278, 40.4272285 ] } },
{ "type": "Feature", "properties": { "element": "node", "id": 5494132923, "name": "AL Market", "brand": null, "shop": "supermarket", "operator": "Azersun Holding", "addr:street": null, "addr:housenumber": null }, "geometry": { "type": "Point", "coordinates": [ 49.9566428, 40.3844572 ] } },
{ "type": "Feature", "properties": { "element": "node", "id": 5499307322, "name": null, "brand": null, "shop": "supermarket", "operator": null, "addr:street": null, "addr:housenumber": null }, "geometry": { "type": "Point", "coordinates": [ 49.8526388, 40.402878 ] } },
{ "type": "Feature", "properties": { "element": "node", "id": 5499353121, "name": "Araz", "brand": "Araz", "shop": "supermarket", "operator": null, "addr:street": null, "addr:housenumber": null }, "geometry": { "type": "Point", "coordinates": [ 49.9839172, 40.3964971 ] } },
{ "type": "Feature", "properties": { "element": "node", "id": 5500457046, "name": "Oba market", "brand": null, "shop": "convenience", "operator": null, "addr:street": null, "addr:housenumber": null }, "geometry": { "type": "Point", "coordinates": [ 49.9298766, 40.4234449 ] } },
{ "type": "Feature", "properties": { "element": "node", "id": 5501106722, "name": null, "brand": null, "shop": "supermarket", "operator": null, "addr:street": null, "addr:housenumber": null }, "geometry": { "type": "Point", "coordinates": [ 49.964699, 40.3760274 ] } },
{ "type": "Feature", "properties": { "element": "node", "id": 5501130921, "name": null, "brand": null, "shop": "supermarket", "operator": null, "addr:street": null, "addr:housenumber": null }, "geometry": { "type": "Point", "coordinates": [ 49.9666301, 40.3764882 ] } },
{ "type": "Feature", "properties": { "element": "node", "id": 5508425821, "name": "Araz", "brand": "Araz", "shop": "supermarket", "operator": null, "addr:street": null, "addr:housenumber": null }, "geometry": { "type": "Point", "coordinates": [ 49.8343284, 40.3804329 ] } },
{ "type": "Feature", "properties": { "element": "node", "id": 5513310621, "name": null, "brand": null, "shop": "supermarket", "operator": null, "addr:street": null, "addr:housenumber": null }, "geometry": { "type": "Point", "coordinates": [ 49.8377942, 40.3957559 ] } },
{ "type": "Feature", "properties": { "element": "node", "id": 5516046522, "name": "Al Market", "brand": null, "shop": "convenience", "operator": null, "addr:street": null, "addr:housenumber": null }, "geometry": { "type": "Point", "coordinates": [ 49.9228064, 40.3743225 ] } },
{ "type": "Feature", "properties": { "element": "node", "id": 5524612521, "name": "Araz", "brand": "Araz", "shop": "supermarket", "operator": null, "addr:street": null, "addr:housenumber": null }, "geometry": { "type": "Point", "coordinates": [ 49.8743157, 40.4021976 ] } },
{ "type": "Feature", "properties": { "element": "node", "id": 5532420622, "name": null, "brand": null, "shop": "supermarket", "operator": null, "addr:street": null, "addr:housenumber": null }, "geometry": { "type": "Point", "coordinates": [ 49.8033467, 40.3793012 ] } },
{ "type": "Feature", "properties": { "element": "node", "id": 5539974521, "name": "Bravo", "brand": null, "shop": "supermarket", "operator": null, "addr:street": null, "addr:housenumber": null }, "geometry": { "type": "Point", "coordinates": [ 49.8039316, 40.3836862 ] } },
{ "type": "Feature", "properties": { "element": "node", "id": 5550164121, "name": "Kosmos Market", "brand": null, "shop": "convenience", "operator": null, "addr:street": null, "addr:housenumber": null }, "geometry": { "type": "Point", "coordinates": [ 49.9145868, 40.3836911 ] } },
{ "type": "Feature", "properties": { "element": "node", "id": 5550479621, "name": "Favorit market", "brand": null, "shop": "supermarket", "operator": null, "addr:street": null, "addr:housenumber": null }, "geometry": { "type": "Point", "coordinates": [ 49.8114545, 40.3802013 ] } },
{ "type": "Feature", "properties": { "element": "node", "id": 5565939421, "name": null, "brand": null, "shop": "supermarket", "operator": null, "addr:street": null, "addr:housenumber": null }, "geometry": { "type": "Point", "coordinates": [ 49.7704809, 40.3216862 ] } },
{ "type": "Feature", "properties": { "element": "node", "id": 5581411322, "name": null, "brand": null, "shop": "supermarket", "operator": null, "addr:street": "İnqilab İsmayılov", "addr:housenumber": "8/15" }, "geometry": { "type": "Point", "coordinates": [ 49.9699427, 40.360059 ] } },
{ "type": "Feature", "properties": { "element": "node", "id": 5610125776, "name": "Çinarlı market", "brand": null, "shop": "convenience", "operator": null, "addr:street": null, "addr:housenumber": null }, "geometry": { "type": "Point", "coordinates": [ 49.8468243, 40.4156619 ] } },
{ "type": "Feature", "properties": { "element": "node", "id": 5616481622, "name": "Bravo", "brand": null, "shop": "supermarket", "operator": null, "addr:street": null, "addr:housenumber": null }, "geometry": { "type": "Point", "coordinates": [ 49.804213, 40.4132185 ] } },
{ "type": "Feature", "properties": { "element": "node", "id": 5647170425, "name": null, "brand": null, "shop": "convenience", "operator": null, "addr:street": "Bəhruz Nuriyev küçəsi", "addr:housenumber": null }, "geometry": { "type": "Point", "coordinates": [ 49.955392, 40.4026736 ] } },
{ "type": "Feature", "properties": { "element": "node", "id": 5647170426, "name": null, "brand": null, "shop": "convenience", "operator": null, "addr:street": "Bəhruz Nuriyev küçəsi", "addr:housenumber": null }, "geometry": { "type": "Point", "coordinates": [ 49.9541555, 40.4031348 ] } },
{ "type": "Feature", "properties": { "element": "node", "id": 5667792522, "name": "Oba Market", "brand": "Oba Market", "shop": "convenience", "operator": null, "addr:street": null, "addr:housenumber": null }, "geometry": { "type": "Point", "coordinates": [ 49.8143083, 40.4150853 ] } },
{ "type": "Feature", "properties": { "element": "node", "id": 5714062321, "name": null, "brand": null, "shop": "supermarket", "operator": null, "addr:street": null, "addr:housenumber": null }, "geometry": { "type": "Point", "coordinates": [ 49.8313717, 40.4011313 ] } },
{ "type": "Feature", "properties": { "element": "node", "id": 5733296521, "name": null, "brand": null, "shop": "convenience", "operator": null, "addr:street": null, "addr:housenumber": null }, "geometry": { "type": "Point", "coordinates": [ 49.8076144, 40.3808881 ] } },
{ "type": "Feature", "properties": { "element": "node", "id": 5764707854, "name": "Sirab Market", "brand": null, "shop": "convenience", "operator": null, "addr:street": "Süleyman Sani Axundov küçəsi", "addr:housenumber": null }, "geometry": { "type": "Point", "coordinates": [ 49.8425985, 40.428402 ] } },
{ "type": "Feature", "properties": { "element": "node", "id": 5775610953, "name": "Bravo", "brand": null, "shop": "supermarket", "operator": null, "addr:street": null, "addr:housenumber": null }, "geometry": { "type": "Point", "coordinates": [ 49.9633045, 40.3947641 ] } },
{ "type": "Feature", "properties": { "element": "node", "id": 5873539786, "name": "Oba Market", "brand": "Oba Market", "shop": "convenience", "operator": null, "addr:street": null, "addr:housenumber": null }, "geometry": { "type": "Point", "coordinates": [ 49.8284332, 40.3681042 ] } },
{ "type": "Feature", "properties": { "element": "node", "id": 5876368494, "name": "Dadli Maeket", "brand": null, "shop": "convenience", "operator": null, "addr:street": null, "addr:housenumber": null }, "geometry": { "type": "Point", "coordinates": [ 49.8644627, 40.3824441 ] } },
{ "type": "Feature", "properties": { "element": "node", "id": 5879741986, "name": "Meyvә tәrәvәz", "brand": null, "shop": "convenience", "operator": null, "addr:street": null, "addr:housenumber": null }, "geometry": { "type": "Point", "coordinates": [ 49.8215484, 40.3074854 ] } },
{ "type": "Feature", "properties": { "element": "node", "id": 5879741987, "name": null, "brand": null, "shop": "convenience", "operator": null, "addr:street": null, "addr:housenumber": null }, "geometry": { "type": "Point", "coordinates": [ 49.820604, 40.3078611 ] } },
{ "type": "Feature", "properties": { "element": "node", "id": 5879742085, "name": null, "brand": null, "shop": "convenience", "operator": null, "addr:street": null, "addr:housenumber": null }, "geometry": { "type": "Point", "coordinates": [ 49.8207071, 40.3078459 ] } },
{ "type": "Feature", "properties": { "element": "node", "id": 5879742086, "name": "Market", "brand": null, "shop": "convenience", "operator": null, "addr:street": null, "addr:housenumber": null }, "geometry": { "type": "Point", "coordinates": [ 49.8223143, 40.3066696 ] } },
{ "type": "Feature", "properties": { "element": "node", "id": 5879742089, "name": null, "brand": null, "shop": "convenience", "operator": null, "addr:street": null, "addr:housenumber": null }, "geometry": { "type": "Point", "coordinates": [ 49.8236029, 40.305665 ] } },
{ "type": "Feature", "properties": { "element": "node", "id": 5879742090, "name": null, "brand": null, "shop": "convenience", "operator": null, "addr:street": null, "addr:housenumber": null }, "geometry": { "type": "Point", "coordinates": [ 49.8199307, 40.3077767 ] } },
{ "type": "Feature", "properties": { "element": "node", "id": 5879742285, "name": "Market", "brand": null, "shop": "convenience", "operator": null, "addr:street": null, "addr:housenumber": null }, "geometry": { "type": "Point", "coordinates": [ 49.822691, 40.3061975 ] } },
{ "type": "Feature", "properties": { "element": "node", "id": 5890219924, "name": "Araz", "brand": "Araz", "shop": "supermarket", "operator": null, "addr:street": "Sabit Orucov küçəsi", "addr:housenumber": "13" }, "geometry": { "type": "Point", "coordinates": [ 49.8673412, 40.3801325 ] } },
{ "type": "Feature", "properties": { "element": "node", "id": 5890219926, "name": "Assorti", "brand": null, "shop": "supermarket", "operator": null, "addr:street": null, "addr:housenumber": null }, "geometry": { "type": "Point", "coordinates": [ 49.8448991, 40.3712062 ] } },
{ "type": "Feature", "properties": { "element": "node", "id": 5891407385, "name": "İlkin market", "brand": null, "shop": "convenience", "operator": null, "addr:street": "Xanlar küçəsi", "addr:housenumber": null }, "geometry": { "type": "Point", "coordinates": [ 49.8343277, 40.348964 ] } },
{ "type": "Feature", "properties": { "element": "node", "id": 5905009121, "name": "Oba market", "brand": null, "shop": "supermarket", "operator": null, "addr:street": null, "addr:housenumber": null }, "geometry": { "type": "Point", "coordinates": [ 49.9299049, 40.4161928 ] } },
{ "type": "Feature", "properties": { "element": "node", "id": 5912345417, "name": "Bazarstore", "brand": null, "shop": "supermarket", "operator": null, "addr:street": null, "addr:housenumber": null }, "geometry": { "type": "Point", "coordinates": [ 49.8262301, 40.366849 ] } },
{ "type": "Feature", "properties": { "element": "node", "id": 5916475785, "name": "Bravo", "brand": null, "shop": "supermarket", "operator": null, "addr:street": null, "addr:housenumber": null }, "geometry": { "type": "Point", "coordinates": [ 49.8686448, 40.4073767 ] } },
{ "type": "Feature", "properties": { "element": "node", "id": 5956690190, "name": "Bravo", "brand": null, "shop": "supermarket", "operator": null, "addr:street": null, "addr:housenumber": "124041332" }, "geometry": { "type": "Point", "coordinates": [ 49.8399804, 40.4161682 ] } },
{ "type": "Feature", "properties": { "element": "node", "id": 5967209385, "name": "BazarStore", "brand": null, "shop": "supermarket", "operator": "BazarStore", "addr:street": "General Səmədbəy Mehmandarov", "addr:housenumber": null }, "geometry": { "type": "Point", "coordinates": [ 49.9594771, 40.424343 ] } },
{ "type": "Feature", "properties": { "element": "node", "id": 5968787396, "name": null, "brand": null, "shop": "supermarket", "operator": null, "addr:street": null, "addr:housenumber": null }, "geometry": { "type": "Point", "coordinates": [ 49.9492426, 40.4060506 ] } },
{ "type": "Feature", "properties": { "element": "node", "id": 5980758163, "name": null, "brand": null, "shop": "convenience", "operator": null, "addr:street": null, "addr:housenumber": null }, "geometry": { "type": "Point", "coordinates": [ 49.8393493, 40.3716911 ] } },
{ "type": "Feature", "properties": { "element": "node", "id": 5981612288, "name": null, "brand": null, "shop": "convenience", "operator": null, "addr:street": null, "addr:housenumber": null }, "geometry": { "type": "Point", "coordinates": [ 49.8503387, 40.3744505 ] } },
{ "type": "Feature", "properties": { "element": "node", "id": 5981612488, "name": null, "brand": null, "shop": "convenience", "operator": null, "addr:street": null, "addr:housenumber": null }, "geometry": { "type": "Point", "coordinates": [ 49.8447782, 40.3852666 ] } },
{ "type": "Feature", "properties": { "element": "node", "id": 5981612491, "name": "Bravo", "brand": null, "shop": "supermarket", "operator": null, "addr:street": null, "addr:housenumber": null }, "geometry": { "type": "Point", "coordinates": [ 49.8375803, 40.3862855 ] } },
{ "type": "Feature", "properties": { "element": "node", "id": 5981612492, "name": "Bravo", "brand": null, "shop": "supermarket", "operator": null, "addr:street": null, "addr:housenumber": null }, "geometry": { "type": "Point", "coordinates": [ 49.835728, 40.3768662 ] } },
{ "type": "Feature", "properties": { "element": "node", "id": 5981613286, "name": "2022 Market", "brand": null, "shop": "convenience", "operator": null, "addr:street": null, "addr:housenumber": null }, "geometry": { "type": "Point", "coordinates": [ 49.8368488, 40.3456983 ] } },
{ "type": "Feature", "properties": { "element": "node", "id": 5981614485, "name": null, "brand": null, "shop": "convenience", "operator": null, "addr:street": null, "addr:housenumber": null }, "geometry": { "type": "Point", "coordinates": [ 49.8504231, 40.3731917 ] } },
{ "type": "Feature", "properties": { "element": "node", "id": 5983666386, "name": "Bravo", "brand": null, "shop": "supermarket", "operator": null, "addr:street": null, "addr:housenumber": null }, "geometry": { "type": "Point", "coordinates": [ 49.8436531, 40.374688 ] } },
{ "type": "Feature", "properties": { "element": "node", "id": 5996365082, "name": "Lucky Market", "brand": null, "shop": "supermarket", "operator": "Lucky Market", "addr:street": null, "addr:housenumber": null }, "geometry": { "type": "Point", "coordinates": [ 49.8146516, 40.3755458 ] } },
{ "type": "Feature", "properties": { "element": "node", "id": 5998675890, "name": null, "brand": null, "shop": "supermarket", "operator": null, "addr:street": null, "addr:housenumber": null }, "geometry": { "type": "Point", "coordinates": [ 49.8626699, 40.3805601 ] } },
{ "type": "Feature", "properties": { "element": "node", "id": 6020441385, "name": "Vahid 24 saat market", "brand": null, "shop": "supermarket", "operator": null, "addr:street": null, "addr:housenumber": null }, "geometry": { "type": "Point", "coordinates": [ 49.8332748, 40.350683 ] } },
{ "type": "Feature", "properties": { "element": "node", "id": 6039202386, "name": "AL Market", "brand": null, "shop": "supermarket", "operator": null, "addr:street": null, "addr:housenumber": null }, "geometry": { "type": "Point", "coordinates": [ 49.8390664, 40.3418731 ] } },
{ "type": "Feature", "properties": { "element": "node", "id": 6054230826, "name": "Bravo \\ Xan Xoyski küç.", "brand": null, "shop": "supermarket", "operator": null, "addr:street": "Xan Xoyski küç.", "addr:housenumber": null }, "geometry": { "type": "Point", "coordinates": [ 49.8635991, 40.4028451 ] } },
{ "type": "Feature", "properties": { "element": "node", "id": 6056484086, "name": null, "brand": null, "shop": "supermarket", "operator": null, "addr:street": null, "addr:housenumber": null }, "geometry": { "type": "Point", "coordinates": [ 49.9803629, 40.4014969 ] } },
{ "type": "Feature", "properties": { "element": "node", "id": 6056526385, "name": "Maqnit", "brand": null, "shop": "supermarket", "operator": null, "addr:street": null, "addr:housenumber": null }, "geometry": { "type": "Point", "coordinates": [ 49.9830293, 40.397581 ] } },
{ "type": "Feature", "properties": { "element": "node", "id": 6084318985, "name": "Ruslan market", "brand": null, "shop": "convenience", "operator": null, "addr:street": null, "addr:housenumber": null }, "geometry": { "type": "Point", "coordinates": [ 49.8919274, 40.3906685 ] } },
{ "type": "Feature", "properties": { "element": "node", "id": 6084338491, "name": "Oba Market", "brand": "Oba Market", "shop": "convenience", "operator": null, "addr:street": null, "addr:housenumber": null }, "geometry": { "type": "Point", "coordinates": [ 49.8080973, 40.4102777 ] } },
{ "type": "Feature", "properties": { "element": "node", "id": 6096476685, "name": "Ordubad", "brand": null, "shop": "convenience", "operator": null, "addr:street": null, "addr:housenumber": null }, "geometry": { "type": "Point", "coordinates": [ 49.9788496, 40.4061916 ] } },
{ "type": "Feature", "properties": { "element": "node", "id": 6129057411, "name": "Punjab Food", "brand": null, "shop": "convenience", "operator": null, "addr:street": null, "addr:housenumber": null }, "geometry": { "type": "Point", "coordinates": [ 49.8460739, 40.4161232 ] } },
{ "type": "Feature", "properties": { "element": "node", "id": 6129166042, "name": "Kontinental", "brand": null, "shop": "supermarket", "operator": null, "addr:street": null, "addr:housenumber": null }, "geometry": { "type": "Point", "coordinates": [ 49.8237065, 40.385184 ] } },
{ "type": "Feature", "properties": { "element": "node", "id": 6196369685, "name": null, "brand": null, "shop": "convenience", "operator": null, "addr:street": "Mir Cəlal", "addr:housenumber": null }, "geometry": { "type": "Point", "coordinates": [ 49.808684, 40.417313 ] } },
{ "type": "Feature", "properties": { "element": "node", "id": 6212838686, "name": null, "brand": null, "shop": "supermarket", "operator": null, "addr:street": null, "addr:housenumber": null }, "geometry": { "type": "Point", "coordinates": [ 49.8021483, 40.3893956 ] } },
{ "type": "Feature", "properties": { "element": "node", "id": 6215792285, "name": "Bravo", "brand": null, "shop": "supermarket", "operator": null, "addr:street": null, "addr:housenumber": null }, "geometry": { "type": "Point", "coordinates": [ 49.8758438, 40.3792482 ] } },
{ "type": "Feature", "properties": { "element": "node", "id": 6217816285, "name": "MarketLab (Samir Bayramov)", "brand": null, "shop": "supermarket", "operator": null, "addr:street": null, "addr:housenumber": null }, "geometry": { "type": "Point", "coordinates": [ 49.8158887, 40.3836111 ] } },
{ "type": "Feature", "properties": { "element": "node", "id": 6258292385, "name": "Bizim Supermarket \\ Şamlıq Bakı", "brand": null, "shop": "supermarket", "operator": null, "addr:street": null, "addr:housenumber": null }, "geometry": { "type": "Point", "coordinates": [ 49.9595032, 40.40384 ] } },
{ "type": "Feature", "properties": { "element": "node", "id": 6269525893, "name": null, "brand": null, "shop": "supermarket", "operator": null, "addr:street": null, "addr:housenumber": null }, "geometry": { "type": "Point", "coordinates": [ 49.8549286, 40.3771905 ] } },
{ "type": "Feature", "properties": { "element": "node", "id": 6270841090, "name": null, "brand": null, "shop": "supermarket", "operator": null, "addr:street": null, "addr:housenumber": null }, "geometry": { "type": "Point", "coordinates": [ 49.8387185, 40.4022765 ] } },
{ "type": "Feature", "properties": { "element": "node", "id": 6270845086, "name": null, "brand": null, "shop": "supermarket", "operator": null, "addr:street": null, "addr:housenumber": null }, "geometry": { "type": "Point", "coordinates": [ 49.8412611, 40.4007321 ] } },
{ "type": "Feature", "properties": { "element": "node", "id": 6278136085, "name": null, "brand": null, "shop": "supermarket", "operator": null, "addr:street": null, "addr:housenumber": null }, "geometry": { "type": "Point", "coordinates": [ 49.9590915, 40.4172741 ] } },
{ "type": "Feature", "properties": { "element": "node", "id": 6278182585, "name": "AL Market 3204", "brand": null, "shop": "supermarket", "operator": null, "addr:street": null, "addr:housenumber": null }, "geometry": { "type": "Point", "coordinates": [ 49.9656277, 40.4171691 ] } },
{ "type": "Feature", "properties": { "element": "node", "id": 6293304986, "name": null, "brand": null, "shop": "convenience", "operator": null, "addr:street": null, "addr:housenumber": null }, "geometry": { "type": "Point", "coordinates": [ 49.8221391, 40.3796985 ] } },
{ "type": "Feature", "properties": { "element": "node", "id": 6293304988, "name": null, "brand": null, "shop": "convenience", "operator": null, "addr:street": null, "addr:housenumber": null }, "geometry": { "type": "Point", "coordinates": [ 49.8220906, 40.3714549 ] } },
{ "type": "Feature", "properties": { "element": "node", "id": 6340063085, "name": "Bravo Azure", "brand": null, "shop": "supermarket", "operator": null, "addr:street": null, "addr:housenumber": null }, "geometry": { "type": "Point", "coordinates": [ 49.8773798, 40.3817677 ] } },
{ "type": "Feature", "properties": { "element": "node", "id": 6342441186, "name": "Xəzər Market", "brand": null, "shop": "supermarket", "operator": null, "addr:street": null, "addr:housenumber": null }, "geometry": { "type": "Point", "coordinates": [ 49.8535872, 40.3758592 ] } },
{ "type": "Feature", "properties": { "element": "node", "id": 6342456785, "name": null, "brand": null, "shop": "supermarket", "operator": null, "addr:street": "Xaqani küçəsi", "addr:housenumber": "84d" }, "geometry": { "type": "Point", "coordinates": [ 49.8535121, 40.3759982 ] } },
{ "type": "Feature", "properties": { "element": "node", "id": 6367243688, "name": null, "brand": null, "shop": "supermarket", "operator": null, "addr:street": null, "addr:housenumber": null }, "geometry": { "type": "Point", "coordinates": [ 49.8434976, 40.4020104 ] } },
{ "type": "Feature", "properties": { "element": "node", "id": 6373395587, "name": "Rahat Gourmetmarket", "brand": null, "shop": "supermarket", "operator": null, "addr:street": "Neftçilər Prospekti", "addr:housenumber": "567" }, "geometry": { "type": "Point", "coordinates": [ 49.860652, 40.3743181 ] } },
{ "type": "Feature", "properties": { "element": "node", "id": 6387494743, "name": null, "brand": null, "shop": "supermarket", "operator": null, "addr:street": "Nizami küçəsi", "addr:housenumber": null }, "geometry": { "type": "Point", "coordinates": [ 49.8477028, 40.375393 ] } },
{ "type": "Feature", "properties": { "element": "node", "id": 6403440090, "name": null, "brand": null, "shop": "supermarket", "operator": null, "addr:street": null, "addr:housenumber": null }, "geometry": { "type": "Point", "coordinates": [ 49.8267367, 40.3803617 ] } },
{ "type": "Feature", "properties": { "element": "node", "id": 6403443485, "name": null, "brand": null, "shop": "supermarket", "operator": null, "addr:street": null, "addr:housenumber": null }, "geometry": { "type": "Point", "coordinates": [ 49.8255935, 40.381649 ] } },
{ "type": "Feature", "properties": { "element": "node", "id": 6403443585, "name": null, "brand": null, "shop": "supermarket", "operator": null, "addr:street": null, "addr:housenumber": null }, "geometry": { "type": "Point", "coordinates": [ 49.8247692, 40.3818179 ] } },
{ "type": "Feature", "properties": { "element": "node", "id": 6403500974, "name": null, "brand": null, "shop": "supermarket", "operator": null, "addr:street": null, "addr:housenumber": null }, "geometry": { "type": "Point", "coordinates": [ 49.8445237, 40.3719 ] } },
{ "type": "Feature", "properties": { "element": "node", "id": 6403500975, "name": "Sahil ticarət mərkəzi", "brand": null, "shop": "supermarket", "operator": null, "addr:street": null, "addr:housenumber": null }, "geometry": { "type": "Point", "coordinates": [ 49.8445517, 40.3718478 ] } },
{ "type": "Feature", "properties": { "element": "node", "id": 6410035954, "name": "Etalon market", "brand": null, "shop": "supermarket", "operator": null, "addr:street": "Əsəd Əhmədov küçəsi", "addr:housenumber": null }, "geometry": { "type": "Point", "coordinates": [ 49.7901688, 40.3901511 ] } },
{ "type": "Feature", "properties": { "element": "node", "id": 6415472386, "name": null, "brand": null, "shop": "supermarket", "operator": null, "addr:street": null, "addr:housenumber": null }, "geometry": { "type": "Point", "coordinates": [ 49.8242975, 40.3847013 ] } },
{ "type": "Feature", "properties": { "element": "node", "id": 6415473587, "name": null, "brand": null, "shop": "supermarket", "operator": null, "addr:street": null, "addr:housenumber": null }, "geometry": { "type": "Point", "coordinates": [ 49.8241537, 40.3828373 ] } },
{ "type": "Feature", "properties": { "element": "node", "id": 6415475086, "name": "Bolmart Express", "brand": null, "shop": "supermarket", "operator": null, "addr:street": null, "addr:housenumber": null }, "geometry": { "type": "Point", "coordinates": [ 49.8342531, 40.3780849 ] } },
{ "type": "Feature", "properties": { "element": "node", "id": 6415482685, "name": null, "brand": null, "shop": "supermarket", "operator": null, "addr:street": null, "addr:housenumber": null }, "geometry": { "type": "Point", "coordinates": [ 49.8254547, 40.3841543 ] } },
{ "type": "Feature", "properties": { "element": "node", "id": 6418252590, "name": null, "brand": null, "shop": "convenience", "operator": null, "addr:street": null, "addr:housenumber": null }, "geometry": { "type": "Point", "coordinates": [ 49.9645683, 40.4166796 ] } },
{ "type": "Feature", "properties": { "element": "node", "id": 6418315385, "name": "Yaşıl market", "brand": null, "shop": "supermarket", "operator": null, "addr:street": "Ruhulla Axundov", "addr:housenumber": null }, "geometry": { "type": "Point", "coordinates": [ 49.9635873, 40.4171642 ] } },
{ "type": "Feature", "properties": { "element": "node", "id": 6425297286, "name": null, "brand": null, "shop": "supermarket", "operator": null, "addr:street": null, "addr:housenumber": null }, "geometry": { "type": "Point", "coordinates": [ 49.8294299, 40.3785898 ] } },
{ "type": "Feature", "properties": { "element": "node", "id": 6425297287, "name": "Bizim Market - Topdan satış", "brand": null, "shop": "supermarket", "operator": null, "addr:street": null, "addr:housenumber": null }, "geometry": { "type": "Point", "coordinates": [ 49.8370821, 40.3815896 ] } },
{ "type": "Feature", "properties": { "element": "node", "id": 6425303786, "name": "Oktay Mehdiyev", "brand": null, "shop": "supermarket", "operator": null, "addr:street": null, "addr:housenumber": null }, "geometry": { "type": "Point", "coordinates": [ 49.834422, 40.3749225 ] } },
{ "type": "Feature", "properties": { "element": "node", "id": 6427838385, "name": "Proqress Market", "brand": null, "shop": "supermarket", "operator": null, "addr:street": null, "addr:housenumber": null }, "geometry": { "type": "Point", "coordinates": [ 49.8362283, 40.3402606 ] } },
{ "type": "Feature", "properties": { "element": "node", "id": 6431085986, "name": null, "brand": null, "shop": "supermarket", "operator": null, "addr:street": null, "addr:housenumber": null }, "geometry": { "type": "Point", "coordinates": [ 49.8246908, 40.382766 ] } },
{ "type": "Feature", "properties": { "element": "node", "id": 6431085987, "name": null, "brand": null, "shop": "convenience", "operator": null, "addr:street": null, "addr:housenumber": null }, "geometry": { "type": "Point", "coordinates": [ 49.8314394, 40.3775154 ] } },
{ "type": "Feature", "properties": { "element": "node", "id": 6431087386, "name": "Market", "brand": null, "shop": "convenience", "operator": null, "addr:street": null, "addr:housenumber": null }, "geometry": { "type": "Point", "coordinates": [ 49.8298787, 40.3808773 ] } },
{ "type": "Feature", "properties": { "element": "node", "id": 6431098485, "name": null, "brand": null, "shop": "convenience", "operator": null, "addr:street": null, "addr:housenumber": null }, "geometry": { "type": "Point", "coordinates": [ 49.8300049, 40.3789984 ] } },
{ "type": "Feature", "properties": { "element": "node", "id": 6432458485, "name": "AL Market", "brand": null, "shop": "convenience", "operator": null, "addr:street": null, "addr:housenumber": null }, "geometry": { "type": "Point", "coordinates": [ 49.8413812, 40.4205567 ] } },
{ "type": "Feature", "properties": { "element": "node", "id": 6434080415, "name": "1001 Market", "brand": null, "shop": "convenience", "operator": null, "addr:street": null, "addr:housenumber": null }, "geometry": { "type": "Point", "coordinates": [ 49.7964511, 40.3066388 ] } },
{ "type": "Feature", "properties": { "element": "node", "id": 6435234485, "name": "Orxan Market", "brand": null, "shop": "convenience", "operator": null, "addr:street": "Heydər Hüseynov küçəsi", "addr:housenumber": null }, "geometry": { "type": "Point", "coordinates": [ 49.8412288, 40.4182683 ] } },
{ "type": "Feature", "properties": { "element": "node", "id": 6435234585, "name": "Meyvə Tərəvəz", "brand": null, "shop": "convenience", "operator": null, "addr:street": "Cəfər Xəndan küçəsi", "addr:housenumber": null }, "geometry": { "type": "Point", "coordinates": [ 49.8405651, 40.4183152 ] } },
{ "type": "Feature", "properties": { "element": "node", "id": 6438048487, "name": null, "brand": null, "shop": "convenience", "operator": null, "addr:street": "Elşən Süleymanov küçəsi", "addr:housenumber": "57" }, "geometry": { "type": "Point", "coordinates": [ 49.9606867, 40.4057116 ] } },
{ "type": "Feature", "properties": { "element": "node", "id": 6439195986, "name": null, "brand": null, "shop": "convenience", "operator": null, "addr:street": null, "addr:housenumber": null }, "geometry": { "type": "Point", "coordinates": [ 49.9746715, 40.3815867 ] } },
{ "type": "Feature", "properties": { "element": "node", "id": 6439195987, "name": null, "brand": null, "shop": "convenience", "operator": null, "addr:street": null, "addr:housenumber": null }, "geometry": { "type": "Point", "coordinates": [ 49.9629901, 40.3784295 ] } },
{ "type": "Feature", "properties": { "element": "node", "id": 6439195988, "name": null, "brand": null, "shop": "convenience", "operator": null, "addr:street": null, "addr:housenumber": null }, "geometry": { "type": "Point", "coordinates": [ 49.9654399, 40.3682608 ] } },
{ "type": "Feature", "properties": { "element": "node", "id": 6439195989, "name": "Çinar Market / Zığ", "brand": null, "shop": "supermarket", "operator": null, "addr:street": null, "addr:housenumber": null }, "geometry": { "type": "Point", "coordinates": [ 49.9930143, 40.3694991 ] } },
{ "type": "Feature", "properties": { "element": "node", "id": 6439196085, "name": null, "brand": null, "shop": "convenience", "operator": null, "addr:street": null, "addr:housenumber": null }, "geometry": { "type": "Point", "coordinates": [ 49.8265078, 40.3790905 ] } },
{ "type": "Feature", "properties": { "element": "node", "id": 6439196086, "name": "Market", "brand": null, "shop": "convenience", "operator": null, "addr:street": null, "addr:housenumber": null }, "geometry": { "type": "Point", "coordinates": [ 49.9650576, 40.3727895 ] } },
{ "type": "Feature", "properties": { "element": "node", "id": 6439196087, "name": null, "brand": null, "shop": "supermarket", "operator": null, "addr:street": null, "addr:housenumber": null }, "geometry": { "type": "Point", "coordinates": [ 49.9685958, 40.3422832 ] } },
{ "type": "Feature", "properties": { "element": "node", "id": 6439196089, "name": null, "brand": null, "shop": "convenience", "operator": null, "addr:street": null, "addr:housenumber": null }, "geometry": { "type": "Point", "coordinates": [ 49.9813067, 40.3449144 ] } },
{ "type": "Feature", "properties": { "element": "node", "id": 6439196386, "name": null, "brand": null, "shop": "convenience", "operator": null, "addr:street": null, "addr:housenumber": null }, "geometry": { "type": "Point", "coordinates": [ 49.9773237, 40.3852123 ] } },
{ "type": "Feature", "properties": { "element": "node", "id": 6439196387, "name": null, "brand": null, "shop": "convenience", "operator": null, "addr:street": null, "addr:housenumber": null }, "geometry": { "type": "Point", "coordinates": [ 49.9650023, 40.376052 ] } },
{ "type": "Feature", "properties": { "element": "node", "id": 6439196388, "name": null, "brand": null, "shop": "convenience", "operator": null, "addr:street": null, "addr:housenumber": null }, "geometry": { "type": "Point", "coordinates": [ 49.9653005, 40.3805151 ] } },
{ "type": "Feature", "properties": { "element": "node", "id": 6439196389, "name": null, "brand": null, "shop": "convenience", "operator": null, "addr:street": null, "addr:housenumber": null }, "geometry": { "type": "Point", "coordinates": [ 49.9664396, 40.3670662 ] } },
{ "type": "Feature", "properties": { "element": "node", "id": 6439196390, "name": "Market", "brand": null, "shop": "convenience", "operator": null, "addr:street": null, "addr:housenumber": null }, "geometry": { "type": "Point", "coordinates": [ 49.9670032, 40.3619596 ] } },
{ "type": "Feature", "properties": { "element": "node", "id": 6439196391, "name": "Boom Store", "brand": null, "shop": "convenience", "operator": null, "addr:street": null, "addr:housenumber": null }, "geometry": { "type": "Point", "coordinates": [ 49.9818744, 40.3419993 ] } },
{ "type": "Feature", "properties": { "element": "node", "id": 6439196392, "name": "Samir market", "brand": null, "shop": "convenience", "operator": null, "addr:street": null, "addr:housenumber": null }, "geometry": { "type": "Point", "coordinates": [ 49.9826736, 40.3420529 ] } },
{ "type": "Feature", "properties": { "element": "node", "id": 6439196393, "name": "Әli Market / Zığ", "brand": null, "shop": "convenience", "operator": null, "addr:street": null, "addr:housenumber": null }, "geometry": { "type": "Point", "coordinates": [ 49.9801877, 40.3421718 ] } },
{ "type": "Feature", "properties": { "element": "node", "id": 6439196394, "name": "Limon Market / Zığ", "brand": null, "shop": "convenience", "operator": null, "addr:street": null, "addr:housenumber": null }, "geometry": { "type": "Point", "coordinates": [ 49.9800369, 40.3439056 ] } },
{ "type": "Feature", "properties": { "element": "node", "id": 6439196985, "name": null, "brand": null, "shop": "convenience", "operator": null, "addr:street": null, "addr:housenumber": null }, "geometry": { "type": "Point", "coordinates": [ 49.9632117, 40.3684797 ] } },
{ "type": "Feature", "properties": { "element": "node", "id": 6439196987, "name": null, "brand": null, "shop": "convenience", "operator": null, "addr:street": null, "addr:housenumber": null }, "geometry": { "type": "Point", "coordinates": [ 49.9545515, 40.3820668 ] } },
{ "type": "Feature", "properties": { "element": "node", "id": 6439197085, "name": null, "brand": null, "shop": "convenience", "operator": null, "addr:street": null, "addr:housenumber": null }, "geometry": { "type": "Point", "coordinates": [ 49.9655898, 40.3650214 ] } },
{ "type": "Feature", "properties": { "element": "node", "id": 6439197885, "name": "Elgün Market", "brand": null, "shop": "convenience", "operator": null, "addr:street": null, "addr:housenumber": null }, "geometry": { "type": "Point", "coordinates": [ 49.9712821, 40.359492 ] } },
{ "type": "Feature", "properties": { "element": "node", "id": 6440130588, "name": null, "brand": null, "shop": "convenience", "operator": null, "addr:street": null, "addr:housenumber": null }, "geometry": { "type": "Point", "coordinates": [ 49.9696123, 40.3573479 ] } },
{ "type": "Feature", "properties": { "element": "node", "id": 6440358585, "name": null, "brand": null, "shop": "convenience", "operator": null, "addr:street": null, "addr:housenumber": null }, "geometry": { "type": "Point", "coordinates": [ 49.966808, 40.3687018 ] } },
{ "type": "Feature", "properties": { "element": "node", "id": 6440358785, "name": null, "brand": null, "shop": "convenience", "operator": null, "addr:street": null, "addr:housenumber": null }, "geometry": { "type": "Point", "coordinates": [ 49.9932673, 40.3694105 ] } },
{ "type": "Feature", "properties": { "element": "node", "id": 6440358885, "name": null, "brand": null, "shop": "convenience", "operator": null, "addr:street": null, "addr:housenumber": null }, "geometry": { "type": "Point", "coordinates": [ 49.9655676, 40.3648782 ] } },
{ "type": "Feature", "properties": { "element": "node", "id": 6440358886, "name": null, "brand": null, "shop": "convenience", "operator": null, "addr:street": null, "addr:housenumber": null }, "geometry": { "type": "Point", "coordinates": [ 49.9651969, 40.3738317 ] } },
{ "type": "Feature", "properties": { "element": "node", "id": 6441879285, "name": "Market", "brand": null, "shop": "convenience", "operator": null, "addr:street": null, "addr:housenumber": null }, "geometry": { "type": "Point", "coordinates": [ 49.968413, 40.383362 ] } },
{ "type": "Feature", "properties": { "element": "node", "id": 6441879385, "name": null, "brand": null, "shop": "convenience", "operator": null, "addr:street": null, "addr:housenumber": null }, "geometry": { "type": "Point", "coordinates": [ 49.9699586, 40.3823879 ] } },
{ "type": "Feature", "properties": { "element": "node", "id": 6441879485, "name": null, "brand": null, "shop": "convenience", "operator": null, "addr:street": null, "addr:housenumber": null }, "geometry": { "type": "Point", "coordinates": [ 49.9699155, 40.3826425 ] } },
{ "type": "Feature", "properties": { "element": "node", "id": 6441879486, "name": null, "brand": null, "shop": "convenience", "operator": null, "addr:street": null, "addr:housenumber": null }, "geometry": { "type": "Point", "coordinates": [ 49.9674661, 40.3800292 ] } },
{ "type": "Feature", "properties": { "element": "node", "id": 6441879585, "name": null, "brand": null, "shop": "convenience", "operator": null, "addr:street": null, "addr:housenumber": null }, "geometry": { "type": "Point", "coordinates": [ 49.9690318, 40.381465 ] } },
{ "type": "Feature", "properties": { "element": "node", "id": 6441879685, "name": null, "brand": null, "shop": "convenience", "operator": null, "addr:street": null, "addr:housenumber": null }, "geometry": { "type": "Point", "coordinates": [ 49.9686919, 40.3802007 ] } },
{ "type": "Feature", "properties": { "element": "node", "id": 6441879785, "name": null, "brand": null, "shop": "convenience", "operator": null, "addr:street": null, "addr:housenumber": null }, "geometry": { "type": "Point", "coordinates": [ 49.9686146, 40.376505 ] } },
{ "type": "Feature", "properties": { "element": "node", "id": 6442255087, "name": null, "brand": null, "shop": "supermarket", "operator": null, "addr:street": null, "addr:housenumber": null }, "geometry": { "type": "Point", "coordinates": [ 49.9793187, 40.3843375 ] } },
{ "type": "Feature", "properties": { "element": "node", "id": 6442257486, "name": "Araz", "brand": null, "shop": "convenience", "operator": null, "addr:street": null, "addr:housenumber": null }, "geometry": { "type": "Point", "coordinates": [ 49.9765923, 40.3680526 ] } },
{ "type": "Feature", "properties": { "element": "node", "id": 6442392585, "name": "Araz Supermarket \\ Günəşli 3", "brand": null, "shop": "supermarket", "operator": null, "addr:street": null, "addr:housenumber": null }, "geometry": { "type": "Point", "coordinates": [ 49.9716039, 40.3850668 ] } },
{ "type": "Feature", "properties": { "element": "node", "id": 6444385685, "name": null, "brand": null, "shop": "convenience", "operator": null, "addr:street": null, "addr:housenumber": null }, "geometry": { "type": "Point", "coordinates": [ 49.9668646, 40.3765443 ] } },
{ "type": "Feature", "properties": { "element": "node", "id": 6444385686, "name": null, "brand": null, "shop": "convenience", "operator": null, "addr:street": null, "addr:housenumber": null }, "geometry": { "type": "Point", "coordinates": [ 49.9777009, 40.3593555 ] } },
{ "type": "Feature", "properties": { "element": "node", "id": 6444385785, "name": "Sev Al Market", "brand": null, "shop": "convenience", "operator": null, "addr:street": null, "addr:housenumber": null }, "geometry": { "type": "Point", "coordinates": [ 49.9685838, 40.3776291 ] } },
{ "type": "Feature", "properties": { "element": "node", "id": 6444385787, "name": "Babək Market", "brand": null, "shop": "convenience", "operator": null, "addr:street": null, "addr:housenumber": null }, "geometry": { "type": "Point", "coordinates": [ 49.977084, 40.3415415 ] } },
{ "type": "Feature", "properties": { "element": "node", "id": 6444938988, "name": null, "brand": null, "shop": "convenience", "operator": null, "addr:street": null, "addr:housenumber": null }, "geometry": { "type": "Point", "coordinates": [ 49.9636678, 40.3410454 ] } },
{ "type": "Feature", "properties": { "element": "node", "id": 6444938989, "name": "Aynur Market", "brand": null, "shop": "convenience", "operator": null, "addr:street": null, "addr:housenumber": null }, "geometry": { "type": "Point", "coordinates": [ 49.9823048, 40.3419157 ] } },
{ "type": "Feature", "properties": { "element": "node", "id": 6444962886, "name": "AL Market 3422", "brand": null, "shop": "convenience", "operator": null, "addr:street": null, "addr:housenumber": null }, "geometry": { "type": "Point", "coordinates": [ 49.9776489, 40.3586627 ] } },
{ "type": "Feature", "properties": { "element": "node", "id": 6444983585, "name": null, "brand": null, "shop": "convenience", "operator": null, "addr:street": null, "addr:housenumber": null }, "geometry": { "type": "Point", "coordinates": [ 49.9653948, 40.3630875 ] } },
{ "type": "Feature", "properties": { "element": "node", "id": 6444983586, "name": "Ekonom Market", "brand": null, "shop": "convenience", "operator": null, "addr:street": null, "addr:housenumber": null }, "geometry": { "type": "Point", "coordinates": [ 49.965769, 40.3606926 ] } },
{ "type": "Feature", "properties": { "element": "node", "id": 6445037185, "name": "Şöhrət Market", "brand": null, "shop": "convenience", "operator": null, "addr:street": null, "addr:housenumber": null }, "geometry": { "type": "Point", "coordinates": [ 49.9639393, 40.372744 ] } },
{ "type": "Feature", "properties": { "element": "node", "id": 6449313785, "name": "Nur market", "brand": null, "shop": "convenience", "operator": null, "addr:street": null, "addr:housenumber": null }, "geometry": { "type": "Point", "coordinates": [ 49.9804921, 40.3421767 ] } },
{ "type": "Feature", "properties": { "element": "node", "id": 6449313786, "name": "Market", "brand": null, "shop": "convenience", "operator": null, "addr:street": null, "addr:housenumber": null }, "geometry": { "type": "Point", "coordinates": [ 49.9860162, 40.3663214 ] } },
{ "type": "Feature", "properties": { "element": "node", "id": 6449313885, "name": "Araz", "brand": null, "shop": "convenience", "operator": null, "addr:street": null, "addr:housenumber": null }, "geometry": { "type": "Point", "coordinates": [ 49.9680756, 40.342276 ] } },
{ "type": "Feature", "properties": { "element": "node", "id": 6449313886, "name": null, "brand": null, "shop": "convenience", "operator": null, "addr:street": null, "addr:housenumber": null }, "geometry": { "type": "Point", "coordinates": [ 49.9772506, 40.3601243 ] } },
{ "type": "Feature", "properties": { "element": "node", "id": 6449313887, "name": null, "brand": null, "shop": "convenience", "operator": null, "addr:street": null, "addr:housenumber": null }, "geometry": { "type": "Point", "coordinates": [ 49.9781638, 40.3613254 ] } },
{ "type": "Feature", "properties": { "element": "node", "id": 6449313888, "name": null, "brand": null, "shop": "convenience", "operator": null, "addr:street": null, "addr:housenumber": null }, "geometry": { "type": "Point", "coordinates": [ 49.9964687, 40.3762996 ] } },
{ "type": "Feature", "properties": { "element": "node", "id": 6449313985, "name": null, "brand": null, "shop": "convenience", "operator": null, "addr:street": null, "addr:housenumber": null }, "geometry": { "type": "Point", "coordinates": [ 49.9804458, 40.3620275 ] } },
{ "type": "Feature", "properties": { "element": "node", "id": 6449313986, "name": null, "brand": null, "shop": "convenience", "operator": null, "addr:street": null, "addr:housenumber": null }, "geometry": { "type": "Point", "coordinates": [ 49.9809433, 40.36343 ] } },
{ "type": "Feature", "properties": { "element": "node", "id": 6449314185, "name": null, "brand": null, "shop": "convenience", "operator": null, "addr:street": null, "addr:housenumber": null }, "geometry": { "type": "Point", "coordinates": [ 49.9915188, 40.3704054 ] } },
{ "type": "Feature", "properties": { "element": "node", "id": 6455780988, "name": null, "brand": null, "shop": "convenience", "operator": null, "addr:street": null, "addr:housenumber": null }, "geometry": { "type": "Point", "coordinates": [ 49.9665356, 40.3668564 ] } },
{ "type": "Feature", "properties": { "element": "node", "id": 6455780989, "name": null, "brand": null, "shop": "convenience", "operator": null, "addr:street": null, "addr:housenumber": null }, "geometry": { "type": "Point", "coordinates": [ 49.9630741, 40.3658972 ] } },
{ "type": "Feature", "properties": { "element": "node", "id": 6455780990, "name": null, "brand": null, "shop": "convenience", "operator": null, "addr:street": null, "addr:housenumber": null }, "geometry": { "type": "Point", "coordinates": [ 49.9695047, 40.3651225 ] } },
{ "type": "Feature", "properties": { "element": "node", "id": 6457853087, "name": null, "brand": null, "shop": "convenience", "operator": null, "addr:street": null, "addr:housenumber": null }, "geometry": { "type": "Point", "coordinates": [ 49.9700764, 40.3600632 ] } },
{ "type": "Feature", "properties": { "element": "node", "id": 6457890988, "name": null, "brand": null, "shop": "convenience", "operator": null, "addr:street": null, "addr:housenumber": null }, "geometry": { "type": "Point", "coordinates": [ 49.9695121, 40.3805688 ] } },
{ "type": "Feature", "properties": { "element": "node", "id": 6457890989, "name": null, "brand": null, "shop": "convenience", "operator": null, "addr:street": null, "addr:housenumber": null }, "geometry": { "type": "Point", "coordinates": [ 49.96917, 40.3806384 ] } },
{ "type": "Feature", "properties": { "element": "node", "id": 6470000285, "name": null, "brand": null, "shop": "convenience", "operator": null, "addr:street": null, "addr:housenumber": null }, "geometry": { "type": "Point", "coordinates": [ 49.9718768, 40.3587637 ] } },
{ "type": "Feature", "properties": { "element": "node", "id": 6470000286, "name": "Market", "brand": null, "shop": "convenience", "operator": null, "addr:street": null, "addr:housenumber": null }, "geometry": { "type": "Point", "coordinates": [ 49.9673383, 40.3732278 ] } },
{ "type": "Feature", "properties": { "element": "node", "id": 6470000287, "name": null, "brand": null, "shop": "convenience", "operator": null, "addr:street": null, "addr:housenumber": null }, "geometry": { "type": "Point", "coordinates": [ 49.9685866, 40.3630543 ] } },
{ "type": "Feature", "properties": { "element": "node", "id": 6470000288, "name": "Qlobus Market", "brand": null, "shop": "convenience", "operator": null, "addr:street": null, "addr:housenumber": null }, "geometry": { "type": "Point", "coordinates": [ 49.8765071, 40.3818665 ] } },
{ "type": "Feature", "properties": { "element": "node", "id": 6470000289, "name": null, "brand": null, "shop": "convenience", "operator": null, "addr:street": null, "addr:housenumber": null }, "geometry": { "type": "Point", "coordinates": [ 49.8696874, 40.3781533 ] } },
{ "type": "Feature", "properties": { "element": "node", "id": 6470000290, "name": null, "brand": null, "shop": "convenience", "operator": null, "addr:street": null, "addr:housenumber": null }, "geometry": { "type": "Point", "coordinates": [ 49.9684088, 40.3675832 ] } },
{ "type": "Feature", "properties": { "element": "node", "id": 6470000292, "name": null, "brand": null, "shop": "supermarket", "operator": null, "addr:street": null, "addr:housenumber": null }, "geometry": { "type": "Point", "coordinates": [ 49.9629522, 40.3762185 ] } },
{ "type": "Feature", "properties": { "element": "node", "id": 6470000293, "name": "Al Market 3183", "brand": null, "shop": "convenience", "operator": null, "addr:street": null, "addr:housenumber": null }, "geometry": { "type": "Point", "coordinates": [ 49.9527515, 40.3692093 ] } },
{ "type": "Feature", "properties": { "element": "node", "id": 6470000294, "name": "Al Market", "brand": null, "shop": "convenience", "operator": null, "addr:street": null, "addr:housenumber": null }, "geometry": { "type": "Point", "coordinates": [ 49.959024, 40.3822649 ] } },
{ "type": "Feature", "properties": { "element": "node", "id": 6470000295, "name": null, "brand": null, "shop": "convenience", "operator": null, "addr:street": null, "addr:housenumber": null }, "geometry": { "type": "Point", "coordinates": [ 49.9518009, 40.3784338 ] } },
{ "type": "Feature", "properties": { "element": "node", "id": 6470000385, "name": null, "brand": null, "shop": "convenience", "operator": null, "addr:street": null, "addr:housenumber": null }, "geometry": { "type": "Point", "coordinates": [ 49.9657785, 40.366344 ] } },
{ "type": "Feature", "properties": { "element": "node", "id": 6470000386, "name": "Avand Market", "brand": null, "shop": "convenience", "operator": null, "addr:street": null, "addr:housenumber": null }, "geometry": { "type": "Point", "coordinates": [ 49.9663647, 40.3621441 ] } },
{ "type": "Feature", "properties": { "element": "node", "id": 6470000387, "name": null, "brand": null, "shop": "convenience", "operator": null, "addr:street": null, "addr:housenumber": null }, "geometry": { "type": "Point", "coordinates": [ 49.9830723, 40.367995 ] } },
{ "type": "Feature", "properties": { "element": "node", "id": 6470000389, "name": null, "brand": null, "shop": "convenience", "operator": null, "addr:street": null, "addr:housenumber": null }, "geometry": { "type": "Point", "coordinates": [ 49.9654739, 40.3825022 ] } },
{ "type": "Feature", "properties": { "element": "node", "id": 6470000390, "name": null, "brand": null, "shop": "supermarket", "operator": null, "addr:street": null, "addr:housenumber": null }, "geometry": { "type": "Point", "coordinates": [ 49.9671654, 40.3821661 ] } },
{ "type": "Feature", "properties": { "element": "node", "id": 6470000391, "name": null, "brand": null, "shop": "convenience", "operator": null, "addr:street": null, "addr:housenumber": null }, "geometry": { "type": "Point", "coordinates": [ 49.9566513, 40.3710114 ] } },
{ "type": "Feature", "properties": { "element": "node", "id": 6470000392, "name": null, "brand": null, "shop": "convenience", "operator": null, "addr:street": null, "addr:housenumber": null }, "geometry": { "type": "Point", "coordinates": [ 49.9877309, 40.3706369 ] } },
{ "type": "Feature", "properties": { "element": "node", "id": 6470000394, "name": "Araz", "brand": null, "shop": "supermarket", "operator": null, "addr:street": null, "addr:housenumber": null }, "geometry": { "type": "Point", "coordinates": [ 49.9545139, 40.3726601 ] } },
{ "type": "Feature", "properties": { "element": "node", "id": 6470000486, "name": null, "brand": null, "shop": "convenience", "operator": null, "addr:street": null, "addr:housenumber": null }, "geometry": { "type": "Point", "coordinates": [ 49.9665553, 40.3599258 ] } },
{ "type": "Feature", "properties": { "element": "node", "id": 6470000685, "name": null, "brand": null, "shop": "supermarket", "operator": null, "addr:street": null, "addr:housenumber": null }, "geometry": { "type": "Point", "coordinates": [ 49.9624204, 40.3543283 ] } },
{ "type": "Feature", "properties": { "element": "node", "id": 6470000686, "name": "Al Market 3038", "brand": null, "shop": "supermarket", "operator": null, "addr:street": null, "addr:housenumber": null }, "geometry": { "type": "Point", "coordinates": [ 49.9519342, 40.3640582 ] } },
{ "type": "Feature", "properties": { "element": "node", "id": 6470000687, "name": null, "brand": null, "shop": "convenience", "operator": null, "addr:street": null, "addr:housenumber": null }, "geometry": { "type": "Point", "coordinates": [ 49.9554998, 40.3676518 ] } },
{ "type": "Feature", "properties": { "element": "node", "id": 6470000688, "name": null, "brand": null, "shop": "convenience", "operator": null, "addr:street": null, "addr:housenumber": null }, "geometry": { "type": "Point", "coordinates": [ 49.98294, 40.3641917 ] } },
{ "type": "Feature", "properties": { "element": "node", "id": 6470001085, "name": null, "brand": null, "shop": "convenience", "operator": null, "addr:street": null, "addr:housenumber": null }, "geometry": { "type": "Point", "coordinates": [ 49.9722251, 40.3412454 ] } },
{ "type": "Feature", "properties": { "element": "node", "id": 6470001086, "name": null, "brand": null, "shop": "convenience", "operator": null, "addr:street": null, "addr:housenumber": null }, "geometry": { "type": "Point", "coordinates": [ 49.9817096, 40.3610812 ] } },
{ "type": "Feature", "properties": { "element": "node", "id": 6473013885, "name": null, "brand": null, "shop": "supermarket", "operator": null, "addr:street": null, "addr:housenumber": null }, "geometry": { "type": "Point", "coordinates": [ 49.821092, 40.3681703 ] } },
{ "type": "Feature", "properties": { "element": "node", "id": 6473013985, "name": "Nar Market (Ayna Sultanova)", "brand": null, "shop": "supermarket", "operator": null, "addr:street": null, "addr:housenumber": null }, "geometry": { "type": "Point", "coordinates": [ 49.8467286, 40.4137331 ] } },
{ "type": "Feature", "properties": { "element": "node", "id": 6474541285, "name": "Grandmart", "brand": null, "shop": "supermarket", "operator": null, "addr:street": null, "addr:housenumber": null }, "geometry": { "type": "Point", "coordinates": [ 49.8312328, 40.3780422 ] } },
{ "type": "Feature", "properties": { "element": "node", "id": 6474961289, "name": "Halal Market", "brand": null, "shop": "supermarket", "operator": null, "addr:street": null, "addr:housenumber": null }, "geometry": { "type": "Point", "coordinates": [ 49.8386835, 40.4186485 ] } },
{ "type": "Feature", "properties": { "element": "node", "id": 6475034287, "name": null, "brand": null, "shop": "convenience", "operator": null, "addr:street": null, "addr:housenumber": null }, "geometry": { "type": "Point", "coordinates": [ 49.9685161, 40.3422816 ] } },
{ "type": "Feature", "properties": { "element": "node", "id": 6475034288, "name": null, "brand": null, "shop": "convenience", "operator": null, "addr:street": null, "addr:housenumber": null }, "geometry": { "type": "Point", "coordinates": [ 49.9789295, 40.3617233 ] } },
{ "type": "Feature", "properties": { "element": "node", "id": 6475034386, "name": null, "brand": null, "shop": "convenience", "operator": null, "addr:street": null, "addr:housenumber": null }, "geometry": { "type": "Point", "coordinates": [ 49.9960919, 40.3755162 ] } },
{ "type": "Feature", "properties": { "element": "node", "id": 6475034387, "name": null, "brand": null, "shop": "convenience", "operator": null, "addr:street": null, "addr:housenumber": null }, "geometry": { "type": "Point", "coordinates": [ 49.9688319, 40.3559102 ] } },
{ "type": "Feature", "properties": { "element": "node", "id": 6475062885, "name": null, "brand": null, "shop": "convenience", "operator": null, "addr:street": null, "addr:housenumber": null }, "geometry": { "type": "Point", "coordinates": [ 49.9904762, 40.3740188 ] } },
{ "type": "Feature", "properties": { "element": "node", "id": 6475782985, "name": null, "brand": null, "shop": "convenience", "operator": null, "addr:street": null, "addr:housenumber": null }, "geometry": { "type": "Point", "coordinates": [ 49.8075487, 40.4084953 ] } },
{ "type": "Feature", "properties": { "element": "node", "id": 6481998685, "name": null, "brand": null, "shop": "convenience", "operator": null, "addr:street": null, "addr:housenumber": null }, "geometry": { "type": "Point", "coordinates": [ 49.9771551, 40.3603432 ] } },
{ "type": "Feature", "properties": { "element": "node", "id": 6487857387, "name": "Al Market 3408", "brand": null, "shop": "convenience", "operator": null, "addr:street": null, "addr:housenumber": null }, "geometry": { "type": "Point", "coordinates": [ 49.9713369, 40.3553184 ] } },
{ "type": "Feature", "properties": { "element": "node", "id": 6487857388, "name": null, "brand": null, "shop": "convenience", "operator": null, "addr:street": null, "addr:housenumber": null }, "geometry": { "type": "Point", "coordinates": [ 49.9633829, 40.3561867 ] } },
{ "type": "Feature", "properties": { "element": "node", "id": 6487857389, "name": null, "brand": null, "shop": "convenience", "operator": null, "addr:street": null, "addr:housenumber": null }, "geometry": { "type": "Point", "coordinates": [ 49.9688612, 40.3675522 ] } },
{ "type": "Feature", "properties": { "element": "node", "id": 6505450586, "name": "Emil Market", "brand": null, "shop": "convenience", "operator": null, "addr:street": null, "addr:housenumber": null }, "geometry": { "type": "Point", "coordinates": [ 49.9678778, 40.3716648 ] } },
{ "type": "Feature", "properties": { "element": "node", "id": 6505450587, "name": null, "brand": null, "shop": "convenience", "operator": null, "addr:street": null, "addr:housenumber": null }, "geometry": { "type": "Point", "coordinates": [ 49.9758909, 40.3437272 ] } },
{ "type": "Feature", "properties": { "element": "node", "id": 6505450588, "name": null, "brand": null, "shop": "convenience", "operator": null, "addr:street": null, "addr:housenumber": null }, "geometry": { "type": "Point", "coordinates": [ 49.9825129, 40.3432902 ] } },
{ "type": "Feature", "properties": { "element": "node", "id": 6505470985, "name": null, "brand": null, "shop": "convenience", "operator": null, "addr:street": null, "addr:housenumber": null }, "geometry": { "type": "Point", "coordinates": [ 49.9774689, 40.3449411 ] } },
{ "type": "Feature", "properties": { "element": "node", "id": 6514712185, "name": null, "brand": null, "shop": "convenience", "operator": null, "addr:street": null, "addr:housenumber": null }, "geometry": { "type": "Point", "coordinates": [ 49.9694412, 40.3571532 ] } },
{ "type": "Feature", "properties": { "element": "node", "id": 6516336087, "name": null, "brand": null, "shop": "convenience", "operator": null, "addr:street": null, "addr:housenumber": null }, "geometry": { "type": "Point", "coordinates": [ 49.991784, 40.3741216 ] } },
{ "type": "Feature", "properties": { "element": "node", "id": 6517694985, "name": null, "brand": null, "shop": "convenience", "operator": null, "addr:street": null, "addr:housenumber": null }, "geometry": { "type": "Point", "coordinates": [ 49.9557624, 40.3705285 ] } },
{ "type": "Feature", "properties": { "element": "node", "id": 6517890285, "name": null, "brand": null, "shop": "supermarket", "operator": null, "addr:street": null, "addr:housenumber": null }, "geometry": { "type": "Point", "coordinates": [ 49.9486675, 40.3690682 ] } },
{ "type": "Feature", "properties": { "element": "node", "id": 6520238886, "name": null, "brand": null, "shop": "convenience", "operator": null, "addr:street": null, "addr:housenumber": null }, "geometry": { "type": "Point", "coordinates": [ 49.9465803, 40.3639826 ] } },
{ "type": "Feature", "properties": { "element": "node", "id": 6521061485, "name": null, "brand": null, "shop": "convenience", "operator": null, "addr:street": null, "addr:housenumber": null }, "geometry": { "type": "Point", "coordinates": [ 49.9773338, 40.3580643 ] } },
{ "type": "Feature", "properties": { "element": "node", "id": 6524009085, "name": "Elnarə Market", "brand": null, "shop": "convenience", "operator": null, "addr:street": null, "addr:housenumber": null }, "geometry": { "type": "Point", "coordinates": [ 49.9676263, 40.3728898 ] } },
{ "type": "Feature", "properties": { "element": "node", "id": 6543114185, "name": null, "brand": null, "shop": "convenience", "operator": null, "addr:street": null, "addr:housenumber": null }, "geometry": { "type": "Point", "coordinates": [ 49.9775235, 40.341924 ] } },
{ "type": "Feature", "properties": { "element": "node", "id": 6543114285, "name": null, "brand": null, "shop": "convenience", "operator": null, "addr:street": null, "addr:housenumber": null }, "geometry": { "type": "Point", "coordinates": [ 49.9699254, 40.362903 ] } },
{ "type": "Feature", "properties": { "element": "node", "id": 6545620085, "name": null, "brand": null, "shop": "convenience", "operator": null, "addr:street": null, "addr:housenumber": null }, "geometry": { "type": "Point", "coordinates": [ 49.9445126, 40.3664215 ] } },
{ "type": "Feature", "properties": { "element": "node", "id": 6549011585, "name": "Araz", "brand": null, "shop": "supermarket", "operator": null, "addr:street": null, "addr:housenumber": null }, "geometry": { "type": "Point", "coordinates": [ 49.9656822, 40.3862246 ] } },
{ "type": "Feature", "properties": { "element": "node", "id": 6549018086, "name": null, "brand": null, "shop": "convenience", "operator": null, "addr:street": null, "addr:housenumber": null }, "geometry": { "type": "Point", "coordinates": [ 49.9578662, 40.390782 ] } },
{ "type": "Feature", "properties": { "element": "node", "id": 6550653085, "name": null, "brand": null, "shop": "convenience", "operator": null, "addr:street": null, "addr:housenumber": null }, "geometry": { "type": "Point", "coordinates": [ 49.9630115, 40.3864133 ] } },
{ "type": "Feature", "properties": { "element": "node", "id": 6550653086, "name": null, "brand": null, "shop": "convenience", "operator": null, "addr:street": null, "addr:housenumber": null }, "geometry": { "type": "Point", "coordinates": [ 49.9562764, 40.3631694 ] } },
{ "type": "Feature", "properties": { "element": "node", "id": 6553520486, "name": null, "brand": null, "shop": "supermarket", "operator": null, "addr:street": "Sarayevo küç. 23-25", "addr:housenumber": null }, "geometry": { "type": "Point", "coordinates": [ 49.9603697, 40.3861483 ] } },
{ "type": "Feature", "properties": { "element": "node", "id": 6559346686, "name": null, "brand": null, "shop": "convenience", "operator": null, "addr:street": null, "addr:housenumber": null }, "geometry": { "type": "Point", "coordinates": [ 49.9638587, 40.3695669 ] } },
{ "type": "Feature", "properties": { "element": "node", "id": 6564843385, "name": null, "brand": null, "shop": "convenience", "operator": null, "addr:street": null, "addr:housenumber": null }, "geometry": { "type": "Point", "coordinates": [ 49.9402614, 40.3666685 ] } },
{ "type": "Feature", "properties": { "element": "node", "id": 6564843386, "name": null, "brand": null, "shop": "convenience", "operator": null, "addr:street": null, "addr:housenumber": null }, "geometry": { "type": "Point", "coordinates": [ 49.9647166, 40.3681072 ] } },
{ "type": "Feature", "properties": { "element": "node", "id": 6564843485, "name": null, "brand": null, "shop": "convenience", "operator": null, "addr:street": null, "addr:housenumber": null }, "geometry": { "type": "Point", "coordinates": [ 49.9630952, 40.3670539 ] } },
{ "type": "Feature", "properties": { "element": "node", "id": 6564843585, "name": "Qәbәlә Market / Zığ", "brand": null, "shop": "convenience", "operator": null, "addr:street": null, "addr:housenumber": null }, "geometry": { "type": "Point", "coordinates": [ 49.9823086, 40.3433766 ] } },
{ "type": "Feature", "properties": { "element": "node", "id": 6589707985, "name": "Araz Minimarket", "brand": null, "shop": "supermarket", "operator": null, "addr:street": null, "addr:housenumber": null }, "geometry": { "type": "Point", "coordinates": [ 49.9648291, 40.3844066 ] } },
{ "type": "Feature", "properties": { "element": "node", "id": 6594651087, "name": "AL Marekt", "brand": null, "shop": "convenience", "operator": null, "addr:street": "Məmmədəli Şərifli küç.", "addr:housenumber": null }, "geometry": { "type": "Point", "coordinates": [ 49.9294955, 40.4234817 ] } },
{ "type": "Feature", "properties": { "element": "node", "id": 6595001785, "name": null, "brand": null, "shop": "convenience", "operator": null, "addr:street": null, "addr:housenumber": null }, "geometry": { "type": "Point", "coordinates": [ 49.9504691, 40.3740364 ] } },
{ "type": "Feature", "properties": { "element": "node", "id": 6595001885, "name": null, "brand": null, "shop": "convenience", "operator": null, "addr:street": null, "addr:housenumber": null }, "geometry": { "type": "Point", "coordinates": [ 49.9620143, 40.3837753 ] } },
{ "type": "Feature", "properties": { "element": "node", "id": 6595730885, "name": "Araz Market \\ Gəncə Prosp. Günəşli", "brand": null, "shop": "convenience", "operator": null, "addr:street": null, "addr:housenumber": null }, "geometry": { "type": "Point", "coordinates": [ 49.960595, 40.3630509 ] } },
{ "type": "Feature", "properties": { "element": "node", "id": 6595730985, "name": "Araz Market \\ Gəncə Prosp. Günəşli", "brand": null, "shop": "convenience", "operator": null, "addr:street": null, "addr:housenumber": null }, "geometry": { "type": "Point", "coordinates": [ 49.9605357, 40.3634968 ] } },
{ "type": "Feature", "properties": { "element": "node", "id": 6595731085, "name": "Araz Market (H.Aslanov)", "brand": null, "shop": "convenience", "operator": null, "addr:street": "Qədir Məmmədov küçəsi", "addr:housenumber": "7A" }, "geometry": { "type": "Point", "coordinates": [ 49.9482321, 40.3701968 ] } },
{ "type": "Feature", "properties": { "element": "node", "id": 6612859286, "name": "Sevimli Market \\ Koroğlu", "brand": null, "shop": "supermarket", "operator": null, "addr:street": "Bəkir Çobanzadə küçəsi", "addr:housenumber": "2" }, "geometry": { "type": "Point", "coordinates": [ 49.9310072, 40.411613 ] } },
{ "type": "Feature", "properties": { "element": "node", "id": 6638143985, "name": null, "brand": null, "shop": "convenience", "operator": null, "addr:street": null, "addr:housenumber": null }, "geometry": { "type": "Point", "coordinates": [ 49.952686, 40.3696762 ] } },
{ "type": "Feature", "properties": { "element": "node", "id": 6638143986, "name": null, "brand": null, "shop": "convenience", "operator": null, "addr:street": null, "addr:housenumber": null }, "geometry": { "type": "Point", "coordinates": [ 49.9573609, 40.371202 ] } },
{ "type": "Feature", "properties": { "element": "node", "id": 6646404585, "name": null, "brand": null, "shop": "convenience", "operator": null, "addr:street": null, "addr:housenumber": null }, "geometry": { "type": "Point", "coordinates": [ 49.9302931, 40.3753703 ] } },
{ "type": "Feature", "properties": { "element": "node", "id": 6646416885, "name": null, "brand": null, "shop": "convenience", "operator": null, "addr:street": null, "addr:housenumber": null }, "geometry": { "type": "Point", "coordinates": [ 49.9270084, 40.3812901 ] } },
{ "type": "Feature", "properties": { "element": "node", "id": 6653042185, "name": null, "brand": null, "shop": "convenience", "operator": null, "addr:street": null, "addr:housenumber": null }, "geometry": { "type": "Point", "coordinates": [ 49.9226914, 40.379048 ] } },
{ "type": "Feature", "properties": { "element": "node", "id": 6653042285, "name": null, "brand": null, "shop": "convenience", "operator": null, "addr:street": null, "addr:housenumber": null }, "geometry": { "type": "Point", "coordinates": [ 49.9202182, 40.3766779 ] } },
{ "type": "Feature", "properties": { "element": "node", "id": 6690086985, "name": null, "brand": null, "shop": "convenience", "operator": null, "addr:street": null, "addr:housenumber": null }, "geometry": { "type": "Point", "coordinates": [ 49.9705383, 40.3617857 ] } },
{ "type": "Feature", "properties": { "element": "node", "id": 6696312086, "name": "Grandmart Nargile \\ Nobel \\ 8 Noyabr pr.", "brand": null, "shop": "supermarket", "operator": null, "addr:street": null, "addr:housenumber": null }, "geometry": { "type": "Point", "coordinates": [ 49.9452093, 40.365479 ] } },
{ "type": "Feature", "properties": { "element": "node", "id": 6698598385, "name": null, "brand": null, "shop": "convenience", "operator": null, "addr:street": null, "addr:housenumber": null }, "geometry": { "type": "Point", "coordinates": [ 49.9592276, 40.3771042 ] } },
{ "type": "Feature", "properties": { "element": "node", "id": 6698602186, "name": null, "brand": null, "shop": "convenience", "operator": null, "addr:street": null, "addr:housenumber": null }, "geometry": { "type": "Point", "coordinates": [ 49.9621935, 40.3727521 ] } },
{ "type": "Feature", "properties": { "element": "node", "id": 6698676590, "name": null, "brand": null, "shop": "convenience", "operator": null, "addr:street": null, "addr:housenumber": null }, "geometry": { "type": "Point", "coordinates": [ 49.9631799, 40.394355 ] } },
{ "type": "Feature", "properties": { "element": "node", "id": 6698682985, "name": null, "brand": null, "shop": "convenience", "operator": null, "addr:street": null, "addr:housenumber": null }, "geometry": { "type": "Point", "coordinates": [ 49.9585233, 40.3923303 ] } },
{ "type": "Feature", "properties": { "element": "node", "id": 6698682986, "name": null, "brand": null, "shop": "convenience", "operator": null, "addr:street": null, "addr:housenumber": null }, "geometry": { "type": "Point", "coordinates": [ 49.9589129, 40.3909361 ] } },
{ "type": "Feature", "properties": { "element": "node", "id": 6726234886, "name": null, "brand": null, "shop": "convenience", "operator": null, "addr:street": null, "addr:housenumber": null }, "geometry": { "type": "Point", "coordinates": [ 49.9501547, 40.3650642 ] } },
{ "type": "Feature", "properties": { "element": "node", "id": 6726234887, "name": "Araz", "brand": null, "shop": "convenience", "operator": null, "addr:street": null, "addr:housenumber": null }, "geometry": { "type": "Point", "coordinates": [ 49.9582541, 40.3901244 ] } },
{ "type": "Feature", "properties": { "element": "node", "id": 6726238086, "name": null, "brand": null, "shop": "convenience", "operator": null, "addr:street": null, "addr:housenumber": null }, "geometry": { "type": "Point", "coordinates": [ 49.9614788, 40.3922236 ] } },
{ "type": "Feature", "properties": { "element": "node", "id": 6726268185, "name": null, "brand": null, "shop": "convenience", "operator": null, "addr:street": null, "addr:housenumber": null }, "geometry": { "type": "Point", "coordinates": [ 49.9552392, 40.3660011 ] } },
{ "type": "Feature", "properties": { "element": "node", "id": 6726268285, "name": "Nur Market \\ Bənövşə", "brand": null, "shop": "convenience", "operator": null, "addr:street": null, "addr:housenumber": null }, "geometry": { "type": "Point", "coordinates": [ 49.9615173, 40.3488187 ] } },
{ "type": "Feature", "properties": { "element": "node", "id": 6738709585, "name": null, "brand": null, "shop": "convenience", "operator": null, "addr:street": null, "addr:housenumber": null }, "geometry": { "type": "Point", "coordinates": [ 49.9613479, 40.3595847 ] } },
{ "type": "Feature", "properties": { "element": "node", "id": 6751197234, "name": "Bravo", "brand": null, "shop": "supermarket", "operator": "Bravo", "addr:street": null, "addr:housenumber": null }, "geometry": { "type": "Point", "coordinates": [ 49.79252, 40.398993 ] } },
{ "type": "Feature", "properties": { "element": "node", "id": 6767582185, "name": "Bravo", "brand": null, "shop": "supermarket", "operator": null, "addr:street": "Bəhruz Nuriyev küçəsi", "addr:housenumber": null }, "geometry": { "type": "Point", "coordinates": [ 49.9551796, 40.4026178 ] } },
{ "type": "Feature", "properties": { "element": "node", "id": 6778872885, "name": "Mәhәllә Market", "brand": null, "shop": "convenience", "operator": null, "addr:street": null, "addr:housenumber": null }, "geometry": { "type": "Point", "coordinates": [ 49.9528225, 40.3716976 ] } },
{ "type": "Feature", "properties": { "element": "node", "id": 6778942002, "name": "Üzüm market", "brand": null, "shop": "convenience", "operator": null, "addr:street": null, "addr:housenumber": null }, "geometry": { "type": "Point", "coordinates": [ 49.9608878, 40.3618221 ] } },
{ "type": "Feature", "properties": { "element": "node", "id": 6780114585, "name": "Belaruski", "brand": null, "shop": "supermarket", "operator": null, "addr:street": null, "addr:housenumber": null }, "geometry": { "type": "Point", "coordinates": [ 49.8231801, 40.3811537 ] } },
{ "type": "Feature", "properties": { "element": "node", "id": 6795726586, "name": "Araz", "brand": null, "shop": "convenience", "operator": null, "addr:street": null, "addr:housenumber": null }, "geometry": { "type": "Point", "coordinates": [ 49.9526121, 40.3946505 ] } },
{ "type": "Feature", "properties": { "element": "node", "id": 6801823587, "name": null, "brand": null, "shop": "convenience", "operator": null, "addr:street": null, "addr:housenumber": null }, "geometry": { "type": "Point", "coordinates": [ 49.9503687, 40.3857279 ] } },
{ "type": "Feature", "properties": { "element": "node", "id": 6801832385, "name": null, "brand": null, "shop": "convenience", "operator": null, "addr:street": null, "addr:housenumber": null }, "geometry": { "type": "Point", "coordinates": [ 49.9520737, 40.3714944 ] } },
{ "type": "Feature", "properties": { "element": "node", "id": 6801832585, "name": null, "brand": null, "shop": "convenience", "operator": null, "addr:street": null, "addr:housenumber": null }, "geometry": { "type": "Point", "coordinates": [ 49.9550807, 40.3761946 ] } },
{ "type": "Feature", "properties": { "element": "node", "id": 6804657185, "name": "AL Market 3034", "brand": null, "shop": "convenience", "operator": null, "addr:street": null, "addr:housenumber": null }, "geometry": { "type": "Point", "coordinates": [ 49.9601037, 40.4326695 ] } },
{ "type": "Feature", "properties": { "element": "node", "id": 6811980885, "name": null, "brand": null, "shop": "convenience", "operator": null, "addr:street": null, "addr:housenumber": null }, "geometry": { "type": "Point", "coordinates": [ 49.8011446, 40.3862937 ] } },
{ "type": "Feature", "properties": { "element": "node", "id": 6811980985, "name": "Araz", "brand": null, "shop": "supermarket", "operator": null, "addr:street": null, "addr:housenumber": null }, "geometry": { "type": "Point", "coordinates": [ 49.7878714, 40.3872841 ] } },
{ "type": "Feature", "properties": { "element": "node", "id": 6811981085, "name": "Bravo", "brand": null, "shop": "supermarket", "operator": null, "addr:street": null, "addr:housenumber": null }, "geometry": { "type": "Point", "coordinates": [ 49.7878071, 40.3880897 ] } },
{ "type": "Feature", "properties": { "element": "node", "id": 6812292486, "name": "Rahat market", "brand": null, "shop": "convenience", "operator": null, "addr:street": null, "addr:housenumber": null }, "geometry": { "type": "Point", "coordinates": [ 49.7971097, 40.4010043 ] } },
{ "type": "Feature", "properties": { "element": "node", "id": 6812292487, "name": null, "brand": null, "shop": "convenience", "operator": null, "addr:street": null, "addr:housenumber": null }, "geometry": { "type": "Point", "coordinates": [ 49.8010854, 40.3998066 ] } },
{ "type": "Feature", "properties": { "element": "node", "id": 6812297385, "name": null, "brand": null, "shop": "convenience", "operator": null, "addr:street": null, "addr:housenumber": null }, "geometry": { "type": "Point", "coordinates": [ 49.7889015, 40.3910199 ] } },
{ "type": "Feature", "properties": { "element": "node", "id": 6812297386, "name": null, "brand": null, "shop": "convenience", "operator": null, "addr:street": null, "addr:housenumber": null }, "geometry": { "type": "Point", "coordinates": [ 49.8025117, 40.4054714 ] } },
{ "type": "Feature", "properties": { "element": "node", "id": 6812297387, "name": null, "brand": null, "shop": "convenience", "operator": null, "addr:street": null, "addr:housenumber": null }, "geometry": { "type": "Point", "coordinates": [ 49.8054887, 40.3740635 ] } },
{ "type": "Feature", "properties": { "element": "node", "id": 6817062090, "name": null, "brand": null, "shop": "convenience", "operator": null, "addr:street": null, "addr:housenumber": null }, "geometry": { "type": "Point", "coordinates": [ 49.9549639, 40.3637418 ] } },
{ "type": "Feature", "properties": { "element": "node", "id": 6817099985, "name": null, "brand": null, "shop": "convenience", "operator": null, "addr:street": null, "addr:housenumber": null }, "geometry": { "type": "Point", "coordinates": [ 49.948229, 40.3639412 ] } },
{ "type": "Feature", "properties": { "element": "node", "id": 6817130285, "name": null, "brand": null, "shop": "convenience", "operator": null, "addr:street": null, "addr:housenumber": null }, "geometry": { "type": "Point", "coordinates": [ 49.9471731, 40.3638518 ] } },
{ "type": "Feature", "properties": { "element": "node", "id": 6817199485, "name": null, "brand": null, "shop": "convenience", "operator": null, "addr:street": null, "addr:housenumber": null }, "geometry": { "type": "Point", "coordinates": [ 49.9530421, 40.3918612 ] } },
{ "type": "Feature", "properties": { "element": "node", "id": 6817216285, "name": null, "brand": null, "shop": "convenience", "operator": null, "addr:street": null, "addr:housenumber": null }, "geometry": { "type": "Point", "coordinates": [ 49.95244, 40.3944216 ] } },
{ "type": "Feature", "properties": { "element": "node", "id": 6874833488, "name": null, "brand": null, "shop": "convenience", "operator": null, "addr:street": null, "addr:housenumber": null }, "geometry": { "type": "Point", "coordinates": [ 49.9420716, 40.3678145 ] } },
{ "type": "Feature", "properties": { "element": "node", "id": 6889332087, "name": null, "brand": null, "shop": "convenience", "operator": null, "addr:street": null, "addr:housenumber": null }, "geometry": { "type": "Point", "coordinates": [ 49.9526705, 40.3946621 ] } },
{ "type": "Feature", "properties": { "element": "node", "id": 6997802485, "name": "Bravo", "brand": null, "shop": "supermarket", "operator": "Azerbaijan Supermarket LLC", "addr:street": "Xaqani küçəsi", "addr:housenumber": null }, "geometry": { "type": "Point", "coordinates": [ 49.8442629, 40.3733002 ] } },
{ "type": "Feature", "properties": { "element": "node", "id": 7257443787, "name": null, "brand": null, "shop": "supermarket", "operator": null, "addr:street": null, "addr:housenumber": null }, "geometry": { "type": "Point", "coordinates": [ 49.7866979, 40.3929991 ] } },
{ "type": "Feature", "properties": { "element": "node", "id": 7257443887, "name": "Can market", "brand": null, "shop": "supermarket", "operator": null, "addr:street": null, "addr:housenumber": null }, "geometry": { "type": "Point", "coordinates": [ 49.9550094, 40.4303011 ] } },
{ "type": "Feature", "properties": { "element": "node", "id": 7257443888, "name": "Araz", "brand": null, "shop": "supermarket", "operator": null, "addr:street": null, "addr:housenumber": null }, "geometry": { "type": "Point", "coordinates": [ 49.81828, 40.3301113 ] } },
{ "type": "Feature", "properties": { "element": "node", "id": 7257443986, "name": null, "brand": null, "shop": "supermarket", "operator": null, "addr:street": "Ağa Nemətulla küçəsi", "addr:housenumber": "68" }, "geometry": { "type": "Point", "coordinates": [ 49.8683538, 40.407062 ] } },
{ "type": "Feature", "properties": { "element": "node", "id": 7618958031, "name": "Bravo", "brand": null, "shop": "supermarket", "operator": null, "addr:street": "Dənizkənarı küçəsi", "addr:housenumber": null }, "geometry": { "type": "Point", "coordinates": [ 49.8378537, 40.3585293 ] } },
{ "type": "Feature", "properties": { "element": "node", "id": 7653490885, "name": null, "brand": null, "shop": "supermarket", "operator": null, "addr:street": "Yusif Vəzir Çəmənzəminli", "addr:housenumber": "68" }, "geometry": { "type": "Point", "coordinates": [ 49.8357897, 40.4022453 ] } },
{ "type": "Feature", "properties": { "element": "node", "id": 7676394685, "name": "AL market", "brand": null, "shop": "supermarket", "operator": null, "addr:street": "Yusif Eyvazov küçəsi", "addr:housenumber": null }, "geometry": { "type": "Point", "coordinates": [ 49.9829292, 40.403042 ] } },
{ "type": "Feature", "properties": { "element": "node", "id": 7689032185, "name": "Oba market", "brand": null, "shop": "convenience", "operator": null, "addr:street": null, "addr:housenumber": null }, "geometry": { "type": "Point", "coordinates": [ 49.9557203, 40.4017082 ] } },
{ "type": "Feature", "properties": { "element": "node", "id": 7916721985, "name": null, "brand": null, "shop": "supermarket", "operator": null, "addr:street": null, "addr:housenumber": null }, "geometry": { "type": "Point", "coordinates": [ 49.9430984, 40.4067547 ] } },
{ "type": "Feature", "properties": { "element": "node", "id": 7929331385, "name": null, "brand": null, "shop": "supermarket", "operator": null, "addr:street": "Xanlar küçəsi", "addr:housenumber": null }, "geometry": { "type": "Point", "coordinates": [ 49.9825064, 40.3760489 ] } },
{ "type": "Feature", "properties": { "element": "node", "id": 7932120187, "name": null, "brand": null, "shop": "convenience", "operator": null, "addr:street": "Xanlar küçəsi", "addr:housenumber": null }, "geometry": { "type": "Point", "coordinates": [ 49.983052, 40.3754212 ] } },
{ "type": "Feature", "properties": { "element": "node", "id": 7932161585, "name": "Bolluq market \\ 7 mikr", "brand": null, "shop": "convenience", "operator": null, "addr:street": "Mikrorayon 7", "addr:housenumber": null }, "geometry": { "type": "Point", "coordinates": [ 49.8482095, 40.4317776 ] } },
{ "type": "Feature", "properties": { "element": "node", "id": 7944396287, "name": "Oba Market", "brand": "Oba Market", "shop": "convenience", "operator": null, "addr:street": null, "addr:housenumber": null }, "geometry": { "type": "Point", "coordinates": [ 49.8695154, 40.3810929 ] } },
{ "type": "Feature", "properties": { "element": "node", "id": 8039730562, "name": "Aynur market", "brand": null, "shop": "supermarket", "operator": null, "addr:street": "Azadlıq", "addr:housenumber": null }, "geometry": { "type": "Point", "coordinates": [ 49.8376123, 40.4201022 ] } },
{ "type": "Feature", "properties": { "element": "node", "id": 8102058317, "name": null, "brand": null, "shop": "supermarket", "operator": null, "addr:street": null, "addr:housenumber": null }, "geometry": { "type": "Point", "coordinates": [ 49.8613777, 40.41086 ] } },
{ "type": "Feature", "properties": { "element": "node", "id": 8454096683, "name": null, "brand": null, "shop": "convenience", "operator": null, "addr:street": null, "addr:housenumber": null }, "geometry": { "type": "Point", "coordinates": [ 49.8720438, 40.4005225 ] } },
{ "type": "Feature", "properties": { "element": "node", "id": 8474692117, "name": null, "brand": null, "shop": "supermarket", "operator": null, "addr:street": "Sarayevo", "addr:housenumber": null }, "geometry": { "type": "Point", "coordinates": [ 49.9571124, 40.3874751 ] } },
{ "type": "Feature", "properties": { "element": "node", "id": 8515983717, "name": "Oba Market", "brand": "Oba Market", "shop": "convenience", "operator": null, "addr:street": null, "addr:housenumber": null }, "geometry": { "type": "Point", "coordinates": [ 49.7930244, 40.3997818 ] } },
{ "type": "Feature", "properties": { "element": "node", "id": 8591427180, "name": "Rahat Supermarket", "brand": null, "shop": "supermarket", "operator": null, "addr:street": null, "addr:housenumber": null }, "geometry": { "type": "Point", "coordinates": [ 49.9355129, 40.4169771 ] } },
{ "type": "Feature", "properties": { "element": "node", "id": 8598765525, "name": "Bravo", "brand": null, "shop": "supermarket", "operator": null, "addr:street": null, "addr:housenumber": null }, "geometry": { "type": "Point", "coordinates": [ 49.8100915, 40.3933242 ] } },
{ "type": "Feature", "properties": { "element": "node", "id": 8598921799, "name": "Rahat Supermarket", "brand": null, "shop": "supermarket", "operator": null, "addr:street": null, "addr:housenumber": null }, "geometry": { "type": "Point", "coordinates": [ 49.8197867, 40.3960548 ] } },
{ "type": "Feature", "properties": { "element": "node", "id": 8648302525, "name": "AL mart", "brand": null, "shop": "supermarket", "operator": null, "addr:street": null, "addr:housenumber": null }, "geometry": { "type": "Point", "coordinates": [ 49.8158781, 40.4089009 ] } },
{ "type": "Feature", "properties": { "element": "node", "id": 8833083617, "name": null, "brand": null, "shop": "convenience", "operator": null, "addr:street": null, "addr:housenumber": null }, "geometry": { "type": "Point", "coordinates": [ 49.9356732, 40.4169112 ] } },
{ "type": "Feature", "properties": { "element": "node", "id": 8833083717, "name": null, "brand": null, "shop": "convenience", "operator": null, "addr:street": null, "addr:housenumber": null }, "geometry": { "type": "Point", "coordinates": [ 49.9355665, 40.4169361 ] } },
{ "type": "Feature", "properties": { "element": "node", "id": 8853945928, "name": "Al market", "brand": null, "shop": "supermarket", "operator": null, "addr:street": null, "addr:housenumber": null }, "geometry": { "type": "Point", "coordinates": [ 49.8946198, 40.3923056 ] } },
{ "type": "Feature", "properties": { "element": "node", "id": 8853950778, "name": "Oba Market", "brand": "Oba Market", "shop": "convenience", "operator": null, "addr:street": null, "addr:housenumber": null }, "geometry": { "type": "Point", "coordinates": [ 49.8950932, 40.3942576 ] } },
{ "type": "Feature", "properties": { "element": "node", "id": 8853962473, "name": "Al market", "brand": null, "shop": "supermarket", "operator": null, "addr:street": null, "addr:housenumber": null }, "geometry": { "type": "Point", "coordinates": [ 49.8950731, 40.3954475 ] } },
{ "type": "Feature", "properties": { "element": "node", "id": 8853964657, "name": "Al market", "brand": null, "shop": "supermarket", "operator": null, "addr:street": null, "addr:housenumber": null }, "geometry": { "type": "Point", "coordinates": [ 49.8924217, 40.3973104 ] } },
{ "type": "Feature", "properties": { "element": "node", "id": 8899295163, "name": "Zığ Store Supermarket", "brand": null, "shop": "supermarket", "operator": null, "addr:street": null, "addr:housenumber": null }, "geometry": { "type": "Point", "coordinates": [ 49.987498, 40.3661557 ] } },
{ "type": "Feature", "properties": { "element": "node", "id": 9082015366, "name": "Bravo", "brand": null, "shop": "supermarket", "operator": null, "addr:street": "Sabit Orucov küçəsi", "addr:housenumber": "13" }, "geometry": { "type": "Point", "coordinates": [ 49.8665068, 40.3799634 ] } },
{ "type": "Feature", "properties": { "element": "node", "id": 9566097370, "name": "Mal.al", "brand": null, "shop": "supermarket", "operator": "Mal Al", "addr:street": "Fuad İbrahimbəyov küçəsi", "addr:housenumber": "18" }, "geometry": { "type": "Point", "coordinates": [ 49.8254973, 40.3814357 ] } },
{ "type": "Feature", "properties": { "element": "node", "id": 9645571855, "name": "Bazar Store", "brand": null, "shop": "supermarket", "operator": null, "addr:street": "Nazim Hikmət küç.", "addr:housenumber": "27" }, "geometry": { "type": "Point", "coordinates": [ 49.8070133, 40.3798901 ] } },
{ "type": "Feature", "properties": { "element": "node", "id": 9650847688, "name": "Tac İnşaat / Tacmetal MMC", "brand": null, "shop": "supermarket", "operator": "Tacinshaat (Tacmetalmmc)", "addr:street": "Narimanov", "addr:housenumber": "Muzaffar" }, "geometry": { "type": "Point", "coordinates": [ 49.8908091, 40.4335654 ] } },
{ "type": "Feature", "properties": { "element": "node", "id": 9687886217, "name": "Bravo", "brand": null, "shop": "supermarket", "operator": null, "addr:street": null, "addr:housenumber": null }, "geometry": { "type": "Point", "coordinates": [ 49.8762091, 40.4066069 ] } },
{ "type": "Feature", "properties": { "element": "node", "id": 9687914317, "name": "Bravo", "brand": null, "shop": "supermarket", "operator": null, "addr:street": null, "addr:housenumber": null }, "geometry": { "type": "Point", "coordinates": [ 49.8708503, 40.4112725 ] } },
{ "type": "Feature", "properties": { "element": "node", "id": 9687932617, "name": "Bravo Market \\ Sabit Rəhman küç.", "brand": null, "shop": "supermarket", "operator": null, "addr:street": "Sabit Rəhman", "addr:housenumber": "82B" }, "geometry": { "type": "Point", "coordinates": [ 49.833799, 40.3997632 ] } },
{ "type": "Feature", "properties": { "element": "node", "id": 9687936317, "name": "Bravo", "brand": null, "shop": "supermarket", "operator": null, "addr:street": null, "addr:housenumber": null }, "geometry": { "type": "Point", "coordinates": [ 49.8090606, 40.3807953 ] } },
{ "type": "Feature", "properties": { "element": "node", "id": 9687949717, "name": null, "brand": null, "shop": "supermarket", "operator": null, "addr:street": null, "addr:housenumber": null }, "geometry": { "type": "Point", "coordinates": [ 49.8677744, 40.4030964 ] } },
{ "type": "Feature", "properties": { "element": "node", "id": 9687955917, "name": "Bravo", "brand": null, "shop": "supermarket", "operator": null, "addr:street": null, "addr:housenumber": null }, "geometry": { "type": "Point", "coordinates": [ 49.8475514, 40.4084185 ] } },
{ "type": "Feature", "properties": { "element": "node", "id": 9687963917, "name": "Bravo", "brand": null, "shop": "supermarket", "operator": null, "addr:street": null, "addr:housenumber": null }, "geometry": { "type": "Point", "coordinates": [ 49.8578175, 40.4153834 ] } },
{ "type": "Feature", "properties": { "element": "node", "id": 9747227841, "name": "Bazar Store", "brand": null, "shop": "supermarket", "operator": null, "addr:street": null, "addr:housenumber": null }, "geometry": { "type": "Point", "coordinates": [ 49.8477924, 40.4183522 ] } },
{ "type": "Feature", "properties": { "element": "node", "id": 9749732246, "name": "Sevimli Dad Market", "brand": null, "shop": "convenience", "operator": null, "addr:street": "Azadlıq prospekti", "addr:housenumber": null }, "geometry": { "type": "Point", "coordinates": [ 49.8418324, 40.391005 ] } },
{ "type": "Feature", "properties": { "element": "node", "id": 9773493970, "name": "Spazio Market", "brand": null, "shop": "supermarket", "operator": null, "addr:street": null, "addr:housenumber": null }, "geometry": { "type": "Point", "coordinates": [ 49.8684159, 40.3883458 ] } },
{ "type": "Feature", "properties": { "element": "node", "id": 9797097187, "name": "Mir Market", "brand": null, "shop": "supermarket", "operator": null, "addr:street": null, "addr:housenumber": null }, "geometry": { "type": "Point", "coordinates": [ 49.9332637, 40.3695153 ] } },
{ "type": "Feature", "properties": { "element": "node", "id": 9797097188, "name": "Oba Market", "brand": null, "shop": "supermarket", "operator": null, "addr:street": null, "addr:housenumber": null }, "geometry": { "type": "Point", "coordinates": [ 49.93251, 40.3697298 ] } },
{ "type": "Feature", "properties": { "element": "node", "id": 9797204909, "name": "Rahat Supermarket / Nargilə", "brand": null, "shop": "supermarket", "operator": null, "addr:street": null, "addr:housenumber": null }, "geometry": { "type": "Point", "coordinates": [ 49.9400148, 40.3676802 ] } },
{ "type": "Feature", "properties": { "element": "node", "id": 9804299767, "name": "Bravo / Whitestone", "brand": null, "shop": "supermarket", "operator": null, "addr:street": null, "addr:housenumber": null }, "geometry": { "type": "Point", "coordinates": [ 49.8600689, 40.3927523 ] } },
{ "type": "Feature", "properties": { "element": "node", "id": 9823626659, "name": "Prime Maqazin", "brand": null, "shop": "supermarket", "operator": null, "addr:street": null, "addr:housenumber": null }, "geometry": { "type": "Point", "coordinates": [ 49.827138, 40.3626579 ] } },
{ "type": "Feature", "properties": { "element": "node", "id": 9828868614, "name": "Ruzim Market", "brand": null, "shop": "convenience", "operator": null, "addr:street": null, "addr:housenumber": null }, "geometry": { "type": "Point", "coordinates": [ 49.8201904, 40.3720165 ] } },
{ "type": "Feature", "properties": { "element": "node", "id": 9837455618, "name": "Bazarstore", "brand": null, "shop": "supermarket", "operator": null, "addr:street": null, "addr:housenumber": null }, "geometry": { "type": "Point", "coordinates": [ 49.84484, 40.3845708 ] } },
{ "type": "Feature", "properties": { "element": "node", "id": 9837455624, "name": "Araz", "brand": "Araz", "shop": "supermarket", "operator": null, "addr:street": null, "addr:housenumber": null }, "geometry": { "type": "Point", "coordinates": [ 49.8445192, 40.3852059 ] } },
{ "type": "Feature", "properties": { "element": "node", "id": 9852724920, "name": null, "brand": null, "shop": "supermarket", "operator": null, "addr:street": null, "addr:housenumber": null }, "geometry": { "type": "Point", "coordinates": [ 49.8451372, 40.3839655 ] } },
{ "type": "Feature", "properties": { "element": "node", "id": 9852740617, "name": null, "brand": null, "shop": "supermarket", "operator": null, "addr:street": null, "addr:housenumber": null }, "geometry": { "type": "Point", "coordinates": [ 49.844804, 40.3847297 ] } },
{ "type": "Feature", "properties": { "element": "node", "id": 9852740717, "name": null, "brand": null, "shop": "supermarket", "operator": null, "addr:street": null, "addr:housenumber": null }, "geometry": { "type": "Point", "coordinates": [ 49.8464263, 40.3858418 ] } },
{ "type": "Feature", "properties": { "element": "node", "id": 9862779577, "name": "Happy Market Keşlə", "brand": null, "shop": "supermarket", "operator": null, "addr:street": null, "addr:housenumber": null }, "geometry": { "type": "Point", "coordinates": [ 49.8897126, 40.3965784 ] } },
{ "type": "Feature", "properties": { "element": "node", "id": 9862844899, "name": "Rasim Market / Keşlə", "brand": null, "shop": "convenience", "operator": null, "addr:street": null, "addr:housenumber": null }, "geometry": { "type": "Point", "coordinates": [ 49.8986015, 40.3951199 ] } },
{ "type": "Feature", "properties": { "element": "node", "id": 9862844900, "name": "Bakı Mini Market / Keşlə", "brand": null, "shop": "convenience", "operator": null, "addr:street": null, "addr:housenumber": null }, "geometry": { "type": "Point", "coordinates": [ 49.8987785, 40.3958369 ] } },
{ "type": "Feature", "properties": { "element": "node", "id": 9895709181, "name": "Bravo", "brand": null, "shop": "supermarket", "operator": null, "addr:street": null, "addr:housenumber": null }, "geometry": { "type": "Point", "coordinates": [ 49.8182693, 40.3296904 ] } },
{ "type": "Feature", "properties": { "element": "node", "id": 9895886439, "name": "Oba market", "brand": null, "shop": "convenience", "operator": null, "addr:street": null, "addr:housenumber": null }, "geometry": { "type": "Point", "coordinates": [ 49.8181432, 40.3238555 ] } },
{ "type": "Feature", "properties": { "element": "node", "id": 9895886519, "name": "Baelarus Market 20-ci Sahə", "brand": null, "shop": "convenience", "operator": null, "addr:street": null, "addr:housenumber": null }, "geometry": { "type": "Point", "coordinates": [ 49.8187682, 40.3309009 ] } },
{ "type": "Feature", "properties": { "element": "node", "id": 9902466257, "name": "AL market", "brand": null, "shop": "convenience", "operator": null, "addr:street": null, "addr:housenumber": null }, "geometry": { "type": "Point", "coordinates": [ 49.8178502, 40.3549362 ] } },
{ "type": "Feature", "properties": { "element": "node", "id": 9902466258, "name": "Oba Market", "brand": "Oba Market", "shop": "convenience", "operator": null, "addr:street": null, "addr:housenumber": null }, "geometry": { "type": "Point", "coordinates": [ 49.8180333, 40.355019 ] } },
{ "type": "Feature", "properties": { "element": "node", "id": 9902466260, "name": "Bolmart / Badamdar", "brand": null, "shop": "supermarket", "operator": null, "addr:street": null, "addr:housenumber": null }, "geometry": { "type": "Point", "coordinates": [ 49.8169309, 40.3544691 ] } },
{ "type": "Feature", "properties": { "element": "node", "id": 9902608747, "name": "Dəniz Market", "brand": null, "shop": "convenience", "operator": null, "addr:street": null, "addr:housenumber": null }, "geometry": { "type": "Point", "coordinates": [ 49.8088521, 40.3392796 ] } },
{ "type": "Feature", "properties": { "element": "node", "id": 9902680761, "name": "AL market", "brand": null, "shop": "convenience", "operator": null, "addr:street": null, "addr:housenumber": null }, "geometry": { "type": "Point", "coordinates": [ 49.8102455, 40.3440706 ] } },
{ "type": "Feature", "properties": { "element": "node", "id": 9907827518, "name": null, "brand": null, "shop": "supermarket", "operator": null, "addr:street": null, "addr:housenumber": null }, "geometry": { "type": "Point", "coordinates": [ 49.9508371, 40.3890474 ] } },
{ "type": "Feature", "properties": { "element": "node", "id": 9913931718, "name": "Bravo market", "brand": null, "shop": "supermarket", "operator": null, "addr:street": null, "addr:housenumber": null }, "geometry": { "type": "Point", "coordinates": [ 49.8121636, 40.414379 ] } },
{ "type": "Feature", "properties": { "element": "node", "id": 9915322912, "name": "Ruzi Market", "brand": null, "shop": "convenience", "operator": null, "addr:street": null, "addr:housenumber": null }, "geometry": { "type": "Point", "coordinates": [ 49.8176149, 40.4153187 ] } },
{ "type": "Feature", "properties": { "element": "node", "id": 9915434736, "name": "Market", "brand": null, "shop": "convenience", "operator": null, "addr:street": null, "addr:housenumber": null }, "geometry": { "type": "Point", "coordinates": [ 49.8112419, 40.414366 ] } },
{ "type": "Feature", "properties": { "element": "node", "id": 9915435398, "name": "Oba Market", "brand": "Oba Market", "shop": "convenience", "operator": null, "addr:street": null, "addr:housenumber": null }, "geometry": { "type": "Point", "coordinates": [ 49.8099585, 40.4131683 ] } },
{ "type": "Feature", "properties": { "element": "node", "id": 9917858433, "name": "Bravo", "brand": null, "shop": "supermarket", "operator": null, "addr:street": null, "addr:housenumber": null }, "geometry": { "type": "Point", "coordinates": [ 49.9312144, 40.4111883 ] } },
{ "type": "Feature", "properties": { "element": "node", "id": 9917953332, "name": "Bolmart Ekspress Market", "brand": null, "shop": "supermarket", "operator": null, "addr:street": null, "addr:housenumber": null }, "geometry": { "type": "Point", "coordinates": [ 49.9400148, 40.4097669 ] } },
{ "type": "Feature", "properties": { "element": "node", "id": 9917953333, "name": "Oba Market", "brand": "Oba Market", "shop": "convenience", "operator": null, "addr:street": null, "addr:housenumber": null }, "geometry": { "type": "Point", "coordinates": [ 49.9398029, 40.4100304 ] } },
{ "type": "Feature", "properties": { "element": "node", "id": 9917953334, "name": "Bolmart", "brand": null, "shop": "supermarket", "operator": null, "addr:street": null, "addr:housenumber": null }, "geometry": { "type": "Point", "coordinates": [ 49.9401864, 40.4095637 ] } },
{ "type": "Feature", "properties": { "element": "node", "id": 9933714928, "name": "General Supply (Gsafety)", "brand": null, "shop": "supermarket", "operator": "Workwear", "addr:street": "Aşıq Molla Cümə küç.", "addr:housenumber": "46b" }, "geometry": { "type": "Point", "coordinates": [ 49.8566381, 40.4134085 ] } },
{ "type": "Feature", "properties": { "element": "node", "id": 9937803455, "name": "Arzu Market", "brand": null, "shop": "convenience", "operator": null, "addr:street": null, "addr:housenumber": null }, "geometry": { "type": "Point", "coordinates": [ 49.9044299, 40.4254398 ] } },
{ "type": "Feature", "properties": { "element": "node", "id": 9977846530, "name": "Grandmart / Həzi Aslanov Qəsəbəsi", "brand": null, "shop": "supermarket", "operator": "Grandmart MMC", "addr:street": "İlqar Abbasov küçəsi", "addr:housenumber": "7" }, "geometry": { "type": "Point", "coordinates": [ 49.9299721, 40.3754786 ] } },
{ "type": "Feature", "properties": { "element": "node", "id": 9992587218, "name": "Yaxın Supermarket \\ Hәzi Aslanov", "brand": null, "shop": "supermarket", "operator": null, "addr:street": null, "addr:housenumber": null }, "geometry": { "type": "Point", "coordinates": [ 49.9524984, 40.3734203 ] } },
{ "type": "Feature", "properties": { "element": "node", "id": 9993726317, "name": "Bravo", "brand": null, "shop": "supermarket", "operator": null, "addr:street": null, "addr:housenumber": null }, "geometry": { "type": "Point", "coordinates": [ 49.9538079, 40.3736266 ] } },
{ "type": "Feature", "properties": { "element": "node", "id": 9993726517, "name": "Tütün Evi", "brand": null, "shop": "convenience", "operator": null, "addr:street": null, "addr:housenumber": null }, "geometry": { "type": "Point", "coordinates": [ 49.9525308, 40.3741575 ] } },
{ "type": "Feature", "properties": { "element": "node", "id": 9993726617, "name": "Oba Market", "brand": "Oba Market", "shop": "convenience", "operator": null, "addr:street": null, "addr:housenumber": null }, "geometry": { "type": "Point", "coordinates": [ 49.9486197, 40.4016956 ] } },
{ "type": "Feature", "properties": { "element": "node", "id": 10013168942, "name": "Araz", "brand": "Araz", "shop": "supermarket", "operator": null, "addr:street": "Əliyar Əliyev", "addr:housenumber": "57" }, "geometry": { "type": "Point", "coordinates": [ 49.8785716, 40.4029148 ] } },
{ "type": "Feature", "properties": { "element": "node", "id": 10036005417, "name": "Araz", "brand": null, "shop": "supermarket", "operator": null, "addr:street": null, "addr:housenumber": null }, "geometry": { "type": "Point", "coordinates": [ 49.8073276, 40.3386054 ] } },
{ "type": "Feature", "properties": { "element": "node", "id": 10054305295, "name": "Ruzi Market", "brand": null, "shop": "convenience", "operator": null, "addr:street": null, "addr:housenumber": null }, "geometry": { "type": "Point", "coordinates": [ 49.984805, 40.4059497 ] } },
{ "type": "Feature", "properties": { "element": "node", "id": 10054465603, "name": "Nur Market", "brand": null, "shop": "convenience", "operator": null, "addr:street": null, "addr:housenumber": null }, "geometry": { "type": "Point", "coordinates": [ 49.955526, 40.4323255 ] } },
{ "type": "Feature", "properties": { "element": "node", "id": 10065164097, "name": "Oba Market", "brand": null, "shop": "convenience", "operator": null, "addr:street": null, "addr:housenumber": null }, "geometry": { "type": "Point", "coordinates": [ 49.9642673, 40.4139617 ] } },
{ "type": "Feature", "properties": { "element": "node", "id": 10067558569, "name": "Bərəkət Supermarket", "brand": null, "shop": "supermarket", "operator": null, "addr:street": null, "addr:housenumber": null }, "geometry": { "type": "Point", "coordinates": [ 49.9671654, 40.4102142 ] } },
{ "type": "Feature", "properties": { "element": "node", "id": 10078367403, "name": "Araz", "brand": "Araz", "shop": "supermarket", "operator": null, "addr:street": null, "addr:housenumber": null }, "geometry": { "type": "Point", "coordinates": [ 49.9603325, 40.4322796 ] } },
{ "type": "Feature", "properties": { "element": "node", "id": 10078367405, "name": "Məhəllə Market", "brand": null, "shop": "convenience", "operator": null, "addr:street": null, "addr:housenumber": null }, "geometry": { "type": "Point", "coordinates": [ 49.9619948, 40.4297796 ] } },
{ "type": "Feature", "properties": { "element": "node", "id": 10078470990, "name": "Market 57", "brand": null, "shop": "convenience", "operator": null, "addr:street": null, "addr:housenumber": null }, "geometry": { "type": "Point", "coordinates": [ 49.9584644, 40.4283881 ] } },
{ "type": "Feature", "properties": { "element": "node", "id": 10078471001, "name": "Araz Minimarket \\ Bakıxanov 4", "brand": null, "shop": "convenience", "operator": null, "addr:street": null, "addr:housenumber": null }, "geometry": { "type": "Point", "coordinates": [ 49.9622463, 40.4287179 ] } },
{ "type": "Feature", "properties": { "element": "node", "id": 10078471007, "name": "Oba market", "brand": null, "shop": "convenience", "operator": null, "addr:street": null, "addr:housenumber": null }, "geometry": { "type": "Point", "coordinates": [ 49.9643062, 40.4293457 ] } },
{ "type": "Feature", "properties": { "element": "node", "id": 10078471013, "name": "AL Market", "brand": null, "shop": "convenience", "operator": null, "addr:street": null, "addr:housenumber": null }, "geometry": { "type": "Point", "coordinates": [ 49.9626526, 40.4314007 ] } },
{ "type": "Feature", "properties": { "element": "node", "id": 10080611994, "name": "Bravo Superstore \\ 8-ci km.", "brand": null, "shop": "supermarket", "operator": null, "addr:street": null, "addr:housenumber": null }, "geometry": { "type": "Point", "coordinates": [ 49.9541165, 40.412336 ] } },
{ "type": "Feature", "properties": { "element": "node", "id": 10080655783, "name": "Vüqar Market", "brand": null, "shop": "convenience", "operator": null, "addr:street": null, "addr:housenumber": null }, "geometry": { "type": "Point", "coordinates": [ 49.9545953, 40.4207332 ] } },
{ "type": "Feature", "properties": { "element": "node", "id": 10080655903, "name": "İlmart Market", "brand": null, "shop": "convenience", "operator": null, "addr:street": null, "addr:housenumber": null }, "geometry": { "type": "Point", "coordinates": [ 49.9541219, 40.423547 ] } },
{ "type": "Feature", "properties": { "element": "node", "id": 10080655929, "name": "Oba Market", "brand": "Oba Market", "shop": "convenience", "operator": null, "addr:street": null, "addr:housenumber": null }, "geometry": { "type": "Point", "coordinates": [ 49.9611492, 40.4322734 ] } },
{ "type": "Feature", "properties": { "element": "node", "id": 10080658915, "name": "Bazarstore", "brand": null, "shop": "supermarket", "operator": null, "addr:street": "Sakit Qocayev", "addr:housenumber": null }, "geometry": { "type": "Point", "coordinates": [ 49.9691033, 40.411026 ] } },
{ "type": "Feature", "properties": { "element": "node", "id": 10082583800, "name": "Market", "brand": null, "shop": "convenience", "operator": null, "addr:street": null, "addr:housenumber": null }, "geometry": { "type": "Point", "coordinates": [ 49.9574572, 40.4192385 ] } },
{ "type": "Feature", "properties": { "element": "node", "id": 10082583801, "name": "Oba Market", "brand": null, "shop": "convenience", "operator": null, "addr:street": null, "addr:housenumber": null }, "geometry": { "type": "Point", "coordinates": [ 49.95645, 40.4211334 ] } },
{ "type": "Feature", "properties": { "element": "node", "id": 10082656480, "name": "Oba Market", "brand": "Oba Market", "shop": "convenience", "operator": null, "addr:street": null, "addr:housenumber": null }, "geometry": { "type": "Point", "coordinates": [ 49.966802, 40.4209006 ] } },
{ "type": "Feature", "properties": { "element": "node", "id": 10082708039, "name": "Bizim Supermarket", "brand": null, "shop": "supermarket", "operator": null, "addr:street": null, "addr:housenumber": null }, "geometry": { "type": "Point", "coordinates": [ 49.9661261, 40.4154953 ] } },
{ "type": "Feature", "properties": { "element": "node", "id": 10087645488, "name": "Azar", "brand": null, "shop": "supermarket", "operator": null, "addr:street": null, "addr:housenumber": null }, "geometry": { "type": "Point", "coordinates": [ 49.9728048, 40.4040931 ] } },
{ "type": "Feature", "properties": { "element": "node", "id": 10087645495, "name": "AL Market", "brand": null, "shop": "convenience", "operator": null, "addr:street": null, "addr:housenumber": null }, "geometry": { "type": "Point", "coordinates": [ 49.9711525, 40.4069659 ] } },
{ "type": "Feature", "properties": { "element": "node", "id": 10087645507, "name": "Oba Market", "brand": "Oba Market", "shop": "convenience", "operator": null, "addr:street": null, "addr:housenumber": null }, "geometry": { "type": "Point", "coordinates": [ 49.9691255, 40.4100329 ] } },
{ "type": "Feature", "properties": { "element": "node", "id": 10087686901, "name": "Araz Market \\ Qaraçuxur 2", "brand": null, "shop": "supermarket", "operator": null, "addr:street": null, "addr:housenumber": null }, "geometry": { "type": "Point", "coordinates": [ 49.9817419, 40.3929975 ] } },
{ "type": "Feature", "properties": { "element": "node", "id": 10087721554, "name": "Oba Market", "brand": null, "shop": "convenience", "operator": null, "addr:street": null, "addr:housenumber": null }, "geometry": { "type": "Point", "coordinates": [ 49.9722227, 40.3919311 ] } },
{ "type": "Feature", "properties": { "element": "node", "id": 10087721592, "name": "Araz", "brand": null, "shop": "convenience", "operator": null, "addr:street": null, "addr:housenumber": null }, "geometry": { "type": "Point", "coordinates": [ 49.9809185, 40.4018484 ] } },
{ "type": "Feature", "properties": { "element": "node", "id": 10090412461, "name": "Market", "brand": null, "shop": "convenience", "operator": null, "addr:street": null, "addr:housenumber": null }, "geometry": { "type": "Point", "coordinates": [ 49.9802908, 40.3998385 ] } },
{ "type": "Feature", "properties": { "element": "node", "id": 10090412462, "name": "Oba Market", "brand": "Oba Market", "shop": "convenience", "operator": null, "addr:street": null, "addr:housenumber": null }, "geometry": { "type": "Point", "coordinates": [ 49.9814817, 40.4029044 ] } },
{ "type": "Feature", "properties": { "element": "node", "id": 10090412463, "name": null, "brand": null, "shop": "convenience", "operator": null, "addr:street": null, "addr:housenumber": null }, "geometry": { "type": "Point", "coordinates": [ 49.9589941, 40.4333718 ] } },
{ "type": "Feature", "properties": { "element": "node", "id": 10090412466, "name": "Market", "brand": null, "shop": "convenience", "operator": null, "addr:street": null, "addr:housenumber": null }, "geometry": { "type": "Point", "coordinates": [ 49.9651015, 40.4272917 ] } },
{ "type": "Feature", "properties": { "element": "node", "id": 10090412467, "name": "Fidan Market", "brand": null, "shop": "convenience", "operator": null, "addr:street": null, "addr:housenumber": null }, "geometry": { "type": "Point", "coordinates": [ 49.9683295, 40.424228 ] } },
{ "type": "Feature", "properties": { "element": "node", "id": 10090412469, "name": "Araz market", "brand": null, "shop": "convenience", "operator": null, "addr:street": null, "addr:housenumber": null }, "geometry": { "type": "Point", "coordinates": [ 49.9687573, 40.4238216 ] } },
{ "type": "Feature", "properties": { "element": "node", "id": 10090412481, "name": "Əziz Market", "brand": null, "shop": "convenience", "operator": null, "addr:street": null, "addr:housenumber": null }, "geometry": { "type": "Point", "coordinates": [ 49.9611908, 40.4241861 ] } },
{ "type": "Feature", "properties": { "element": "node", "id": 10093258327, "name": "Market", "brand": null, "shop": "convenience", "operator": null, "addr:street": null, "addr:housenumber": null }, "geometry": { "type": "Point", "coordinates": [ 49.9800789, 40.4082985 ] } },
{ "type": "Feature", "properties": { "element": "node", "id": 10093299891, "name": "Dostluq Market 2", "brand": null, "shop": "convenience", "operator": null, "addr:street": null, "addr:housenumber": null }, "geometry": { "type": "Point", "coordinates": [ 49.9726693, 40.4165429 ] } },
{ "type": "Feature", "properties": { "element": "node", "id": 10093299898, "name": "Elvin Market", "brand": null, "shop": "convenience", "operator": null, "addr:street": null, "addr:housenumber": null }, "geometry": { "type": "Point", "coordinates": [ 49.9704713, 40.4159538 ] } },
{ "type": "Feature", "properties": { "element": "node", "id": 10093299899, "name": "Şamil Market", "brand": null, "shop": "convenience", "operator": null, "addr:street": null, "addr:housenumber": null }, "geometry": { "type": "Point", "coordinates": [ 49.9745147, 40.4154034 ] } },
{ "type": "Feature", "properties": { "element": "node", "id": 10093389769, "name": "Yeni Market 2", "brand": null, "shop": "convenience", "operator": null, "addr:street": null, "addr:housenumber": null }, "geometry": { "type": "Point", "coordinates": [ 49.9615878, 40.4056536 ] } },
{ "type": "Feature", "properties": { "element": "node", "id": 10164086418, "name": "Elshan Market", "brand": null, "shop": "convenience", "operator": null, "addr:street": null, "addr:housenumber": null }, "geometry": { "type": "Point", "coordinates": [ 49.9245454, 40.373377 ] } },
{ "type": "Feature", "properties": { "element": "node", "id": 10164086419, "name": "Camal Market", "brand": null, "shop": "convenience", "operator": null, "addr:street": null, "addr:housenumber": null }, "geometry": { "type": "Point", "coordinates": [ 49.9233588, 40.3731654 ] } },
{ "type": "Feature", "properties": { "element": "node", "id": 10181909160, "name": "Bazar Store", "brand": null, "shop": "supermarket", "operator": null, "addr:street": null, "addr:housenumber": null }, "geometry": { "type": "Point", "coordinates": [ 49.8392978, 40.3425128 ] } },
{ "type": "Feature", "properties": { "element": "node", "id": 10276906473, "name": "Araz Market", "brand": null, "shop": "supermarket", "operator": null, "addr:street": "Zığ şosesi", "addr:housenumber": "26" }, "geometry": { "type": "Point", "coordinates": [ 49.9412955, 40.3673724 ] } },
{ "type": "Feature", "properties": { "element": "node", "id": 10276906475, "name": "Real Market", "brand": null, "shop": "convenience", "operator": null, "addr:street": null, "addr:housenumber": null }, "geometry": { "type": "Point", "coordinates": [ 49.9447846, 40.3720236 ] } },
{ "type": "Feature", "properties": { "element": "node", "id": 10295528989, "name": "Dəniz market", "brand": null, "shop": "convenience", "operator": null, "addr:street": "Nazim Hacıyev", "addr:housenumber": "20" }, "geometry": { "type": "Point", "coordinates": [ 49.8754656, 40.4027723 ] } },
{ "type": "Feature", "properties": { "element": "node", "id": 10593534965, "name": null, "brand": "Təbrizdəyik", "shop": "convenience", "operator": null, "addr:street": "Nazim Hacıyev", "addr:housenumber": "20" }, "geometry": { "type": "Point", "coordinates": [ 49.8750012, 40.4025006 ] } },
{ "type": "Feature", "properties": { "element": "node", "id": 10608931721, "name": "Şuşa Market", "brand": null, "shop": "supermarket", "operator": null, "addr:street": "Aşıq Ələsgər küçəsi", "addr:housenumber": "2" }, "geometry": { "type": "Point", "coordinates": [ 49.9481445, 40.378831 ] } },
{ "type": "Feature", "properties": { "element": "node", "id": 10694533480, "name": "Dərya Supermarket", "brand": null, "shop": "supermarket", "operator": null, "addr:street": null, "addr:housenumber": null }, "geometry": { "type": "Point", "coordinates": [ 49.876453, 40.4068255 ] } },
{ "type": "Feature", "properties": { "element": "node", "id": 10773252082, "name": "Bravo", "brand": null, "shop": "supermarket", "operator": null, "addr:street": null, "addr:housenumber": null }, "geometry": { "type": "Point", "coordinates": [ 49.841634, 40.3806945 ] } },
{ "type": "Feature", "properties": { "element": "node", "id": 10773252083, "name": "Bravo", "brand": null, "shop": "supermarket", "operator": null, "addr:street": null, "addr:housenumber": null }, "geometry": { "type": "Point", "coordinates": [ 49.8117971, 40.3793634 ] } },
{ "type": "Feature", "properties": { "element": "node", "id": 10773252086, "name": "Bravo", "brand": null, "shop": "supermarket", "operator": null, "addr:street": null, "addr:housenumber": null }, "geometry": { "type": "Point", "coordinates": [ 49.9533696, 40.3911262 ] } },
{ "type": "Feature", "properties": { "element": "node", "id": 10773252087, "name": "Bravo", "brand": null, "shop": "supermarket", "operator": null, "addr:street": null, "addr:housenumber": null }, "geometry": { "type": "Point", "coordinates": [ 49.8021681, 40.391353 ] } },
{ "type": "Feature", "properties": { "element": "node", "id": 10773252088, "name": "Bravo", "brand": null, "shop": "supermarket", "operator": null, "addr:street": null, "addr:housenumber": null }, "geometry": { "type": "Point", "coordinates": [ 49.8256427, 40.382897 ] } },
{ "type": "Feature", "properties": { "element": "node", "id": 10773252090, "name": "Bravo", "brand": null, "shop": "supermarket", "operator": null, "addr:street": null, "addr:housenumber": null }, "geometry": { "type": "Point", "coordinates": [ 49.8430502, 40.4119521 ] } },
{ "type": "Feature", "properties": { "element": "node", "id": 10773252091, "name": "Bravo", "brand": null, "shop": "supermarket", "operator": null, "addr:street": null, "addr:housenumber": null }, "geometry": { "type": "Point", "coordinates": [ 49.9611286, 40.3925183 ] } },
{ "type": "Feature", "properties": { "element": "node", "id": 10773252092, "name": "Bravo", "brand": null, "shop": "convenience", "operator": null, "addr:street": null, "addr:housenumber": null }, "geometry": { "type": "Point", "coordinates": [ 49.8328832, 40.3727702 ] } },
{ "type": "Feature", "properties": { "element": "node", "id": 10773252093, "name": "Bravo", "brand": null, "shop": "supermarket", "operator": null, "addr:street": null, "addr:housenumber": null }, "geometry": { "type": "Point", "coordinates": [ 49.8427215, 40.3714998 ] } },
{ "type": "Feature", "properties": { "element": "node", "id": 10773252094, "name": "Bravo", "brand": null, "shop": "supermarket", "operator": null, "addr:street": null, "addr:housenumber": null }, "geometry": { "type": "Point", "coordinates": [ 49.8332845, 40.373592 ] } },
{ "type": "Feature", "properties": { "element": "node", "id": 10773252095, "name": "Bravo \\ 20 Yanvar Bakı", "brand": null, "shop": "supermarket", "operator": null, "addr:street": "Moskva prospekti", "addr:housenumber": null }, "geometry": { "type": "Point", "coordinates": [ 49.8108403, 40.4015373 ] } },
{ "type": "Feature", "properties": { "element": "node", "id": 10773252097, "name": "Bravo", "brand": null, "shop": "supermarket", "operator": null, "addr:street": null, "addr:housenumber": null }, "geometry": { "type": "Point", "coordinates": [ 49.8495787, 40.3909914 ] } },
{ "type": "Feature", "properties": { "element": "node", "id": 10773252098, "name": "Bravo", "brand": null, "shop": "supermarket", "operator": null, "addr:street": null, "addr:housenumber": null }, "geometry": { "type": "Point", "coordinates": [ 49.8389599, 40.3442954 ] } },
{ "type": "Feature", "properties": { "element": "node", "id": 10773252099, "name": "Bravo", "brand": null, "shop": "supermarket", "operator": null, "addr:street": null, "addr:housenumber": null }, "geometry": { "type": "Point", "coordinates": [ 49.8489162, 40.384795 ] } },
{ "type": "Feature", "properties": { "element": "node", "id": 10773252100, "name": "Bravo", "brand": null, "shop": "supermarket", "operator": null, "addr:street": null, "addr:housenumber": null }, "geometry": { "type": "Point", "coordinates": [ 49.9500888, 40.4064236 ] } },
{ "type": "Feature", "properties": { "element": "node", "id": 10773252101, "name": "Bravo", "brand": null, "shop": "supermarket", "operator": null, "addr:street": null, "addr:housenumber": null }, "geometry": { "type": "Point", "coordinates": [ 49.8303688, 40.3686059 ] } },
{ "type": "Feature", "properties": { "element": "node", "id": 10773252102, "name": "Bravo \\ Şərifzadə Yasamal", "brand": null, "shop": "supermarket", "operator": null, "addr:street": null, "addr:housenumber": null }, "geometry": { "type": "Point", "coordinates": [ 49.8011247, 40.3984454 ] } },
{ "type": "Feature", "properties": { "element": "node", "id": 10773252103, "name": "Bravo", "brand": null, "shop": "supermarket", "operator": null, "addr:street": null, "addr:housenumber": null }, "geometry": { "type": "Point", "coordinates": [ 49.8045123, 40.3856327 ] } },
{ "type": "Feature", "properties": { "element": "node", "id": 10773289205, "name": "Bravo", "brand": null, "shop": "supermarket", "operator": null, "addr:street": null, "addr:housenumber": null }, "geometry": { "type": "Point", "coordinates": [ 49.857915, 40.3931364 ] } },
{ "type": "Feature", "properties": { "element": "node", "id": 10773289206, "name": "Bravo", "brand": null, "shop": "supermarket", "operator": null, "addr:street": null, "addr:housenumber": null }, "geometry": { "type": "Point", "coordinates": [ 49.8158365, 40.3777236 ] } },
{ "type": "Feature", "properties": { "element": "node", "id": 10773289207, "name": "Bravo", "brand": null, "shop": "supermarket", "operator": null, "addr:street": null, "addr:housenumber": null }, "geometry": { "type": "Point", "coordinates": [ 49.9270946, 40.4149092 ] } },
{ "type": "Feature", "properties": { "element": "node", "id": 10773289208, "name": "Bravo", "brand": null, "shop": "supermarket", "operator": null, "addr:street": null, "addr:housenumber": null }, "geometry": { "type": "Point", "coordinates": [ 49.9505881, 40.4102611 ] } },
{ "type": "Feature", "properties": { "element": "node", "id": 10773289210, "name": "Bravo Express", "brand": null, "shop": "supermarket", "operator": null, "addr:street": "Cavad Xan küçəsi", "addr:housenumber": "4A" }, "geometry": { "type": "Point", "coordinates": [ 49.818202, 40.419745 ] } },
{ "type": "Feature", "properties": { "element": "node", "id": 10773289212, "name": "Bravo \\ Park Yasamal YK", "brand": null, "shop": "supermarket", "operator": null, "addr:street": null, "addr:housenumber": null }, "geometry": { "type": "Point", "coordinates": [ 49.7937272, 40.3763217 ] } },
{ "type": "Feature", "properties": { "element": "node", "id": 10773289213, "name": "Bravo", "brand": null, "shop": "supermarket", "operator": null, "addr:street": null, "addr:housenumber": null }, "geometry": { "type": "Point", "coordinates": [ 49.832713, 40.3507551 ] } },
{ "type": "Feature", "properties": { "element": "node", "id": 10773289214, "name": "Bravo", "brand": null, "shop": "supermarket", "operator": null, "addr:street": null, "addr:housenumber": null }, "geometry": { "type": "Point", "coordinates": [ 49.8122183, 40.3844906 ] } },
{ "type": "Feature", "properties": { "element": "node", "id": 10773289215, "name": "Bravo", "brand": null, "shop": "supermarket", "operator": null, "addr:street": null, "addr:housenumber": null }, "geometry": { "type": "Point", "coordinates": [ 49.8621262, 40.3979654 ] } },
{ "type": "Feature", "properties": { "element": "node", "id": 10773289216, "name": "Bravo", "brand": null, "shop": "supermarket", "operator": "Bravo", "addr:street": null, "addr:housenumber": null }, "geometry": { "type": "Point", "coordinates": [ 49.8452605, 40.3907544 ] } },
{ "type": "Feature", "properties": { "element": "node", "id": 10773289217, "name": "Bravo", "brand": null, "shop": "supermarket", "operator": null, "addr:street": null, "addr:housenumber": null }, "geometry": { "type": "Point", "coordinates": [ 49.9453197, 40.4143317 ] } },
{ "type": "Feature", "properties": { "element": "node", "id": 10773289219, "name": "Bravo", "brand": null, "shop": "supermarket", "operator": null, "addr:street": null, "addr:housenumber": null }, "geometry": { "type": "Point", "coordinates": [ 49.8408571, 40.3957102 ] } },
{ "type": "Feature", "properties": { "element": "node", "id": 10773289220, "name": "Bravo", "brand": null, "shop": "supermarket", "operator": null, "addr:street": null, "addr:housenumber": null }, "geometry": { "type": "Point", "coordinates": [ 49.8366506, 40.4130999 ] } },
{ "type": "Feature", "properties": { "element": "node", "id": 10773289222, "name": "Bravo", "brand": null, "shop": "supermarket", "operator": null, "addr:street": null, "addr:housenumber": null }, "geometry": { "type": "Point", "coordinates": [ 49.8279261, 40.384971 ] } },
{ "type": "Feature", "properties": { "element": "node", "id": 10827741740, "name": "Bizim Market", "brand": null, "shop": "convenience", "operator": null, "addr:street": null, "addr:housenumber": null }, "geometry": { "type": "Point", "coordinates": [ 49.9392155, 40.4267404 ] } },
{ "type": "Feature", "properties": { "element": "node", "id": 10842434630, "name": "Bravo", "brand": null, "shop": "supermarket", "operator": null, "addr:street": "Zərifə Əliyeva küçəsi", "addr:housenumber": null }, "geometry": { "type": "Point", "coordinates": [ 49.8571843, 40.3753262 ] } },
{ "type": "Feature", "properties": { "element": "node", "id": 10842434632, "name": "Bravo", "brand": null, "shop": "supermarket", "operator": null, "addr:street": null, "addr:housenumber": null }, "geometry": { "type": "Point", "coordinates": [ 49.953471, 40.385786 ] } },
{ "type": "Feature", "properties": { "element": "node", "id": 10842434634, "name": "Bravo", "brand": null, "shop": "supermarket", "operator": null, "addr:street": null, "addr:housenumber": null }, "geometry": { "type": "Point", "coordinates": [ 49.9590236, 40.4371976 ] } },
{ "type": "Feature", "properties": { "element": "node", "id": 10882883195, "name": "Bravo", "brand": null, "shop": "supermarket", "operator": null, "addr:street": null, "addr:housenumber": null }, "geometry": { "type": "Point", "coordinates": [ 49.8602379, 40.3914612 ] } },
{ "type": "Feature", "properties": { "element": "node", "id": 10882883196, "name": "Bravo", "brand": null, "shop": "supermarket", "operator": null, "addr:street": null, "addr:housenumber": null }, "geometry": { "type": "Point", "coordinates": [ 49.8651114, 40.4029616 ] } },
{ "type": "Feature", "properties": { "element": "node", "id": 10882883197, "name": "Bravo 8 mkr", "brand": null, "shop": "supermarket", "operator": null, "addr:street": null, "addr:housenumber": null }, "geometry": { "type": "Point", "coordinates": [ 49.842581, 40.4224362 ] } },
{ "type": "Feature", "properties": { "element": "node", "id": 10882883199, "name": "Bravo Supermarket \\ Gəncə Pr.", "brand": null, "shop": "supermarket", "operator": null, "addr:street": null, "addr:housenumber": null }, "geometry": { "type": "Point", "coordinates": [ 49.9616656, 40.3582259 ] } },
{ "type": "Feature", "properties": { "element": "node", "id": 10882883200, "name": "Bravo", "brand": null, "shop": "supermarket", "operator": null, "addr:street": null, "addr:housenumber": null }, "geometry": { "type": "Point", "coordinates": [ 49.8383714, 40.3947747 ] } },
{ "type": "Feature", "properties": { "element": "node", "id": 10882883201, "name": "Bravo Market \\ Xan Şuşinski küç.", "brand": null, "shop": "supermarket", "operator": null, "addr:street": null, "addr:housenumber": null }, "geometry": { "type": "Point", "coordinates": [ 49.8360845, 40.3989459 ] } },
{ "type": "Feature", "properties": { "element": "node", "id": 10882886909, "name": "Bravo", "brand": null, "shop": "supermarket", "operator": null, "addr:street": null, "addr:housenumber": null }, "geometry": { "type": "Point", "coordinates": [ 49.9756103, 40.3857941 ] } },
{ "type": "Feature", "properties": { "element": "node", "id": 10882886910, "name": "Bravo", "brand": null, "shop": "supermarket", "operator": null, "addr:street": null, "addr:housenumber": null }, "geometry": { "type": "Point", "coordinates": [ 49.7950243, 40.3941995 ] } },
{ "type": "Feature", "properties": { "element": "node", "id": 10882886911, "name": "Bravo", "brand": null, "shop": "supermarket", "operator": null, "addr:street": null, "addr:housenumber": null }, "geometry": { "type": "Point", "coordinates": [ 49.829607, 40.3961229 ] } },
{ "type": "Feature", "properties": { "element": "node", "id": 10882886913, "name": "Bravo", "brand": null, "shop": "supermarket", "operator": null, "addr:street": null, "addr:housenumber": null }, "geometry": { "type": "Point", "coordinates": [ 49.8808426, 40.3827867 ] } },
{ "type": "Feature", "properties": { "element": "node", "id": 11001811725, "name": "Bravo", "brand": null, "shop": "supermarket", "operator": null, "addr:street": null, "addr:housenumber": null }, "geometry": { "type": "Point", "coordinates": [ 49.8674932, 40.4033766 ] } },
{ "type": "Feature", "properties": { "element": "node", "id": 11001811726, "name": "Bravo", "brand": null, "shop": "supermarket", "operator": null, "addr:street": null, "addr:housenumber": null }, "geometry": { "type": "Point", "coordinates": [ 49.809485, 40.4216151 ] } },
{ "type": "Feature", "properties": { "element": "node", "id": 11001811727, "name": "Bravo", "brand": null, "shop": "supermarket", "operator": null, "addr:street": null, "addr:housenumber": null }, "geometry": { "type": "Point", "coordinates": [ 49.8702613, 40.3837265 ] } },
{ "type": "Feature", "properties": { "element": "node", "id": 11001811731, "name": "Bravo", "brand": null, "shop": "supermarket", "operator": null, "addr:street": null, "addr:housenumber": null }, "geometry": { "type": "Point", "coordinates": [ 49.8292342, 40.3682685 ] } },
{ "type": "Feature", "properties": { "element": "node", "id": 11001811732, "name": "Bravo", "brand": null, "shop": "supermarket", "operator": null, "addr:street": null, "addr:housenumber": null }, "geometry": { "type": "Point", "coordinates": [ 49.9557673, 40.3877019 ] } },
{ "type": "Feature", "properties": { "element": "node", "id": 11001811733, "name": "Bravo", "brand": null, "shop": "supermarket", "operator": null, "addr:street": null, "addr:housenumber": null }, "geometry": { "type": "Point", "coordinates": [ 49.8048288, 40.378259 ] } },
{ "type": "Feature", "properties": { "element": "node", "id": 11006219689, "name": "Bazar Store", "brand": null, "shop": "supermarket", "operator": null, "addr:street": null, "addr:housenumber": null }, "geometry": { "type": "Point", "coordinates": [ 49.866659, 40.3880802 ] } },
{ "type": "Feature", "properties": { "element": "node", "id": 11007272172, "name": "Bazarstore", "brand": null, "shop": "supermarket", "operator": null, "addr:street": null, "addr:housenumber": null }, "geometry": { "type": "Point", "coordinates": [ 49.8368397, 40.3959388 ] } },
{ "type": "Feature", "properties": { "element": "node", "id": 11008636691, "name": "Kənd Bazarı \\ Nobel \\ 8 Noyabr pr.", "brand": null, "shop": "supermarket", "operator": null, "addr:street": null, "addr:housenumber": null }, "geometry": { "type": "Point", "coordinates": [ 49.9446201, 40.3657683 ] } },
{ "type": "Feature", "properties": { "element": "node", "id": 11013026078, "name": "Peynirci Baba (Azadliq Residence)", "brand": null, "shop": "supermarket", "operator": null, "addr:street": "Azadlıq prospekti", "addr:housenumber": null }, "geometry": { "type": "Point", "coordinates": [ 49.8400005, 40.3951055 ] } },
{ "type": "Feature", "properties": { "element": "node", "id": 11020950551, "name": "Bravo Supermarket \\ Radiozavod Xətai", "brand": null, "shop": "supermarket", "operator": "Azərbaycan Supermarket MMC", "addr:street": "Rahib Məmmədov küç.", "addr:housenumber": null }, "geometry": { "type": "Point", "coordinates": [ 49.9445128, 40.3746239 ] } },
{ "type": "Feature", "properties": { "element": "node", "id": 11020968442, "name": "Mega Store Bizim Market", "brand": null, "shop": "supermarket", "operator": null, "addr:street": null, "addr:housenumber": null }, "geometry": { "type": "Point", "coordinates": [ 49.9447301, 40.372886 ] } },
{ "type": "Feature", "properties": { "element": "node", "id": 11028358296, "name": "Delfin Market", "brand": null, "shop": "convenience", "operator": null, "addr:street": "İmran Qasımov", "addr:housenumber": "2a" }, "geometry": { "type": "Point", "coordinates": [ 49.8352497, 40.3931215 ] } },
{ "type": "Feature", "properties": { "element": "node", "id": 11065539769, "name": "Eliş", "brand": null, "shop": "convenience", "operator": null, "addr:street": "Aşıq Molla Cümə küç.", "addr:housenumber": null }, "geometry": { "type": "Point", "coordinates": [ 49.8579066, 40.4130914 ] } },
{ "type": "Feature", "properties": { "element": "node", "id": 11128271806, "name": null, "brand": null, "shop": "convenience", "operator": null, "addr:street": null, "addr:housenumber": null }, "geometry": { "type": "Point", "coordinates": [ 49.8346427, 40.3671545 ] } },
{ "type": "Feature", "properties": { "element": "node", "id": 11171095355, "name": "Omid", "brand": null, "shop": "supermarket", "operator": "Omid", "addr:street": null, "addr:housenumber": null }, "geometry": { "type": "Point", "coordinates": [ 49.9659072, 40.3928699 ] } },
{ "type": "Feature", "properties": { "element": "node", "id": 11171096132, "name": "Dahua.az (Telcon)", "brand": "Dahua", "shop": "supermarket", "operator": "Telcon", "addr:street": null, "addr:housenumber": null }, "geometry": { "type": "Point", "coordinates": [ 49.8662829, 40.4055002 ] } },
{ "type": "Feature", "properties": { "element": "node", "id": 11172181637, "name": null, "brand": null, "shop": "supermarket", "operator": null, "addr:street": "Rəşid Məmmədov 71", "addr:housenumber": null }, "geometry": { "type": "Point", "coordinates": [ 49.8214572, 40.4099426 ] } },
{ "type": "Feature", "properties": { "element": "node", "id": 11206066099, "name": "AL Market", "brand": null, "shop": "convenience", "operator": null, "addr:street": "25-ci küçə", "addr:housenumber": null }, "geometry": { "type": "Point", "coordinates": [ 49.8047604, 40.3255773 ] } },
{ "type": "Feature", "properties": { "element": "node", "id": 11206066125, "name": "Ayxan Marlet", "brand": null, "shop": "convenience", "operator": null, "addr:street": null, "addr:housenumber": null }, "geometry": { "type": "Point", "coordinates": [ 49.8042038, 40.3236817 ] } },
{ "type": "Feature", "properties": { "element": "node", "id": 11206066136, "name": "Dəyanət Market", "brand": null, "shop": "convenience", "operator": null, "addr:street": null, "addr:housenumber": null }, "geometry": { "type": "Point", "coordinates": [ 49.8111024, 40.3232973 ] } },
{ "type": "Feature", "properties": { "element": "node", "id": 11206071271, "name": "Nail Market", "brand": null, "shop": "convenience", "operator": null, "addr:street": null, "addr:housenumber": null }, "geometry": { "type": "Point", "coordinates": [ 49.8017523, 40.3323077 ] } },
{ "type": "Feature", "properties": { "element": "node", "id": 11206073549, "name": "Market", "brand": null, "shop": "convenience", "operator": null, "addr:street": "19-cu küçə", "addr:housenumber": null }, "geometry": { "type": "Point", "coordinates": [ 49.7992176, 40.3319877 ] } },
{ "type": "Feature", "properties": { "element": "node", "id": 11206094169, "name": "Super Market", "brand": null, "shop": "convenience", "operator": null, "addr:street": "25-ci küçə", "addr:housenumber": null }, "geometry": { "type": "Point", "coordinates": [ 49.8042367, 40.3269193 ] } },
{ "type": "Feature", "properties": { "element": "node", "id": 11206094174, "name": "Palma Market", "brand": null, "shop": "convenience", "operator": null, "addr:street": null, "addr:housenumber": null }, "geometry": { "type": "Point", "coordinates": [ 49.8041649, 40.3274156 ] } },
{ "type": "Feature", "properties": { "element": "node", "id": 11206094176, "name": "İdeal Market", "brand": null, "shop": "convenience", "operator": null, "addr:street": "25-ci küçə", "addr:housenumber": null }, "geometry": { "type": "Point", "coordinates": [ 49.8036218, 40.3300861 ] } },
{ "type": "Feature", "properties": { "element": "node", "id": 11206094182, "name": "Asim Market", "brand": null, "shop": "convenience", "operator": null, "addr:street": null, "addr:housenumber": null }, "geometry": { "type": "Point", "coordinates": [ 49.8065293, 40.3309674 ] } },
{ "type": "Feature", "properties": { "element": "node", "id": 11206115932, "name": "Saf Market", "brand": null, "shop": "convenience", "operator": null, "addr:street": null, "addr:housenumber": null }, "geometry": { "type": "Point", "coordinates": [ 49.8023853, 40.332184 ] } },
{ "type": "Feature", "properties": { "element": "node", "id": 11206115933, "name": "Araz Market", "brand": null, "shop": "convenience", "operator": null, "addr:street": null, "addr:housenumber": null }, "geometry": { "type": "Point", "coordinates": [ 49.8026642, 40.3322228 ] } },
{ "type": "Feature", "properties": { "element": "node", "id": 11208646369, "name": "İlkin Market", "brand": null, "shop": "convenience", "operator": null, "addr:street": null, "addr:housenumber": null }, "geometry": { "type": "Point", "coordinates": [ 49.7971939, 40.3068336 ] } },
{ "type": "Feature", "properties": { "element": "node", "id": 11225440592, "name": "Araz Market", "brand": null, "shop": "convenience", "operator": null, "addr:street": null, "addr:housenumber": null }, "geometry": { "type": "Point", "coordinates": [ 49.9543123, 40.3802726 ] } },
{ "type": "Feature", "properties": { "element": "node", "id": 11225440611, "name": "Bravo \\ 8 noyabr prosp.", "brand": null, "shop": "supermarket", "operator": null, "addr:street": null, "addr:housenumber": null }, "geometry": { "type": "Point", "coordinates": [ 49.9259734, 40.3732242 ] } },
{ "type": "Feature", "properties": { "element": "node", "id": 11291854475, "name": "Laçın Minimarket", "brand": null, "shop": "convenience", "operator": null, "addr:street": null, "addr:housenumber": null }, "geometry": { "type": "Point", "coordinates": [ 49.8775649, 40.3830911 ] } },
{ "type": "Feature", "properties": { "element": "node", "id": 11300013299, "name": "Starmart", "brand": null, "shop": "supermarket", "operator": null, "addr:street": null, "addr:housenumber": null }, "geometry": { "type": "Point", "coordinates": [ 49.8429651, 40.3715537 ] } },
{ "type": "Feature", "properties": { "element": "node", "id": 11425891269, "name": "Araz", "brand": "Araz", "shop": "supermarket", "operator": null, "addr:street": "Abbas Mirzə Şərifzadə küçəsi", "addr:housenumber": "44" }, "geometry": { "type": "Point", "coordinates": [ 49.8052252, 40.3755219 ] } },
{ "type": "Feature", "properties": { "element": "node", "id": 11435133400, "name": null, "brand": null, "shop": "convenience", "operator": null, "addr:street": null, "addr:housenumber": null }, "geometry": { "type": "Point", "coordinates": [ 49.9615435, 40.3834392 ] } },
{ "type": "Feature", "properties": { "element": "node", "id": 11749216369, "name": "Ərzaq məhsulları", "brand": null, "shop": "supermarket", "operator": null, "addr:street": null, "addr:housenumber": null }, "geometry": { "type": "Point", "coordinates": [ 49.8179597, 40.4211513 ] } },
{ "type": "Feature", "properties": { "element": "node", "id": 11751548459, "name": "Ayaz Market", "brand": null, "shop": "convenience", "operator": null, "addr:street": "Mirmahmud Kazımovski küç.", "addr:housenumber": "1" }, "geometry": { "type": "Point", "coordinates": [ 49.8247308, 40.4163364 ] } },
{ "type": "Feature", "properties": { "element": "node", "id": 11751568569, "name": "Oba Market", "brand": "Oba Market", "shop": "convenience", "operator": null, "addr:street": "Mirmahmud Kazımovski küç.", "addr:housenumber": "65e" }, "geometry": { "type": "Point", "coordinates": [ 49.8218356, 40.4176834 ] } },
{ "type": "Feature", "properties": { "element": "node", "id": 11809252076, "name": null, "brand": null, "shop": "convenience", "operator": null, "addr:street": null, "addr:housenumber": null }, "geometry": { "type": "Point", "coordinates": [ 49.850538, 40.377217 ] } },
{ "type": "Feature", "properties": { "element": "node", "id": 11809252077, "name": null, "brand": null, "shop": "supermarket", "operator": null, "addr:street": null, "addr:housenumber": null }, "geometry": { "type": "Point", "coordinates": [ 49.841181, 40.3752034 ] } },
{ "type": "Feature", "properties": { "element": "node", "id": 11813402670, "name": "Star Market", "brand": null, "shop": "supermarket", "operator": null, "addr:street": "Cavad Xan küçəsi", "addr:housenumber": "154B" }, "geometry": { "type": "Point", "coordinates": [ 49.8182624, 40.4191053 ] } },
{ "type": "Feature", "properties": { "element": "node", "id": 11876167315, "name": "Bravo", "brand": null, "shop": "supermarket", "operator": null, "addr:street": null, "addr:housenumber": null }, "geometry": { "type": "Point", "coordinates": [ 49.8164375, 40.3553709 ] } },
{ "type": "Feature", "properties": { "element": "node", "id": 11878621815, "name": "AL Market", "brand": null, "shop": "supermarket", "operator": null, "addr:street": null, "addr:housenumber": null }, "geometry": { "type": "Point", "coordinates": [ 49.8296371, 40.3798936 ] } },
{ "type": "Feature", "properties": { "element": "node", "id": 11878621818, "name": "Market", "brand": null, "shop": "convenience", "operator": null, "addr:street": null, "addr:housenumber": null }, "geometry": { "type": "Point", "coordinates": [ 49.8306674, 40.3809766 ] } },
{ "type": "Feature", "properties": { "element": "node", "id": 11879170201, "name": "Rahat", "brand": null, "shop": "supermarket", "operator": null, "addr:street": null, "addr:housenumber": null }, "geometry": { "type": "Point", "coordinates": [ 49.8333012, 40.3718359 ] } },
{ "type": "Feature", "properties": { "element": "node", "id": 11879170214, "name": "AL Market", "brand": null, "shop": "convenience", "operator": null, "addr:street": null, "addr:housenumber": null }, "geometry": { "type": "Point", "coordinates": [ 49.8327109, 40.3731979 ] } },
{ "type": "Feature", "properties": { "element": "node", "id": 11879472263, "name": "Nur Market", "brand": null, "shop": "convenience", "operator": null, "addr:street": null, "addr:housenumber": null }, "geometry": { "type": "Point", "coordinates": [ 49.8293272, 40.3771847 ] } },
{ "type": "Feature", "properties": { "element": "node", "id": 11881148525, "name": "Təzə Market", "brand": null, "shop": "convenience", "operator": null, "addr:street": null, "addr:housenumber": null }, "geometry": { "type": "Point", "coordinates": [ 49.8384017, 40.3803947 ] } },
{ "type": "Feature", "properties": { "element": "node", "id": 11881172484, "name": "Viola Market", "brand": null, "shop": "convenience", "operator": null, "addr:street": null, "addr:housenumber": null }, "geometry": { "type": "Point", "coordinates": [ 49.8309179, 40.387575 ] } },
{ "type": "Feature", "properties": { "element": "node", "id": 11881172495, "name": "Caspian Market", "brand": null, "shop": "convenience", "operator": null, "addr:street": null, "addr:housenumber": null }, "geometry": { "type": "Point", "coordinates": [ 49.8284212, 40.3848003 ] } },
{ "type": "Feature", "properties": { "element": "node", "id": 11883518326, "name": "Original Market", "brand": null, "shop": "convenience", "operator": null, "addr:street": null, "addr:housenumber": null }, "geometry": { "type": "Point", "coordinates": [ 49.8360267, 40.3755173 ] } },
{ "type": "Feature", "properties": { "element": "node", "id": 11883518342, "name": "Araz", "brand": null, "shop": "convenience", "operator": null, "addr:street": null, "addr:housenumber": null }, "geometry": { "type": "Point", "coordinates": [ 49.8331423, 40.3778255 ] } },
{ "type": "Feature", "properties": { "element": "node", "id": 11883782681, "name": "Bolmart", "brand": null, "shop": "supermarket", "operator": null, "addr:street": null, "addr:housenumber": null }, "geometry": { "type": "Point", "coordinates": [ 49.8102083, 40.3800955 ] } },
{ "type": "Feature", "properties": { "element": "node", "id": 11895494180, "name": null, "brand": null, "shop": "convenience", "operator": null, "addr:street": null, "addr:housenumber": null }, "geometry": { "type": "Point", "coordinates": [ 49.7773522, 40.3125564 ] } },
{ "type": "Feature", "properties": { "element": "node", "id": 11905955282, "name": "Wolt Market", "brand": null, "shop": "supermarket", "operator": null, "addr:street": "Fikrət Əmirov küçəsi", "addr:housenumber": "6" }, "geometry": { "type": "Point", "coordinates": [ 49.8516693, 40.3758363 ] } },
{ "type": "Feature", "properties": { "element": "node", "id": 11968966172, "name": "Bravo", "brand": null, "shop": "supermarket", "operator": null, "addr:street": null, "addr:housenumber": null }, "geometry": { "type": "Point", "coordinates": [ 49.8915064, 40.389366 ] } },
{ "type": "Feature", "properties": { "element": "node", "id": 12076048231, "name": null, "brand": null, "shop": "convenience", "operator": null, "addr:street": null, "addr:housenumber": null }, "geometry": { "type": "Point", "coordinates": [ 49.9497906, 40.3959149 ] } },
{ "type": "Feature", "properties": { "element": "node", "id": 12076048232, "name": null, "brand": null, "shop": "convenience", "operator": null, "addr:street": null, "addr:housenumber": null }, "geometry": { "type": "Point", "coordinates": [ 49.948043, 40.3959862 ] } },
{ "type": "Feature", "properties": { "element": "node", "id": 12097307182, "name": "Ərzaq mağazası", "brand": null, "shop": "convenience", "operator": null, "addr:street": null, "addr:housenumber": null }, "geometry": { "type": "Point", "coordinates": [ 49.8231734, 40.4147655 ] } },
{ "type": "Feature", "properties": { "element": "node", "id": 12146542747, "name": null, "brand": null, "shop": "convenience", "operator": null, "addr:street": null, "addr:housenumber": null }, "geometry": { "type": "Point", "coordinates": [ 49.8303642, 40.3663642 ] } },
{ "type": "Feature", "properties": { "element": "node", "id": 12223107701, "name": "Tamstore 4 mkr.", "brand": null, "shop": "supermarket", "operator": null, "addr:street": null, "addr:housenumber": null }, "geometry": { "type": "Point", "coordinates": [ 49.8124903, 40.4120648 ] } },
{ "type": "Feature", "properties": { "element": "node", "id": 12288489281, "name": "Qazi Market", "brand": null, "shop": "convenience", "operator": null, "addr:street": "Mirmahmud Kazımovski küçəsi", "addr:housenumber": "62" }, "geometry": { "type": "Point", "coordinates": [ 49.8227796, 40.418684 ] } },
{ "type": "Feature", "properties": { "element": "node", "id": 12302010580, "name": "Araz Supermarket \\ Tbilisi prosp.", "brand": null, "shop": "supermarket", "operator": null, "addr:street": null, "addr:housenumber": null }, "geometry": { "type": "Point", "coordinates": [ 49.8141052, 40.3979133 ] } },
{ "type": "Feature", "properties": { "element": "node", "id": 12340055621, "name": "Mega Market", "brand": null, "shop": "convenience", "operator": null, "addr:street": null, "addr:housenumber": null }, "geometry": { "type": "Point", "coordinates": [ 49.8488855, 40.3806638 ] } },
{ "type": "Feature", "properties": { "element": "node", "id": 12344510199, "name": "Bolmart", "brand": null, "shop": "supermarket", "operator": null, "addr:street": null, "addr:housenumber": null }, "geometry": { "type": "Point", "coordinates": [ 49.8506356, 40.3853112 ] } },
{ "type": "Feature", "properties": { "element": "node", "id": 12348016627, "name": null, "brand": null, "shop": "convenience", "operator": null, "addr:street": null, "addr:housenumber": null }, "geometry": { "type": "Point", "coordinates": [ 49.8519678, 40.3834074 ] } },
{ "type": "Feature", "properties": { "element": "node", "id": 12404307964, "name": "Oba Market", "brand": "Oba Market", "shop": "convenience", "operator": null, "addr:street": "İmadəddin Nəsimi küçəsi", "addr:housenumber": null }, "geometry": { "type": "Point", "coordinates": [ 49.9430947, 40.4157911 ] } },
{ "type": "Feature", "properties": { "element": "node", "id": 12531357715, "name": "random 2 magaza", "brand": null, "shop": "convenience", "operator": null, "addr:street": "Məmmədəli Şərifli küç.", "addr:housenumber": "456" }, "geometry": { "type": "Point", "coordinates": [ 49.9294229, 40.4232995 ] } },
{ "type": "Feature", "properties": { "element": "node", "id": 12690829378, "name": null, "brand": null, "shop": "supermarket", "operator": null, "addr:street": null, "addr:housenumber": null }, "geometry": { "type": "Point", "coordinates": [ 49.8542806, 40.4036497 ] } },
{ "type": "Feature", "properties": { "element": "node", "id": 12696729401, "name": "Rəvan market", "brand": null, "shop": "convenience", "operator": null, "addr:street": "İlyas Əfəndiyev küçəsi", "addr:housenumber": "10" }, "geometry": { "type": "Point", "coordinates": [ 49.8328018, 40.3653647 ] } },
{ "type": "Feature", "properties": { "element": "node", "id": 12814634622, "name": "Araz", "brand": "Araz", "shop": "supermarket", "operator": null, "addr:street": null, "addr:housenumber": null }, "geometry": { "type": "Point", "coordinates": [ 49.8415858, 40.3888014 ] } },
{ "type": "Feature", "properties": { "element": "node", "id": 12814634623, "name": "Araz", "brand": "Araz", "shop": "supermarket", "operator": null, "addr:street": null, "addr:housenumber": null }, "geometry": { "type": "Point", "coordinates": [ 49.870449, 40.4088356 ] } },
{ "type": "Feature", "properties": { "element": "node", "id": 12814634629, "name": "Araz", "brand": "Araz", "shop": "supermarket", "operator": null, "addr:street": null, "addr:housenumber": null }, "geometry": { "type": "Point", "coordinates": [ 49.836562, 40.4036785 ] } },
{ "type": "Feature", "properties": { "element": "node", "id": 12814634633, "name": "Araz", "brand": "Araz", "shop": "supermarket", "operator": null, "addr:street": null, "addr:housenumber": null }, "geometry": { "type": "Point", "coordinates": [ 49.8696389, 40.4009722 ] } },
{ "type": "Feature", "properties": { "element": "node", "id": 12814634634, "name": "Araz", "brand": null, "shop": "supermarket", "operator": null, "addr:street": null, "addr:housenumber": null }, "geometry": { "type": "Point", "coordinates": [ 49.963704, 40.3826008 ] } },
{ "type": "Feature", "properties": { "element": "node", "id": 12814634635, "name": "Araz", "brand": null, "shop": "supermarket", "operator": null, "addr:street": null, "addr:housenumber": null }, "geometry": { "type": "Point", "coordinates": [ 49.9690122, 40.3425598 ] } },
{ "type": "Feature", "properties": { "element": "node", "id": 12814634637, "name": "Araz", "brand": null, "shop": "supermarket", "operator": null, "addr:street": null, "addr:housenumber": null }, "geometry": { "type": "Point", "coordinates": [ 49.9705571, 40.3603678 ] } },
{ "type": "Feature", "properties": { "element": "node", "id": 12814634638, "name": "Araz", "brand": null, "shop": "supermarket", "operator": null, "addr:street": null, "addr:housenumber": null }, "geometry": { "type": "Point", "coordinates": [ 49.8062798, 40.4073079 ] } },
{ "type": "Feature", "properties": { "element": "node", "id": 12814634639, "name": "Araz", "brand": "Araz", "shop": "supermarket", "operator": null, "addr:street": null, "addr:housenumber": null }, "geometry": { "type": "Point", "coordinates": [ 49.8367899, 40.3867216 ] } },
{ "type": "Feature", "properties": { "element": "node", "id": 12814634640, "name": "Araz", "brand": "Araz", "shop": "supermarket", "operator": null, "addr:street": null, "addr:housenumber": null }, "geometry": { "type": "Point", "coordinates": [ 49.8726403, 40.3808191 ] } },
{ "type": "Feature", "properties": { "element": "node", "id": 12814634642, "name": "Araz", "brand": null, "shop": "supermarket", "operator": null, "addr:street": null, "addr:housenumber": null }, "geometry": { "type": "Point", "coordinates": [ 49.9722496, 40.4189648 ] } },
{ "type": "Feature", "properties": { "element": "node", "id": 12814634643, "name": "Araz", "brand": null, "shop": "supermarket", "operator": null, "addr:street": null, "addr:housenumber": null }, "geometry": { "type": "Point", "coordinates": [ 49.9506068, 40.4024203 ] } },
{ "type": "Feature", "properties": { "element": "node", "id": 12814634646, "name": "Araz", "brand": null, "shop": "supermarket", "operator": null, "addr:street": null, "addr:housenumber": null }, "geometry": { "type": "Point", "coordinates": [ 49.8131389, 40.4160833 ] } },
{ "type": "Feature", "properties": { "element": "node", "id": 12814634651, "name": "Araz", "brand": "Araz", "shop": "supermarket", "operator": null, "addr:street": null, "addr:housenumber": null }, "geometry": { "type": "Point", "coordinates": [ 49.831911, 40.3730211 ] } },
{ "type": "Feature", "properties": { "element": "node", "id": 12814634653, "name": "Araz", "brand": "Araz", "shop": "supermarket", "operator": null, "addr:street": null, "addr:housenumber": null }, "geometry": { "type": "Point", "coordinates": [ 49.862507, 40.381048 ] } },
{ "type": "Feature", "properties": { "element": "node", "id": 12814634654, "name": "Araz", "brand": null, "shop": "supermarket", "operator": null, "addr:street": null, "addr:housenumber": null }, "geometry": { "type": "Point", "coordinates": [ 49.9671612, 40.3719021 ] } },
{ "type": "Feature", "properties": { "element": "node", "id": 12814634658, "name": "Araz", "brand": "Araz", "shop": "supermarket", "operator": null, "addr:street": null, "addr:housenumber": null }, "geometry": { "type": "Point", "coordinates": [ 49.8355911, 40.3864274 ] } },
{ "type": "Feature", "properties": { "element": "node", "id": 12814634659, "name": "Araz", "brand": "Araz", "shop": "supermarket", "operator": null, "addr:street": null, "addr:housenumber": null }, "geometry": { "type": "Point", "coordinates": [ 49.8184785, 40.4202247 ] } },
{ "type": "Feature", "properties": { "element": "node", "id": 12814634660, "name": "Araz", "brand": null, "shop": "supermarket", "operator": null, "addr:street": null, "addr:housenumber": null }, "geometry": { "type": "Point", "coordinates": [ 49.9532649, 40.3713319 ] } },
{ "type": "Feature", "properties": { "element": "node", "id": 12814634664, "name": "Araz \\ Cəlil Məmmədquluzadə", "brand": null, "shop": "supermarket", "operator": null, "addr:street": null, "addr:housenumber": null }, "geometry": { "type": "Point", "coordinates": [ 49.8274665, 40.3969808 ] } },
{ "type": "Feature", "properties": { "element": "node", "id": 12814634666, "name": "Araz", "brand": null, "shop": "supermarket", "operator": null, "addr:street": null, "addr:housenumber": null }, "geometry": { "type": "Point", "coordinates": [ 49.9498853, 40.4093094 ] } },
{ "type": "Feature", "properties": { "element": "node", "id": 12814634667, "name": "Araz", "brand": null, "shop": "supermarket", "operator": null, "addr:street": null, "addr:housenumber": null }, "geometry": { "type": "Point", "coordinates": [ 49.792858, 40.3898065 ] } },
{ "type": "Feature", "properties": { "element": "node", "id": 12814634668, "name": "Araz", "brand": null, "shop": "supermarket", "operator": null, "addr:street": null, "addr:housenumber": null }, "geometry": { "type": "Point", "coordinates": [ 49.834494, 40.3505895 ] } },
{ "type": "Feature", "properties": { "element": "node", "id": 12814634673, "name": "Araz", "brand": "Araz", "shop": "supermarket", "operator": null, "addr:street": null, "addr:housenumber": null }, "geometry": { "type": "Point", "coordinates": [ 49.8614556, 40.393976 ] } },
{ "type": "Feature", "properties": { "element": "node", "id": 12814634674, "name": "Araz", "brand": "Araz", "shop": "supermarket", "operator": null, "addr:street": null, "addr:housenumber": null }, "geometry": { "type": "Point", "coordinates": [ 49.7961062, 40.3741376 ] } },
{ "type": "Feature", "properties": { "element": "node", "id": 12814634675, "name": "Araz", "brand": "Araz", "shop": "supermarket", "operator": null, "addr:street": null, "addr:housenumber": null }, "geometry": { "type": "Point", "coordinates": [ 49.8600929, 40.4330329 ] } },
{ "type": "Feature", "properties": { "element": "node", "id": 12814634677, "name": "Araz", "brand": null, "shop": "supermarket", "operator": null, "addr:street": null, "addr:housenumber": null }, "geometry": { "type": "Point", "coordinates": [ 49.9613867, 40.3561615 ] } },
{ "type": "Feature", "properties": { "element": "node", "id": 12814634681, "name": "Araz", "brand": "Araz", "shop": "supermarket", "operator": null, "addr:street": null, "addr:housenumber": null }, "geometry": { "type": "Point", "coordinates": [ 49.8779566, 40.3792295 ] } },
{ "type": "Feature", "properties": { "element": "node", "id": 12814634682, "name": "Araz", "brand": null, "shop": "supermarket", "operator": null, "addr:street": null, "addr:housenumber": null }, "geometry": { "type": "Point", "coordinates": [ 49.9779595, 40.3753066 ] } },
{ "type": "Feature", "properties": { "element": "node", "id": 12814634684, "name": "Araz", "brand": null, "shop": "supermarket", "operator": null, "addr:street": null, "addr:housenumber": null }, "geometry": { "type": "Point", "coordinates": [ 49.9536271, 40.3816691 ] } },
{ "type": "Feature", "properties": { "element": "node", "id": 12814634686, "name": "Araz", "brand": "Araz", "shop": "supermarket", "operator": null, "addr:street": "Xəqani Rüstəmov küçəsi", "addr:housenumber": "66A" }, "geometry": { "type": "Point", "coordinates": [ 49.8805721, 40.383715 ] } },
{ "type": "Feature", "properties": { "element": "node", "id": 12814634691, "name": "Araz", "brand": null, "shop": "supermarket", "operator": null, "addr:street": null, "addr:housenumber": null }, "geometry": { "type": "Point", "coordinates": [ 49.95805, 40.3595687 ] } },
{ "type": "Feature", "properties": { "element": "node", "id": 12814634692, "name": "Araz", "brand": null, "shop": "supermarket", "operator": null, "addr:street": null, "addr:housenumber": null }, "geometry": { "type": "Point", "coordinates": [ 49.9455884, 40.4127935 ] } },
{ "type": "Feature", "properties": { "element": "node", "id": 12836725701, "name": "TamStore", "brand": null, "shop": "convenience", "operator": null, "addr:street": null, "addr:housenumber": null }, "geometry": { "type": "Point", "coordinates": [ 49.9597051, 40.3913472 ] } },
{ "type": "Feature", "properties": { "element": "node", "id": 12866945660, "name": "Araz", "brand": "Araz", "shop": "supermarket", "operator": null, "addr:street": null, "addr:housenumber": null }, "geometry": { "type": "Point", "coordinates": [ 49.839482, 40.420402 ] } },
{ "type": "Feature", "properties": { "element": "node", "id": 12866945662, "name": "Araz", "brand": null, "shop": "supermarket", "operator": null, "addr:street": null, "addr:housenumber": null }, "geometry": { "type": "Point", "coordinates": [ 49.965308, 40.4156138 ] } },
{ "type": "Feature", "properties": { "element": "node", "id": 12866945663, "name": "Araz", "brand": null, "shop": "supermarket", "operator": null, "addr:street": null, "addr:housenumber": null }, "geometry": { "type": "Point", "coordinates": [ 49.9581144, 40.4082597 ] } },
{ "type": "Feature", "properties": { "element": "node", "id": 12866945664, "name": "Araz", "brand": "Araz", "shop": "supermarket", "operator": null, "addr:street": null, "addr:housenumber": null }, "geometry": { "type": "Point", "coordinates": [ 49.87785, 40.403918 ] } },
{ "type": "Feature", "properties": { "element": "node", "id": 12866945665, "name": "Araz", "brand": null, "shop": "supermarket", "operator": null, "addr:street": null, "addr:housenumber": null }, "geometry": { "type": "Point", "coordinates": [ 49.8116147, 40.4058435 ] } },
{ "type": "Feature", "properties": { "element": "node", "id": 12866945666, "name": "Araz", "brand": "Araz", "shop": "supermarket", "operator": null, "addr:street": null, "addr:housenumber": null }, "geometry": { "type": "Point", "coordinates": [ 49.8509065, 40.4304176 ] } },
{ "type": "Feature", "properties": { "element": "node", "id": 12866945667, "name": "Araz", "brand": "Araz", "shop": "supermarket", "operator": null, "addr:street": null, "addr:housenumber": null }, "geometry": { "type": "Point", "coordinates": [ 49.852587, 40.428853 ] } },
{ "type": "Feature", "properties": { "element": "node", "id": 12866945668, "name": "Araz", "brand": null, "shop": "supermarket", "operator": null, "addr:street": null, "addr:housenumber": null }, "geometry": { "type": "Point", "coordinates": [ 49.8397216, 40.3979572 ] } },
{ "type": "Feature", "properties": { "element": "node", "id": 12866945670, "name": "Araz", "brand": "Araz", "shop": "supermarket", "operator": null, "addr:street": null, "addr:housenumber": null }, "geometry": { "type": "Point", "coordinates": [ 49.8117033, 40.3759051 ] } },
{ "type": "Feature", "properties": { "element": "node", "id": 12866945672, "name": "Araz", "brand": null, "shop": "supermarket", "operator": null, "addr:street": null, "addr:housenumber": null }, "geometry": { "type": "Point", "coordinates": [ 49.906109, 40.38646 ] } },
{ "type": "Feature", "properties": { "element": "node", "id": 12866945673, "name": "Araz", "brand": "Araz", "shop": "supermarket", "operator": null, "addr:street": null, "addr:housenumber": null }, "geometry": { "type": "Point", "coordinates": [ 49.8687833, 40.4089765 ] } },
{ "type": "Feature", "properties": { "element": "node", "id": 12866945674, "name": "Araz", "brand": "Araz", "shop": "supermarket", "operator": null, "addr:street": null, "addr:housenumber": null }, "geometry": { "type": "Point", "coordinates": [ 49.800416, 40.3752706 ] } },
{ "type": "Feature", "properties": { "element": "node", "id": 12866945678, "name": "Araz", "brand": null, "shop": "supermarket", "operator": null, "addr:street": null, "addr:housenumber": null }, "geometry": { "type": "Point", "coordinates": [ 49.927258, 40.393185 ] } },
{ "type": "Feature", "properties": { "element": "node", "id": 12866945687, "name": "Araz", "brand": null, "shop": "supermarket", "operator": null, "addr:street": null, "addr:housenumber": null }, "geometry": { "type": "Point", "coordinates": [ 49.81011, 40.3438518 ] } },
{ "type": "Feature", "properties": { "element": "node", "id": 12866945691, "name": "Araz", "brand": "Araz", "shop": "supermarket", "operator": null, "addr:street": null, "addr:housenumber": null }, "geometry": { "type": "Point", "coordinates": [ 49.8639796, 40.4013418 ] } },
{ "type": "Feature", "properties": { "element": "node", "id": 12866945692, "name": "Araz", "brand": null, "shop": "supermarket", "operator": null, "addr:street": null, "addr:housenumber": null }, "geometry": { "type": "Point", "coordinates": [ 49.9502901, 40.3623975 ] } },
{ "type": "Feature", "properties": { "element": "node", "id": 12866945693, "name": "Araz", "brand": "Araz", "shop": "supermarket", "operator": null, "addr:street": null, "addr:housenumber": null }, "geometry": { "type": "Point", "coordinates": [ 49.8205599, 40.3702509 ] } },
{ "type": "Feature", "properties": { "element": "node", "id": 12866945696, "name": "Araz Market", "brand": null, "shop": "supermarket", "operator": null, "addr:street": null, "addr:housenumber": null }, "geometry": { "type": "Point", "coordinates": [ 49.9383572, 40.4104735 ] } },
{ "type": "Feature", "properties": { "element": "node", "id": 12866945697, "name": "Araz", "brand": null, "shop": "supermarket", "operator": null, "addr:street": null, "addr:housenumber": null }, "geometry": { "type": "Point", "coordinates": [ 49.9444753, 40.3660861 ] } },
{ "type": "Feature", "properties": { "element": "node", "id": 12866945700, "name": "Araz", "brand": "Araz", "shop": "supermarket", "operator": null, "addr:street": null, "addr:housenumber": null }, "geometry": { "type": "Point", "coordinates": [ 49.8064568, 40.3743296 ] } },
{ "type": "Feature", "properties": { "element": "node", "id": 12866983402, "name": "Araz", "brand": null, "shop": "supermarket", "operator": null, "addr:street": null, "addr:housenumber": null }, "geometry": { "type": "Point", "coordinates": [ 49.8020285, 40.3916083 ] } },
{ "type": "Feature", "properties": { "element": "node", "id": 12866983403, "name": "Araz", "brand": null, "shop": "supermarket", "operator": null, "addr:street": null, "addr:housenumber": null }, "geometry": { "type": "Point", "coordinates": [ 49.8383698, 40.343169 ] } },
{ "type": "Feature", "properties": { "element": "node", "id": 12866983404, "name": "Araz", "brand": "Araz", "shop": "supermarket", "operator": null, "addr:street": null, "addr:housenumber": null }, "geometry": { "type": "Point", "coordinates": [ 49.8782301, 40.3910711 ] } },
{ "type": "Feature", "properties": { "element": "node", "id": 12866983405, "name": "Araz", "brand": null, "shop": "supermarket", "operator": null, "addr:street": null, "addr:housenumber": null }, "geometry": { "type": "Point", "coordinates": [ 49.9648521, 40.3796688 ] } },
{ "type": "Feature", "properties": { "element": "node", "id": 12866983406, "name": "Araz", "brand": null, "shop": "supermarket", "operator": null, "addr:street": null, "addr:housenumber": null }, "geometry": { "type": "Point", "coordinates": [ 49.8345288, 40.398186 ] } },
{ "type": "Feature", "properties": { "element": "node", "id": 12866983407, "name": "Araz", "brand": null, "shop": "supermarket", "operator": null, "addr:street": null, "addr:housenumber": null }, "geometry": { "type": "Point", "coordinates": [ 49.9621618, 40.3692639 ] } },
{ "type": "Feature", "properties": { "element": "node", "id": 12866983409, "name": "Araz", "brand": "Araz", "shop": "supermarket", "operator": null, "addr:street": null, "addr:housenumber": null }, "geometry": { "type": "Point", "coordinates": [ 49.843703, 40.410441 ] } },
{ "type": "Feature", "properties": { "element": "node", "id": 12866983410, "name": "Araz", "brand": null, "shop": "supermarket", "operator": null, "addr:street": null, "addr:housenumber": null }, "geometry": { "type": "Point", "coordinates": [ 49.9470631, 40.3601942 ] } },
{ "type": "Feature", "properties": { "element": "node", "id": 12866983413, "name": "Araz", "brand": "Araz", "shop": "supermarket", "operator": null, "addr:street": null, "addr:housenumber": null }, "geometry": { "type": "Point", "coordinates": [ 49.8759958, 40.394501 ] } },
{ "type": "Feature", "properties": { "element": "node", "id": 12866983414, "name": "Araz", "brand": "Araz", "shop": "supermarket", "operator": null, "addr:street": null, "addr:housenumber": null }, "geometry": { "type": "Point", "coordinates": [ 49.875462, 40.3962495 ] } },
{ "type": "Feature", "properties": { "element": "node", "id": 12866983416, "name": "Araz", "brand": null, "shop": "supermarket", "operator": null, "addr:street": null, "addr:housenumber": null }, "geometry": { "type": "Point", "coordinates": [ 49.9501642, 40.3943498 ] } },
{ "type": "Feature", "properties": { "element": "node", "id": 12866983418, "name": "Araz", "brand": "Araz", "shop": "supermarket", "operator": null, "addr:street": null, "addr:housenumber": null }, "geometry": { "type": "Point", "coordinates": [ 49.83863, 40.4172 ] } },
{ "type": "Feature", "properties": { "element": "node", "id": 12866983419, "name": "Araz", "brand": "Araz", "shop": "supermarket", "operator": null, "addr:street": null, "addr:housenumber": null }, "geometry": { "type": "Point", "coordinates": [ 49.8703953, 40.4004962 ] } },
{ "type": "Feature", "properties": { "element": "node", "id": 12866983420, "name": "Araz", "brand": null, "shop": "supermarket", "operator": null, "addr:street": null, "addr:housenumber": null }, "geometry": { "type": "Point", "coordinates": [ 49.955003, 40.4019628 ] } },
{ "type": "Feature", "properties": { "element": "node", "id": 12866983421, "name": "Araz", "brand": null, "shop": "supermarket", "operator": null, "addr:street": null, "addr:housenumber": null }, "geometry": { "type": "Point", "coordinates": [ 49.8369294, 40.3986967 ] } },
{ "type": "Feature", "properties": { "element": "node", "id": 12866983422, "name": "Araz", "brand": "Araz", "shop": "supermarket", "operator": null, "addr:street": null, "addr:housenumber": null }, "geometry": { "type": "Point", "coordinates": [ 49.857647, 40.38935 ] } },
{ "type": "Feature", "properties": { "element": "node", "id": 12866983423, "name": "Araz", "brand": null, "shop": "supermarket", "operator": null, "addr:street": null, "addr:housenumber": null }, "geometry": { "type": "Point", "coordinates": [ 49.960974, 40.376135 ] } },
{ "type": "Feature", "properties": { "element": "node", "id": 12866983424, "name": "Araz", "brand": "Araz", "shop": "supermarket", "operator": null, "addr:street": null, "addr:housenumber": null }, "geometry": { "type": "Point", "coordinates": [ 49.807798, 40.3780342 ] } },
{ "type": "Feature", "properties": { "element": "node", "id": 12866983426, "name": "Araz", "brand": null, "shop": "supermarket", "operator": null, "addr:street": null, "addr:housenumber": null }, "geometry": { "type": "Point", "coordinates": [ 49.796876, 40.3992318 ] } },
{ "type": "Feature", "properties": { "element": "node", "id": 12866983427, "name": "Araz", "brand": null, "shop": "supermarket", "operator": null, "addr:street": null, "addr:housenumber": null }, "geometry": { "type": "Point", "coordinates": [ 49.982624, 40.386672 ] } },
{ "type": "Feature", "properties": { "element": "node", "id": 12866983432, "name": "Araz", "brand": "Araz", "shop": "supermarket", "operator": null, "addr:street": null, "addr:housenumber": null }, "geometry": { "type": "Point", "coordinates": [ 49.8066795, 40.3817304 ] } },
{ "type": "Feature", "properties": { "element": "node", "id": 12866983433, "name": "Araz", "brand": null, "shop": "supermarket", "operator": null, "addr:street": null, "addr:housenumber": null }, "geometry": { "type": "Point", "coordinates": [ 49.8094662, 40.4201574 ] } },
{ "type": "Feature", "properties": { "element": "node", "id": 13234013301, "name": null, "brand": null, "shop": "supermarket", "operator": null, "addr:street": null, "addr:housenumber": "Araz gunesli 3" }, "geometry": { "type": "Point", "coordinates": [ 49.9719282, 40.3846455 ] } },
{ "type": "Feature", "properties": { "element": "node", "id": 13336013940, "name": "Araz", "brand": null, "shop": "supermarket", "operator": null, "addr:street": "Yasamal Şərifzadə", "addr:housenumber": null }, "geometry": { "type": "Point", "coordinates": [ 49.8058441, 40.3738169 ] } },
{ "type": "Feature", "properties": { "element": "node", "id": 13336013941, "name": "Araz", "brand": null, "shop": "supermarket", "operator": null, "addr:street": null, "addr:housenumber": null }, "geometry": { "type": "Point", "coordinates": [ 49.8428062, 40.372795 ] } },
{ "type": "Feature", "properties": { "element": "node", "id": 13336013945, "name": "Araz", "brand": null, "shop": "supermarket", "operator": null, "addr:street": null, "addr:housenumber": null }, "geometry": { "type": "Point", "coordinates": [ 49.8748076, 40.3785777 ] } },
{ "type": "Feature", "properties": { "element": "node", "id": 13336013946, "name": "Spar", "brand": null, "shop": "supermarket", "operator": null, "addr:street": null, "addr:housenumber": null }, "geometry": { "type": "Point", "coordinates": [ 49.85207, 40.377731 ] } },
{ "type": "Feature", "properties": { "element": "node", "id": 13336013948, "name": "Araz", "brand": null, "shop": "supermarket", "operator": null, "addr:street": null, "addr:housenumber": null }, "geometry": { "type": "Point", "coordinates": [ 49.9091238, 40.3865255 ] } },
{ "type": "Feature", "properties": { "element": "node", "id": 13336013950, "name": "Araz", "brand": null, "shop": "supermarket", "operator": null, "addr:street": null, "addr:housenumber": null }, "geometry": { "type": "Point", "coordinates": [ 49.8011756, 40.3985578 ] } },
{ "type": "Feature", "properties": { "element": "node", "id": 13336013952, "name": "Araz", "brand": null, "shop": "supermarket", "operator": null, "addr:street": null, "addr:housenumber": null }, "geometry": { "type": "Point", "coordinates": [ 49.8184088, 40.3623073 ] } },
{ "type": "Feature", "properties": { "element": "node", "id": 13336013959, "name": "Araz", "brand": null, "shop": "supermarket", "operator": null, "addr:street": null, "addr:housenumber": null }, "geometry": { "type": "Point", "coordinates": [ 49.8271769, 40.3195304 ] } },
{ "type": "Feature", "properties": { "element": "node", "id": 13336013962, "name": "Araz", "brand": null, "shop": "supermarket", "operator": null, "addr:street": null, "addr:housenumber": null }, "geometry": { "type": "Point", "coordinates": [ 49.9650639, 40.3848277 ] } },
{ "type": "Feature", "properties": { "element": "node", "id": 13336013963, "name": "Araz", "brand": null, "shop": "supermarket", "operator": null, "addr:street": null, "addr:housenumber": null }, "geometry": { "type": "Point", "coordinates": [ 49.8062477, 40.4169799 ] } },
{ "type": "Feature", "properties": { "element": "node", "id": 13336013968, "name": "Araz", "brand": null, "shop": "supermarket", "operator": null, "addr:street": null, "addr:housenumber": null }, "geometry": { "type": "Point", "coordinates": [ 49.7899291, 40.3866665 ] } },
{ "type": "Feature", "properties": { "element": "node", "id": 13336013969, "name": "Araz", "brand": null, "shop": "supermarket", "operator": null, "addr:street": null, "addr:housenumber": null }, "geometry": { "type": "Point", "coordinates": [ 49.9625614, 40.3663886 ] } },
{ "type": "Feature", "properties": { "element": "node", "id": 13336013973, "name": "Araz", "brand": null, "shop": "supermarket", "operator": null, "addr:street": null, "addr:housenumber": null }, "geometry": { "type": "Point", "coordinates": [ 49.8616621, 40.4024019 ] } },
{ "type": "Feature", "properties": { "element": "node", "id": 13336013974, "name": "Araz", "brand": null, "shop": "supermarket", "operator": null, "addr:street": null, "addr:housenumber": null }, "geometry": { "type": "Point", "coordinates": [ 49.8394802, 40.4136778 ] } },
{ "type": "Feature", "properties": { "element": "node", "id": 13336013976, "name": "Araz", "brand": null, "shop": "supermarket", "operator": null, "addr:street": null, "addr:housenumber": null }, "geometry": { "type": "Point", "coordinates": [ 49.9665526, 40.3834916 ] } },
{ "type": "Feature", "properties": { "element": "node", "id": 13539890058, "name": "Bazarstore", "brand": null, "shop": "supermarket", "operator": null, "addr:street": null, "addr:housenumber": null }, "geometry": { "type": "Point", "coordinates": [ 49.8571453, 40.4244504 ] } },
{ "type": "Feature", "properties": { "element": "node", "id": 13734095527, "name": "Oba market", "brand": null, "shop": "supermarket", "operator": null, "addr:street": null, "addr:housenumber": null }, "geometry": { "type": "Point", "coordinates": [ 49.8052758, 40.379346 ] } },
{ "type": "Feature", "properties": { "element": "node", "id": 13822033532, "name": "Bravo", "brand": null, "shop": "supermarket", "operator": null, "addr:street": null, "addr:housenumber": null }, "geometry": { "type": "Point", "coordinates": [ 49.8470548, 40.4162189 ] } },
{ "type": "Feature", "properties": { "element": "node", "id": 13874002283, "name": "Bravo", "brand": null, "shop": "supermarket", "operator": null, "addr:street": "Hüseyn Seyidzadə küçəsi", "addr:housenumber": "56" }, "geometry": { "type": "Point", "coordinates": [ 49.8190525, 40.4159221 ] } },
{ "type": "Feature", "properties": { "element": "node", "id": 13895457102, "name": "Verduleria", "brand": null, "shop": "convenience", "operator": null, "addr:street": null, "addr:housenumber": null }, "geometry": { "type": "Point", "coordinates": [ 49.8470766, 40.3836473 ] } },
{ "type": "Feature", "properties": { "element": "node", "id": 13947411514, "name": "Topkids Neftçilər", "brand": null, "shop": "supermarket", "operator": "Topkids Neftçilər", "addr:street": "Mehdi Abbasov küçəsi", "addr:housenumber": null }, "geometry": { "type": "Point", "coordinates": [ 49.9390549, 40.4087507 ] } },
{ "type": "Feature", "properties": { "element": "node", "id": 13983712246, "name": "BazarStore", "brand": null, "shop": "supermarket", "operator": null, "addr:street": null, "addr:housenumber": null }, "geometry": { "type": "Point", "coordinates": [ 49.8306861, 40.3979955 ] } },
{ "type": "Feature", "properties": { "element": "node", "id": 14063678409, "name": "Tamstore", "brand": null, "shop": "supermarket", "operator": null, "addr:street": "Mir Cəlal küçəsi", "addr:housenumber": "322" }, "geometry": { "type": "Point", "coordinates": [ 49.8171466, 40.4227744 ] } },
{ "type": "Feature", "properties": { "element": "way", "id": 151332600, "name": "Bazar Store", "brand": null, "shop": "supermarket", "operator": null, "addr:street": null, "addr:housenumber": null }, "geometry": { "type": "Polygon", "coordinates": [ [ [ 49.8499566, 40.3997348 ], [ 49.8500223, 40.3995591 ], [ 49.8500608, 40.3995674 ], [ 49.8501803, 40.3992478 ], [ 49.8505448, 40.3993268 ], [ 49.8503734, 40.3997852 ], [ 49.8503173, 40.399773 ], [ 49.8503035, 40.39981 ], [ 49.8499566, 40.3997348 ] ] ] } },
{ "type": "Feature", "properties": { "element": "way", "id": 157251819, "name": null, "brand": null, "shop": "supermarket", "operator": null, "addr:street": null, "addr:housenumber": null }, "geometry": { "type": "Polygon", "coordinates": [ [ [ 49.8664339, 40.38842 ], [ 49.8665734, 40.3878685 ], [ 49.8670991, 40.387938 ], [ 49.8669918, 40.3883793 ], [ 49.8671071, 40.3883997 ], [ 49.8670776, 40.3885099 ], [ 49.8664339, 40.38842 ] ] ] } },
{ "type": "Feature", "properties": { "element": "way", "id": 239290468, "name": "Bizim Market", "brand": null, "shop": "supermarket", "operator": null, "addr:street": null, "addr:housenumber": null }, "geometry": { "type": "Polygon", "coordinates": [ [ [ 49.9557349, 40.386325 ], [ 49.9558169, 40.386325 ], [ 49.9558168, 40.3863096 ], [ 49.9558798, 40.3863096 ], [ 49.9558794, 40.3860525 ], [ 49.9557774, 40.3860526 ], [ 49.9557769, 40.3857434 ], [ 49.9554654, 40.3857437 ], [ 49.9554659, 40.386061 ], [ 49.955568, 40.3860609 ], [ 49.9555681, 40.3861296 ], [ 49.9556916, 40.3861295 ], [ 49.9556917, 40.38617 ], [ 49.9557346, 40.38617 ], [ 49.9557349, 40.386325 ] ] ] } },
{ "type": "Feature", "properties": { "element": "way", "id": 248963675, "name": null, "brand": null, "shop": "supermarket", "operator": null, "addr:street": null, "addr:housenumber": null }, "geometry": { "type": "Polygon", "coordinates": [ [ [ 49.8767475, 40.406861 ], [ 49.8766707, 40.4066465 ], [ 49.8765728, 40.4066668 ], [ 49.8765885, 40.4067108 ], [ 49.8765034, 40.4067285 ], [ 49.8764179, 40.4064897 ], [ 49.8761225, 40.4065509 ], [ 49.8761936, 40.4067497 ], [ 49.8762873, 40.4067302 ], [ 49.8762746, 40.4066946 ], [ 49.8763546, 40.406678 ], [ 49.8764068, 40.4068239 ], [ 49.8764427, 40.4069242 ], [ 49.8767475, 40.406861 ] ] ] } },
{ "type": "Feature", "properties": { "element": "way", "id": 256541505, "name": "Bizim Market", "brand": null, "shop": "supermarket", "operator": null, "addr:street": "Səttar Bəhlulzadə küç.", "addr:housenumber": "48" }, "geometry": { "type": "Polygon", "coordinates": [ [ [ 49.8430224, 40.4145479 ], [ 49.8435803, 40.4146643 ], [ 49.8438034, 40.4140444 ], [ 49.843344, 40.4139486 ], [ 49.8432455, 40.413928 ], [ 49.8430224, 40.4145479 ] ] ] } },
{ "type": "Feature", "properties": { "element": "way", "id": 286321099, "name": "Fərid Market", "brand": null, "shop": "convenience", "operator": null, "addr:street": null, "addr:housenumber": null }, "geometry": { "type": "Polygon", "coordinates": [ [ [ 49.8063968, 40.4154973 ], [ 49.8063195, 40.4154375 ], [ 49.8063707, 40.4153992 ], [ 49.806448, 40.415459 ], [ 49.8063968, 40.4154973 ] ] ] } },
{ "type": "Feature", "properties": { "element": "way", "id": 286554733, "name": "Bizim Market NZS", "brand": null, "shop": "supermarket", "operator": null, "addr:street": "Babək pr.", "addr:housenumber": "52a" }, "geometry": { "type": "Polygon", "coordinates": [ [ [ 49.918832, 40.3923401 ], [ 49.9188904, 40.3921996 ], [ 49.9189092, 40.3921542 ], [ 49.9190658, 40.392192 ], [ 49.9189886, 40.3923778 ], [ 49.918832, 40.3923401 ] ] ] } },
{ "type": "Feature", "properties": { "element": "way", "id": 288593848, "name": "Bolmart", "brand": null, "shop": "supermarket", "operator": null, "addr:street": "Əsəd Əhmədov küçəsi", "addr:housenumber": "19" }, "geometry": { "type": "Polygon", "coordinates": [ [ [ 49.794404, 40.3944563 ], [ 49.7946429, 40.3944341 ], [ 49.7945951, 40.394025 ], [ 49.7943403, 40.3939711 ], [ 49.794404, 40.3944563 ] ] ] } },
{ "type": "Feature", "properties": { "element": "way", "id": 300179849, "name": "Farid market", "brand": null, "shop": "supermarket", "operator": null, "addr:street": null, "addr:housenumber": null }, "geometry": { "type": "Polygon", "coordinates": [ [ [ 49.8394068, 40.4219565 ], [ 49.8393969, 40.4217708 ], [ 49.8396169, 40.421764 ], [ 49.8396268, 40.4219496 ], [ 49.8394068, 40.4219565 ] ] ] } },
{ "type": "Feature", "properties": { "element": "way", "id": 302396607, "name": null, "brand": null, "shop": "convenience", "operator": null, "addr:street": null, "addr:housenumber": null }, "geometry": { "type": "Polygon", "coordinates": [ [ [ 49.9673846, 40.3799917 ], [ 49.9674758, 40.3799939 ], [ 49.9674782, 40.3799368 ], [ 49.9673871, 40.3799345 ], [ 49.9673846, 40.3799917 ] ] ] } },
{ "type": "Feature", "properties": { "element": "way", "id": 311716064, "name": "Kalva Market", "brand": null, "shop": "convenience", "operator": null, "addr:street": "Mir Cəlal", "addr:housenumber": null }, "geometry": { "type": "Polygon", "coordinates": [ [ [ 49.812647, 40.4199487 ], [ 49.8127532, 40.4200266 ], [ 49.8126673, 40.4200945 ], [ 49.8126341, 40.4200702 ], [ 49.8126558, 40.420053 ], [ 49.8125828, 40.4199995 ], [ 49.812647, 40.4199487 ] ] ] } },
{ "type": "Feature", "properties": { "element": "way", "id": 311805293, "name": null, "brand": null, "shop": "convenience", "operator": null, "addr:street": "Hüseyn Seyidzadə", "addr:housenumber": null }, "geometry": { "type": "Polygon", "coordinates": [ [ [ 49.811679, 40.4179004 ], [ 49.8117221, 40.4179519 ], [ 49.8116751, 40.4179747 ], [ 49.811632, 40.4179233 ], [ 49.811679, 40.4179004 ] ] ] } },
{ "type": "Feature", "properties": { "element": "way", "id": 315851542, "name": null, "brand": null, "shop": "convenience", "operator": null, "addr:street": null, "addr:housenumber": null }, "geometry": { "type": "Polygon", "coordinates": [ [ [ 49.8104408, 40.4122448 ], [ 49.8103711, 40.4123186 ], [ 49.8104153, 40.4123428 ], [ 49.810485, 40.412269 ], [ 49.8104408, 40.4122448 ] ] ] } },
{ "type": "Feature", "properties": { "element": "way", "id": 316741821, "name": "Babək Market", "brand": null, "shop": "convenience", "operator": null, "addr:street": null, "addr:housenumber": null }, "geometry": { "type": "Polygon", "coordinates": [ [ [ 49.9770233, 40.3414974 ], [ 49.9771335, 40.3415004 ], [ 49.9771327, 40.3415232 ], [ 49.9771299, 40.3415806 ], [ 49.9770197, 40.3415776 ], [ 49.9770233, 40.3414974 ] ] ] } },
{ "type": "Feature", "properties": { "element": "way", "id": 316741825, "name": "Zəfər 44 Market", "brand": null, "shop": "supermarket", "operator": null, "addr:street": "Polad Həşimov küç.", "addr:housenumber": "41b" }, "geometry": { "type": "Polygon", "coordinates": [ [ [ 49.9767931, 40.3415975 ], [ 49.9767984, 40.341545 ], [ 49.9768762, 40.3415495 ], [ 49.9768582, 40.3417296 ], [ 49.9767803, 40.3417251 ], [ 49.9767931, 40.3415975 ] ] ] } },
{ "type": "Feature", "properties": { "element": "way", "id": 394887469, "name": "Bazarstore \\ Nargilə Dairəsi", "brand": null, "shop": "supermarket", "operator": null, "addr:street": "Zığ şossesi", "addr:housenumber": null }, "geometry": { "type": "Polygon", "coordinates": [ [ [ 49.9385258, 40.3682032 ], [ 49.9391333, 40.3680379 ], [ 49.9390788, 40.3679205 ], [ 49.9383599, 40.3681152 ], [ 49.9384068, 40.3682043 ], [ 49.9385258, 40.3682032 ] ] ] } },
{ "type": "Feature", "properties": { "element": "way", "id": 403219142, "name": "Grandmart", "brand": null, "shop": "supermarket", "operator": null, "addr:street": "Gülarə Qədirbəyova", "addr:housenumber": "53" }, "geometry": { "type": "Polygon", "coordinates": [ [ [ 49.8622904, 40.393576 ], [ 49.8625531, 40.3937835 ], [ 49.8621602, 40.3940719 ], [ 49.8620468, 40.3939822 ], [ 49.8623094, 40.3937895 ], [ 49.8621602, 40.3936716 ], [ 49.8622904, 40.393576 ] ] ] } },
{ "type": "Feature", "properties": { "element": "way", "id": 409321237, "name": "Araz Supermarket \\ Cavanşir küç.", "brand": null, "shop": "supermarket", "operator": null, "addr:street": "Cavanşir", "addr:housenumber": "30" }, "geometry": { "type": "Polygon", "coordinates": [ [ [ 49.9484251, 40.3650611 ], [ 49.9485355, 40.3650967 ], [ 49.9486343, 40.3651286 ], [ 49.9487148, 40.3649814 ], [ 49.9485216, 40.3648997 ], [ 49.9484251, 40.3650611 ] ] ] } },
{ "type": "Feature", "properties": { "element": "way", "id": 433821036, "name": "Ruslan 93 market, Qara Qarayev mst", "brand": null, "shop": "supermarket", "operator": null, "addr:street": "Əli Vəliyev", "addr:housenumber": null }, "geometry": { "type": "Polygon", "coordinates": [ [ [ 49.924639, 40.4197387 ], [ 49.9246383, 40.4196488 ], [ 49.9250293, 40.4195681 ], [ 49.9250635, 40.4196789 ], [ 49.9249944, 40.4196886 ], [ 49.9250279, 40.41978 ], [ 49.9249937, 40.4197989 ], [ 49.924639, 40.4197387 ] ] ] } },
{ "type": "Feature", "properties": { "element": "way", "id": 435811495, "name": "Neptun Supermarket Qızıl Gül", "brand": null, "shop": "supermarket", "operator": null, "addr:street": null, "addr:housenumber": null }, "geometry": { "type": "Polygon", "coordinates": [ [ [ 49.8384457, 40.4187041 ], [ 49.8386009, 40.4187141 ], [ 49.8386168, 40.41857 ], [ 49.8387062, 40.4185757 ], [ 49.8387237, 40.4184166 ], [ 49.8384792, 40.4184009 ], [ 49.8384457, 40.4187041 ] ] ] } },
{ "type": "Feature", "properties": { "element": "way", "id": 439459036, "name": null, "brand": null, "shop": "convenience", "operator": null, "addr:street": null, "addr:housenumber": null }, "geometry": { "type": "Polygon", "coordinates": [ [ [ 49.8389705, 40.4181889 ], [ 49.8390504, 40.4179573 ], [ 49.8391665, 40.4179806 ], [ 49.8390866, 40.4182122 ], [ 49.8389705, 40.4181889 ] ] ] } },
{ "type": "Feature", "properties": { "element": "way", "id": 439460934, "name": null, "brand": null, "shop": "convenience", "operator": null, "addr:street": null, "addr:housenumber": null }, "geometry": { "type": "Polygon", "coordinates": [ [ [ 49.8411393, 40.4203087 ], [ 49.8411352, 40.4202404 ], [ 49.8409609, 40.4202465 ], [ 49.840965, 40.4203148 ], [ 49.8411393, 40.4203087 ] ] ] } },
{ "type": "Feature", "properties": { "element": "way", "id": 504192993, "name": "Bravo Hipermarket Koroğlu", "brand": null, "shop": "supermarket", "operator": "Bravo", "addr:street": "Heydər Əliyev prospekti", "addr:housenumber": "172" }, "geometry": { "type": "Polygon", "coordinates": [ [ [ 49.9143315, 40.4191755 ], [ 49.9135306, 40.4187448 ], [ 49.9133406, 40.418647 ], [ 49.9130311, 40.4184733 ], [ 49.9134422, 40.4181868 ], [ 49.913528, 40.4182399 ], [ 49.9140591, 40.4175456 ], [ 49.9150992, 40.4179982 ], [ 49.914692, 40.4185411 ], [ 49.9146776, 40.4185603 ], [ 49.9146006, 40.4186936 ], [ 49.9144641, 40.4189301 ], [ 49.9145445, 40.4189873 ], [ 49.9143315, 40.4191755 ] ] ] } },
{ "type": "Feature", "properties": { "element": "way", "id": 519307892, "name": "Elşad market, Yeni Yasamal", "brand": null, "shop": "supermarket", "operator": null, "addr:street": "Dadaş Bünyadzadə", "addr:housenumber": null }, "geometry": { "type": "Polygon", "coordinates": [ [ [ 49.7972864, 40.3988858 ], [ 49.7972931, 40.3989481 ], [ 49.7971955, 40.3989551 ], [ 49.7971896, 40.3988932 ], [ 49.7972864, 40.3988858 ] ] ] } },
{ "type": "Feature", "properties": { "element": "way", "id": 519311921, "name": "Elmar market, Yeni Yasamal", "brand": null, "shop": "supermarket", "operator": null, "addr:street": "Dadaş Bünyadzadə", "addr:housenumber": null }, "geometry": { "type": "Polygon", "coordinates": [ [ [ 49.7969141, 40.3988484 ], [ 49.7969208, 40.3989332 ], [ 49.7968578, 40.3989363 ], [ 49.7968513, 40.3988515 ], [ 49.7969141, 40.3988484 ] ] ] } },
{ "type": "Feature", "properties": { "element": "way", "id": 522536334, "name": "Bravo Hipermarket", "brand": null, "shop": "supermarket", "operator": "Azərbaycan Supermarket MMC", "addr:street": "Ramiz Quliyev", "addr:housenumber": null }, "geometry": { "type": "Polygon", "coordinates": [ [ [ 49.9447544, 40.3759825 ], [ 49.9456013, 40.3754885 ], [ 49.9453375, 40.3752261 ], [ 49.9445402, 40.3744329 ], [ 49.9436933, 40.374927 ], [ 49.9447544, 40.3759825 ] ] ] } },
{ "type": "Feature", "properties": { "element": "way", "id": 702361324, "name": "Bravo \\ 20 Yanvar Bakı", "brand": null, "shop": "supermarket", "operator": null, "addr:street": "Moskva prospekti", "addr:housenumber": null }, "geometry": { "type": "Polygon", "coordinates": [ [ [ 49.8104526, 40.4022777 ], [ 49.811798, 40.4019389 ], [ 49.8116778, 40.4016622 ], [ 49.8115273, 40.4013156 ], [ 49.810257, 40.4016354 ], [ 49.8103302, 40.4018041 ], [ 49.8102552, 40.401823 ], [ 49.8104526, 40.4022777 ] ] ] } },
{ "type": "Feature", "properties": { "element": "way", "id": 781137730, "name": null, "brand": null, "shop": "supermarket", "operator": null, "addr:street": null, "addr:housenumber": null }, "geometry": { "type": "Polygon", "coordinates": [ [ [ 49.8734907, 40.3878125 ], [ 49.8741144, 40.3878917 ], [ 49.8744162, 40.38793 ], [ 49.8744656, 40.3879362 ], [ 49.8745517, 40.3875795 ], [ 49.8735672, 40.3874485 ], [ 49.8734907, 40.3878125 ] ] ] } },
{ "type": "Feature", "properties": { "element": "way", "id": 891118995, "name": "Bravo", "brand": null, "shop": "supermarket", "operator": null, "addr:street": null, "addr:housenumber": null }, "geometry": { "type": "Polygon", "coordinates": [ [ [ 49.846319, 40.4202092 ], [ 49.8466223, 40.4203496 ], [ 49.8471281, 40.4196932 ], [ 49.8463068, 40.4196785 ], [ 49.846319, 40.4202092 ] ] ] } },
{ "type": "Feature", "properties": { "element": "way", "id": 1024739090, "name": "Bravo", "brand": null, "shop": "supermarket", "operator": null, "addr:street": "Gəncə prospekti", "addr:housenumber": "36" }, "geometry": { "type": "Polygon", "coordinates": [ [ [ 49.9596846, 40.3659992 ], [ 49.9594284, 40.3659862 ], [ 49.9594348, 40.3659015 ], [ 49.9592083, 40.3658918 ], [ 49.9592209, 40.3657533 ], [ 49.95945, 40.3657653 ], [ 49.9594299, 40.3656478 ], [ 49.9596726, 40.3656227 ], [ 49.9597021, 40.3657776 ], [ 49.9596846, 40.3659992 ] ] ] } },
{ "type": "Feature", "properties": { "element": "way", "id": 1079211736, "name": null, "brand": null, "shop": "supermarket", "operator": null, "addr:street": "Gəncə prospekti", "addr:housenumber": null }, "geometry": { "type": "Polygon", "coordinates": [ [ [ 49.9627362, 40.3619562 ], [ 49.9630073, 40.36197 ], [ 49.9630323, 40.3616846 ], [ 49.9627612, 40.3616709 ], [ 49.9627362, 40.3619562 ] ] ] } },
{ "type": "Feature", "properties": { "element": "way", "id": 1079211836, "name": "Home Market", "brand": null, "shop": "supermarket", "operator": null, "addr:street": "Nəsrəddin Tusi küçəsi", "addr:housenumber": "27" }, "geometry": { "type": "Polygon", "coordinates": [ [ [ 49.9623572, 40.3664635 ], [ 49.9621527, 40.36648 ], [ 49.9621905, 40.3667505 ], [ 49.9623016, 40.3667415 ], [ 49.9623949, 40.3667339 ], [ 49.9623572, 40.3664635 ] ] ] } },
{ "type": "Feature", "properties": { "element": "way", "id": 1079269349, "name": null, "brand": null, "shop": "supermarket", "operator": null, "addr:street": "Nəsrəddin Tusi küçəsi", "addr:housenumber": null }, "geometry": { "type": "Polygon", "coordinates": [ [ [ 49.9608095, 40.3756953 ], [ 49.9609625, 40.3753825 ], [ 49.9607527, 40.3753229 ], [ 49.9607394, 40.3753502 ], [ 49.9606446, 40.3755439 ], [ 49.9605997, 40.3756358 ], [ 49.9608095, 40.3756953 ] ] ] } },
{ "type": "Feature", "properties": { "element": "way", "id": 1107734950, "name": "Bravo", "brand": null, "shop": "supermarket", "operator": null, "addr:street": null, "addr:housenumber": null }, "geometry": { "type": "Polygon", "coordinates": [ [ [ 49.9261691, 40.3733527 ], [ 49.9264647, 40.3731857 ], [ 49.9262916, 40.3728251 ], [ 49.9256962, 40.3728251 ], [ 49.9255534, 40.3733212 ], [ 49.9261691, 40.3733527 ] ] ] } },
{ "type": "Feature", "properties": { "element": "way", "id": 1112138041, "name": "Bolmart", "brand": null, "shop": "supermarket", "operator": null, "addr:street": "Aşıq Molla Cümə küç.", "addr:housenumber": "46C" }, "geometry": { "type": "Polygon", "coordinates": [ [ [ 49.8572412, 40.4109741 ], [ 49.8573535, 40.410796 ], [ 49.857563, 40.4104636 ], [ 49.8577615, 40.4105371 ], [ 49.8574397, 40.4110436 ], [ 49.8572412, 40.4109741 ] ] ] } },
{ "type": "Feature", "properties": { "element": "way", "id": 1537436553, "name": "Təbriz store", "brand": null, "shop": "supermarket", "operator": null, "addr:street": null, "addr:housenumber": null }, "geometry": { "type": "Polygon", "coordinates": [ [ [ 49.9643922, 40.3844589 ], [ 49.9645776, 40.3844517 ], [ 49.9645707, 40.3843811 ], [ 49.964444, 40.3843859 ], [ 49.9644411, 40.384336 ], [ 49.9643827, 40.3843381 ], [ 49.9643922, 40.3844589 ] ] ] } }
]
}
